gene	accession	ref_hits	ref_agree	ref_disagree	ref_unnamed	disagreeing_refs	eggnog_status	eggnog_name	flag
chea	GCF_000012965.1	3	1	1	1	H.pylori:cheay2			
chea	GCF_000021725.1	4	2	1	1	H.pylori:cheay2			
chea	GCF_000024885.1	5	2	1	2	H.pylori:cheay2			
chea	GCF_000147355.1	4	1	1	2	H.pylori:cheay2			
chea	GCF_000155475.1	5	2	1	2	H.pylori:cheay2			
chea	GCF_000162575.1	5	2	1	2	H.pylori:cheay2			
chea	GCF_000183725.1	4	1	1	2	H.pylori:cheay2			
chea	GCF_000196135.1	5	2	1	2	H.pylori:cheay2			
chea	GCF_000200595.1	4	1	1	2	H.pylori:cheay2			
chea	GCF_000242915.1	4	1	1	2	H.pylori:cheay2			
chea	GCF_000254135.1	5	2	1	2	H.pylori:cheay2			
chea	GCF_000259275.1	5	2	1	2	H.pylori:cheay2			
chea	GCF_000265295.1	5	2	1	2	H.pylori:cheay2			
chea	GCF_000445475.1	4	1	1	2	H.pylori:cheay2			
chea	GCF_000507845.1	4	1	1	2	H.pylori:cheay2			
chea	GCF_000518225.1	5	2	1	2	H.pylori:cheay2			
chea	GCF_000568815.1	5	2	1	2	H.pylori:cheay2			
chea	GCF_000597725.1	5	2	1	2	H.pylori:cheay2			
chea	GCF_000686565.1	5	2	1	2	H.pylori:cheay2			
chea	GCF_000687535.1	5	2	1	2	H.pylori:cheay2			
chea	GCF_000736415.1	5	2	1	2	H.pylori:cheay2			
chea	GCF_000762845.2	5	2	1	2	H.pylori:cheay2			
chea	GCF_000762875.2	4	1	1	2	H.pylori:cheay2			
chea	GCF_000763135.2	5	2	1	2	H.pylori:cheay2			
chea	GCF_000765905.2	5	2	1	2	H.pylori:cheay2			
chea	GCF_000813325.1	5	2	1	2	H.pylori:cheay2			
chea	GCF_000816185.1	5	2	1	2	H.pylori:cheay2			
chea	GCF_000816305.1	5	2	1	2	H.pylori:cheay2			
chea	GCF_000816785.1	5	2	1	2	H.pylori:cheay2			
chea	GCF_001282945.1	5	2	1	2	H.pylori:cheay2			
chea	GCF_001283065.1	4	1	1	2	H.pylori:cheay2			
chea	GCF_001298465.1	5	2	1	2	H.pylori:cheay2			
chea	GCF_001457695.1	4	1	1	2	H.pylori:cheay2			
chea	GCF_001602095.1	4	1	1	2	H.pylori:cheay2			
chea	GCF_001687475.2	5	2	1	2	H.pylori:cheay2			
chea	GCF_001693335.1	5	2	1	2	H.pylori:cheay2			
chea	GCF_001723605.1	5	2	1	2	H.pylori:cheay2			
chea	GCF_002021925.1	5	2	1	2	H.pylori:cheay2			
chea	GCF_002080395.1	5	2	1	2	H.pylori:cheay2			
chea	GCF_002104335.1	5	2	1	2	H.pylori:cheay2			
chea	GCF_002139855.1	5	2	1	2	H.pylori:cheay2			
chea	GCF_002139875.1	5	2	1	2	H.pylori:cheay2			
chea	GCF_002139915.1	5	2	1	2	H.pylori:cheay2			
chea	GCF_002139935.1	5	2	1	2	H.pylori:cheay2			
chea	GCF_002238335.1	5	2	1	2	H.pylori:cheay2			
chea	GCF_002335445.1	5	2	1	2	H.pylori:cheay2			
chea	GCF_003245365.1	5	2	1	2	H.pylori:cheay2			
chea	GCF_003364195.1	5	2	1	2	H.pylori:cheay2			
chea	GCF_003364205.1	5	2	1	2	H.pylori:cheay2			
chea	GCF_003364215.1	5	2	1	2	H.pylori:cheay2			
chea	GCF_003364255.1	5	2	1	2	H.pylori:cheay2			
chea	GCF_003364335.1	5	2	1	2	H.pylori:cheay2			
chea	GCF_003660265.1	5	2	1	2	H.pylori:cheay2			
chea	GCF_003670275.1	5	2	1	2	H.pylori:cheay2			
chea	GCF_003752135.1	5	2	1	2	H.pylori:cheay2			
chea	GCF_004323845.1	5	2	1	2	H.pylori:cheay2			
chea	GCF_004803795.1	5	2	1	2	H.pylori:cheay2			
chea	GCF_004803815.1	5	2	1	2	H.pylori:cheay2			
chea	GCF_005217605.1	4	1	1	2	H.pylori:cheay2			
chea	GCF_005406215.1	5	2	1	2	H.pylori:cheay2			
chea	GCF_005406225.1	5	2	1	2	H.pylori:cheay2			
chea	GCF_005843985.1	5	2	1	2	H.pylori:cheay2			
chea	GCF_006864425.1	5	2	1	2	H.pylori:cheay2			
chea	GCF_008245005.1	5	2	1	2	H.pylori:cheay2			
chea	GCF_008245045.1	5	2	1	2	H.pylori:cheay2			
chea	GCF_008693005.1	5	2	1	2	H.pylori:cheay2			
chea	GCF_009068765.1	4	1	1	2	H.pylori:cheay2			
chea	GCF_009192995.1	4	1	1	2	H.pylori:cheay2			
chea	GCF_009258225.1	5	2	1	2	H.pylori:cheay2			
chea	GCF_011769985.2	5	2	1	2	H.pylori:cheay2			
chea	GCF_013177655.1	5	2	1	2	H.pylori:cheay2			
chea	GCF_013201605.1	5	2	1	2	H.pylori:cheay2			
chea	GCF_013372105.1	5	2	1	2	H.pylori:cheay2			
chea	GCF_013372125.1	5	2	1	2	H.pylori:cheay2			
chea	GCF_013372145.1	5	2	1	2	H.pylori:cheay2			
chea	GCF_013372185.1	5	2	1	2	H.pylori:cheay2			
chea	GCF_013372205.1	5	2	1	2	H.pylori:cheay2			
chea	GCF_014253065.1	5	2	1	2	H.pylori:cheay2			
chea	GCF_014905095.1	5	2	1	2	H.pylori:cheay2			
chea	GCF_014905115.1	4	1	1	2	H.pylori:cheay2			
chea	GCF_014905135.1	4	1	1	2	H.pylori:cheay2			
chea	GCF_015265455.1	4	1	1	2	H.pylori:cheay2			
chea	GCF_015265475.1	4	1	1	2	H.pylori:cheay2			
chea	GCF_016593255.1	4	1	1	2	H.pylori:cheay2			
chea	GCF_016806695.1	5	2	1	2	H.pylori:cheay2			
chea	GCF_016937535.1	5	2	1	2	H.pylori:cheay2			
chea	GCF_017357825.1	4	1	1	2	H.pylori:cheay2			
chea	GCF_017979425.1	5	2	1	2	H.pylori:cheay2			
chea	GCF_017979475.1	5	2	1	2	H.pylori:cheay2			
chea	GCF_018145655.1	5	2	1	2	H.pylori:cheay2			
chea	GCF_019711685.1	5	2	1	2	H.pylori:cheay2			
chea	GCF_021300615.1	5	2	1	2	H.pylori:cheay2			
chea	GCF_021300655.1	5	2	1	2	H.pylori:cheay2			
chea	GCF_023646285.1	5	2	1	2	H.pylori:cheay2			
chea	GCF_025770725.1	5	2	1	2	H.pylori:cheay2			
chea	GCF_027859255.1	5	2	1	2	H.pylori:cheay2			
chea	GCF_028649595.1	5	2	1	2	H.pylori:cheay2			
chea	GCF_028751035.1	5	2	1	2	H.pylori:cheay2			
chea	GCF_030249845.1	5	2	1	2	H.pylori:cheay2			
chea	GCF_030296055.1	4	1	1	2	H.pylori:cheay2			
chea	GCF_900115615.1	4	1	1	2	H.pylori:cheay2			
chea	GCF_900461455.1	5	2	1	2	H.pylori:cheay2			
chea	GCF_900475935.1	5	2	1	2	H.pylori:cheay2			
chea	GCF_900476215.1	5	2	1	2	H.pylori:cheay2			
chea	GCF_900478295.1	4	2	0	2				
chea	GCF_900637395.1	5	2	1	2	H.pylori:cheay2			
chea	GCF_905120465.1	5	2	1	2	H.pylori:cheay2			
chea	GCF_905120475.1	5	2	1	2	H.pylori:cheay2			
chev	GCF_000012965.1	4	2	1	1	H.pylori:chev3			
chev	GCF_000021725.1	4	2	1	1	H.pylori:chev3			
chev	GCF_000024885.1	5	2	1	2	H.pylori:chev3			
chev	GCF_000147355.1	5	2	1	2	H.pylori:chev3			
chev	GCF_000155475.1	5	2	1	2	H.pylori:chev3			
chev	GCF_000162575.1	5	2	1	2	H.pylori:chev3			
chev	GCF_000183725.1	5	2	1	2	H.pylori:chev3			
chev	GCF_000196135.1	5	2	1	2	H.pylori:chev3			
chev	GCF_000200595.1	5	2	1	2	H.pylori:chev3			
chev	GCF_000242915.1	5	2	1	2	H.pylori:chev3			
chev	GCF_000254135.1	5	2	1	2	H.pylori:chev3			
chev	GCF_000259275.1	5	2	1	2	H.pylori:chev3			
chev	GCF_000265295.1	5	2	1	2	H.pylori:chev3			
chev	GCF_000445475.1	5	2	1	2	H.pylori:chev3			
chev	GCF_000507845.1	5	2	1	2	H.pylori:chev3			
chev	GCF_000568815.1	5	2	1	2	H.pylori:chev3			
chev	GCF_000597725.1	5	2	1	2	H.pylori:chev3			
chev	GCF_000686565.1	5	2	1	2	H.pylori:chev3			
chev	GCF_000687535.1	5	2	1	2	H.pylori:chev3			
chev	GCF_000736415.1	5	2	1	2	H.pylori:chev3			
chev	GCF_000762845.2	5	2	1	2	H.pylori:chev3			
chev	GCF_000762875.2	5	2	1	2	H.pylori:chev3			
chev	GCF_000763135.2	5	2	1	2	H.pylori:chev3			
chev	GCF_000765805.2	5	2	1	2	H.pylori:chev3			
chev	GCF_000765905.2	5	2	1	2	H.pylori:chev3			
chev	GCF_000813325.1	5	2	1	2	H.pylori:chev3			
chev	GCF_000816185.1	5	2	1	2	H.pylori:chev3			
chev	GCF_000816305.1	5	2	1	2	H.pylori:chev3			
chev	GCF_000816785.1	5	2	1	2	H.pylori:chev3			
chev	GCF_001282945.1	5	2	1	2	H.pylori:chev3			
chev	GCF_001283065.1	5	2	1	2	H.pylori:chev3			
chev	GCF_001298465.1	5	2	1	2	H.pylori:chev3			
chev	GCF_001457695.1	4	1	1	2	H.pylori:chev3			
chev	GCF_001602095.1	5	2	1	2	H.pylori:chev3			
chev	GCF_001687475.2	5	2	1	2	H.pylori:chev3			
chev	GCF_001723605.1	5	2	1	2	H.pylori:chev3			
chev	GCF_002021925.1	5	2	1	2	H.pylori:chev3			
chev	GCF_002080395.1	5	2	1	2	H.pylori:chev3			
chev	GCF_002104335.1	5	2	1	2	H.pylori:chev3			
chev	GCF_002139855.1	5	2	1	2	H.pylori:chev3			
chev	GCF_002139875.1	5	2	1	2	H.pylori:chev3			
chev	GCF_002139915.1	5	2	1	2	H.pylori:chev3			
chev	GCF_002139935.1	5	2	1	2	H.pylori:chev3			
chev	GCF_002238335.1	5	2	1	2	H.pylori:chev3			
chev	GCF_002335445.1	5	2	1	2	H.pylori:chev3			
chev	GCF_003245365.1	5	2	1	2	H.pylori:chev3			
chev	GCF_003364195.1	5	2	1	2	H.pylori:chev3			
chev	GCF_003364255.1	5	2	1	2	H.pylori:chev3			
chev	GCF_003660285.1	5	2	1	2	H.pylori:chev3			
chev	GCF_003660395.1	5	2	1	2	H.pylori:chev3			
chev	GCF_003670275.1	5	2	1	2	H.pylori:chev3			
chev	GCF_003752135.1	5	2	1	2	H.pylori:chev3			
chev	GCF_004323845.1	5	2	1	2	H.pylori:chev3			
chev	GCF_004803795.1	5	2	1	2	H.pylori:chev3			
chev	GCF_004803815.1	5	2	1	2	H.pylori:chev3			
chev	GCF_005217605.1	5	2	1	2	H.pylori:chev3			
chev	GCF_005406215.1	5	2	1	2	H.pylori:chev3			
chev	GCF_005406225.1	5	2	1	2	H.pylori:chev3			
chev	GCF_005843985.1	5	2	1	2	H.pylori:chev3			
chev	GCF_006864425.1	5	2	1	2	H.pylori:chev3			
chev	GCF_008245005.1	5	2	1	2	H.pylori:chev3			
chev	GCF_008245045.1	5	2	1	2	H.pylori:chev3			
chev	GCF_008693005.1	5	2	1	2	H.pylori:chev3			
chev	GCF_009068765.1	5	2	1	2	H.pylori:chev3			
chev	GCF_009192995.1	5	2	1	2	H.pylori:chev3			
chev	GCF_009258225.1	5	2	1	2	H.pylori:chev3			
chev	GCF_011769985.2	5	2	1	2	H.pylori:chev3			
chev	GCF_013177655.1	5	2	1	2	H.pylori:chev3			
chev	GCF_013201605.1	5	2	1	2	H.pylori:chev3			
chev	GCF_013372105.1	5	2	1	2	H.pylori:chev3			
chev	GCF_013372125.1	5	2	1	2	H.pylori:chev3			
chev	GCF_013372145.1	5	2	1	2	H.pylori:chev3			
chev	GCF_013372185.1	5	2	1	2	H.pylori:chev3			
chev	GCF_013372205.1	5	2	1	2	H.pylori:chev3			
chev	GCF_014253065.1	5	2	1	2	H.pylori:chev3			
chev	GCF_014466985.1	5	2	1	2	H.pylori:chev3			
chev	GCF_014905095.1	5	2	1	2	H.pylori:chev3			
chev	GCF_014905115.1	5	2	1	2	H.pylori:chev3			
chev	GCF_014905135.1	5	2	1	2	H.pylori:chev3			
chev	GCF_015265455.1	5	2	1	2	H.pylori:chev3			
chev	GCF_015265475.1	5	2	1	2	H.pylori:chev3			
chev	GCF_016593255.1	5	2	1	2	H.pylori:chev3			
chev	GCF_016806695.1	5	2	1	2	H.pylori:chev3			
chev	GCF_016937535.1	5	2	1	2	H.pylori:chev3			
chev	GCF_017357825.1	5	2	1	2	H.pylori:chev3			
chev	GCF_017979425.1	5	2	1	2	H.pylori:chev3			
chev	GCF_017979475.1	5	2	1	2	H.pylori:chev3			
chev	GCF_018145655.1	5	2	1	2	H.pylori:chev3			
chev	GCF_019711685.1	5	2	1	2	H.pylori:chev3			
chev	GCF_023646285.1	5	2	1	2	H.pylori:chev3			
chev	GCF_025770725.1	5	2	1	2	H.pylori:chev3			
chev	GCF_026000295.1	5	2	1	2	H.pylori:chev3			
chev	GCF_027859255.1	5	2	1	2	H.pylori:chev3			
chev	GCF_027943725.1	5	2	1	2	H.pylori:chev3			
chev	GCF_027946175.1	5	2	1	2	H.pylori:chev3			
chev	GCF_028649595.1	5	2	1	2	H.pylori:chev3			
chev	GCF_028751035.1	5	2	1	2	H.pylori:chev3			
chev	GCF_030249845.1	5	2	1	2	H.pylori:chev3			
chev	GCF_030296055.1	5	2	1	2	H.pylori:chev3			
chev	GCF_900115615.1	5	2	1	2	H.pylori:chev3			
chev	GCF_900461455.1	5	2	1	2	H.pylori:chev3			
chev	GCF_900475935.1	5	2	1	2	H.pylori:chev3			
chev	GCF_900478295.1	4	2	0	2				
chev	GCF_900637395.1	5	2	1	2	H.pylori:chev3			
chev	GCF_905120465.1	5	2	1	2	H.pylori:chev3			
chev	GCF_905120475.1	5	2	1	2	H.pylori:chev3			
flag	GCF_000012965.1	2	2	0	0				
flag	GCF_000021725.1	0	0	0	0				
flag	GCF_000024885.1	3	3	0	0				
flag	GCF_000147355.1	3	3	0	0				
flag	GCF_000155475.1	3	3	0	0				
flag	GCF_000162575.1	0	0	0	0				
flag	GCF_000194135.1	3	3	0	0				
flag	GCF_000196135.1	4	4	0	0				
flag	GCF_000200595.1	3	3	0	0				
flag	GCF_000242915.1	3	3	0	0				
flag	GCF_000254135.1	3	3	0	0				
flag	GCF_000259275.1	3	3	0	0				
flag	GCF_000265295.1	3	3	0	0				
flag	GCF_000420385.1	3	3	0	0				
flag	GCF_000445475.1	3	3	0	0				
flag	GCF_000507845.1	3	3	0	0				
flag	GCF_000518225.1	4	4	0	0				
flag	GCF_000568815.1	3	3	0	0				
flag	GCF_000597725.1	3	3	0	0				
flag	GCF_000686565.1	3	3	0	0				
flag	GCF_000687535.1	0	0	0	0				
flag	GCF_000736415.1	3	3	0	0				
flag	GCF_000744435.1	2	2	0	0				
flag	GCF_000762845.2	2	2	0	0				
flag	GCF_000762875.2	0	0	0	0				
flag	GCF_000763135.2	3	3	0	0				
flag	GCF_000765805.2	3	3	0	0				
flag	GCF_000765905.2	3	3	0	0				
flag	GCF_000813325.1	3	3	0	0				
flag	GCF_000816185.1	3	3	0	0				
flag	GCF_000816305.1	3	3	0	0				
flag	GCF_000816785.1	3	3	0	0				
flag	GCF_001282945.1	3	3	0	0				
flag	GCF_001283065.1	3	3	0	0				
flag	GCF_001298465.1	1	1	0	0				
flag	GCF_001457695.1	2	2	0	0				
flag	GCF_001602095.1	3	3	0	0				
flag	GCF_001687475.2	3	3	0	0				
flag	GCF_001693335.1	3	3	0	0				
flag	GCF_001723605.1	3	3	0	0				
flag	GCF_002021925.1	3	3	0	0				
flag	GCF_002080395.1	1	1	0	0				
flag	GCF_002104335.1	2	2	0	0				
flag	GCF_002119425.1	2	2	0	0				
flag	GCF_002139855.1	3	3	0	0				
flag	GCF_002139875.1	3	3	0	0				
flag	GCF_002139915.1	3	3	0	0				
flag	GCF_002139935.1	3	3	0	0				
flag	GCF_002238335.1	3	3	0	0				
flag	GCF_002335445.1	1	1	0	0				
flag	GCF_003245365.1	3	3	0	0				
flag	GCF_003364195.1	2	2	0	0				
flag	GCF_003364205.1	4	4	0	0				
flag	GCF_003364215.1	4	4	0	0				
flag	GCF_003364255.1	3	3	0	0				
flag	GCF_003364335.1	3	3	0	0				
flag	GCF_003660265.1	4	4	0	0				
flag	GCF_003660285.1	2	2	0	0				
flag	GCF_003660395.1	2	2	0	0				
flag	GCF_003670275.1	3	3	0	0				
flag	GCF_003752135.1	4	4	0	0				
flag	GCF_004323845.1	3	3	0	0				
flag	GCF_004803795.1	3	3	0	0				
flag	GCF_004803815.1	3	3	0	0				
flag	GCF_005217605.1	3	3	0	0				
flag	GCF_005406215.1	3	3	0	0				
flag	GCF_005406225.1	3	3	0	0				
flag	GCF_005843985.1	4	4	0	0				
flag	GCF_006864425.1	0	0	0	0				
flag	GCF_008245005.1	3	3	0	0				
flag	GCF_008245045.1	4	4	0	0				
flag	GCF_008693005.1	3	3	0	0				
flag	GCF_009068765.1	2	2	0	0				
flag	GCF_009192995.1	1	1	0	0				
flag	GCF_009258225.1	3	3	0	0				
flag	GCF_011769985.2	0	0	0	0				
flag	GCF_013177655.1	3	3	0	0				
flag	GCF_013201605.1	0	0	0	0				
flag	GCF_013372105.1	1	1	0	0				
flag	GCF_013372125.1	1	1	0	0				
flag	GCF_013372145.1	0	0	0	0				
flag	GCF_013372185.1	3	3	0	0				
flag	GCF_013372205.1	3	3	0	0				
flag	GCF_014253065.1	3	3	0	0				
flag	GCF_014466985.1	2	2	0	0				
flag	GCF_014905095.1	3	3	0	0				
flag	GCF_014905115.1	2	2	0	0				
flag	GCF_014905135.1	2	2	0	0				
flag	GCF_015100395.1	1	1	0	0				
flag	GCF_015265455.1	3	3	0	0				
flag	GCF_015265475.1	3	3	0	0				
flag	GCF_016593255.1	4	4	0	0				
flag	GCF_016806695.1	3	3	0	0				
flag	GCF_016937535.1	0	0	0	0				
flag	GCF_017357825.1	3	3	0	0				
flag	GCF_017979425.1	3	3	0	0				
flag	GCF_017979475.1	3	3	0	0				
flag	GCF_018145655.1	3	3	0	0				
flag	GCF_019711685.1	0	0	0	0				
flag	GCF_021300615.1	4	4	0	0				
flag	GCF_021300655.1	3	3	0	0				
flag	GCF_023646285.1	0	0	0	0				
flag	GCF_025770725.1	3	3	0	0				
flag	GCF_026000295.1	3	3	0	0				
flag	GCF_027859255.1	4	4	0	0				
flag	GCF_027943725.1	2	2	0	0				
flag	GCF_027946175.1	2	2	0	0				
flag	GCF_028649595.1	2	2	0	0				
flag	GCF_028751035.1	3	3	0	0				
flag	GCF_030249845.1	3	3	0	0				
flag	GCF_030296055.1	0	0	0	0				
flag	GCF_900115615.1	3	3	0	0				
flag	GCF_900461455.1	3	3	0	0				
flag	GCF_900475935.1	3	3	0	0				
flag	GCF_900476215.1	3	3	0	0				
flag	GCF_900478295.1	2	2	0	0				
flag	GCF_900637395.1	3	3	0	0				
flag	GCF_905120465.1	0	0	0	0				
flag	GCF_905120475.1	3	3	0	0				
flga	GCF_000012965.1	2	2	0	0				
flga	GCF_000021725.1	1	1	0	0				
flga	GCF_000024885.1	3	3	0	0				
flga	GCF_000147355.1	3	3	0	0				
flga	GCF_000155475.1	4	4	0	0				
flga	GCF_000162575.1	2	2	0	0				
flga	GCF_000183725.1	3	3	0	0				
flga	GCF_000194135.1	0	0	0	0				
flga	GCF_000196135.1	1	1	0	0				
flga	GCF_000200595.1	3	3	0	0				
flga	GCF_000242915.1	2	2	0	0				
flga	GCF_000254135.1	4	4	0	0				
flga	GCF_000259275.1	4	4	0	0				
flga	GCF_000265295.1	2	2	0	0				
flga	GCF_000420385.1	0	0	0	0				
flga	GCF_000445475.1	3	3	0	0				
flga	GCF_000507845.1	3	3	0	0				
flga	GCF_000518225.1	1	1	0	0				
flga	GCF_000568815.1	2	2	0	0				
flga	GCF_000597725.1	3	3	0	0				
flga	GCF_000686565.1	2	2	0	0				
flga	GCF_000687535.1	2	2	0	0				
flga	GCF_000736415.1	4	4	0	0				
flga	GCF_000744435.1	0	0	0	0				
flga	GCF_000762845.2	2	2	0	0				
flga	GCF_000762875.2	3	3	0	0				
flga	GCF_000763135.2	3	3	0	0				
flga	GCF_000765805.2	1	1	0	0				
flga	GCF_000765905.2	1	1	0	0				
flga	GCF_000813325.1	4	4	0	0				
flga	GCF_000816185.1	4	4	0	0				
flga	GCF_000816305.1	4	4	0	0				
flga	GCF_000816785.1	4	4	0	0				
flga	GCF_001282945.1	2	2	0	0				
flga	GCF_001283065.1	3	3	0	0				
flga	GCF_001298465.1	2	2	0	0				
flga	GCF_001457695.1	2	2	0	0				
flga	GCF_001602095.1	0	0	0	0				
flga	GCF_001687475.2	2	2	0	0				
flga	GCF_001693335.1	1	1	0	0				
flga	GCF_001723605.1	3	3	0	0				
flga	GCF_002021925.1	2	2	0	0				
flga	GCF_002080395.1	4	4	0	0				
flga	GCF_002104335.1	3	3	0	0				
flga	GCF_002119425.1	0	0	0	0				
flga	GCF_002139855.1	2	2	0	0				
flga	GCF_002139875.1	1	1	0	0				
flga	GCF_002139915.1	3	3	0	0				
flga	GCF_002139935.1	1	1	0	0				
flga	GCF_002238335.1	4	4	0	0				
flga	GCF_002335445.1	2	2	0	0				
flga	GCF_003245365.1	3	3	0	0				
flga	GCF_003364195.1	2	2	0	0				
flga	GCF_003364205.1	3	3	0	0				
flga	GCF_003364215.1	2	2	0	0				
flga	GCF_003364255.1	3	3	0	0				
flga	GCF_003364335.1	2	2	0	0				
flga	GCF_003660265.1	2	2	0	0				
flga	GCF_003660285.1	3	3	0	0				
flga	GCF_003660395.1	3	3	0	0				
flga	GCF_003670275.1	4	4	0	0				
flga	GCF_003752135.1	2	2	0	0				
flga	GCF_004323845.1	4	4	0	0				
flga	GCF_004803795.1	3	3	0	0				
flga	GCF_004803815.1	3	3	0	0				
flga	GCF_005217605.1	2	2	0	0				
flga	GCF_005406215.1	4	4	0	0				
flga	GCF_005406225.1	4	4	0	0				
flga	GCF_005843985.1	2	2	0	0				
flga	GCF_006864425.1	3	3	0	0				
flga	GCF_008245005.1	3	3	0	0				
flga	GCF_008245045.1	4	4	0	0				
flga	GCF_008693005.1	1	1	0	0				
flga	GCF_009068765.1	4	4	0	0				
flga	GCF_009192995.1	2	2	0	0				
flga	GCF_009258225.1	2	2	0	0				
flga	GCF_011769985.2	3	3	0	0				
flga	GCF_013177655.1	2	2	0	0				
flga	GCF_013201605.1	4	4	0	0				
flga	GCF_013372105.1	4	4	0	0				
flga	GCF_013372125.1	2	2	0	0				
flga	GCF_013372145.1	4	4	0	0				
flga	GCF_013372185.1	4	4	0	0				
flga	GCF_013372205.1	3	3	0	0				
flga	GCF_014253065.1	2	2	0	0				
flga	GCF_014466985.1	0	0	0	0				
flga	GCF_014905095.1	3	3	0	0				
flga	GCF_014905115.1	3	3	0	0				
flga	GCF_014905135.1	3	3	0	0				
flga	GCF_015100395.1	0	0	0	0				
flga	GCF_015265455.1	3	3	0	0				
flga	GCF_015265475.1	3	3	0	0				
flga	GCF_016593255.1	2	2	0	0				
flga	GCF_016806695.1	4	4	0	0				
flga	GCF_016937535.1	3	3	0	0				
flga	GCF_017357825.1	3	3	0	0				
flga	GCF_017979425.1	3	3	0	0				
flga	GCF_018145655.1	3	3	0	0				
flga	GCF_019711685.1	1	1	0	0				
flga	GCF_021300615.1	3	3	0	0				
flga	GCF_021300655.1	1	1	0	0				
flga	GCF_023646285.1	2	2	0	0				
flga	GCF_025770725.1	3	3	0	0				
flga	GCF_026000295.1	1	0	0	1				
flga	GCF_027859255.1	3	3	0	0				
flga	GCF_027943725.1	0	0	0	0				
flga	GCF_027946175.1	2	2	0	0				
flga	GCF_028649595.1	1	1	0	0				
flga	GCF_028751035.1	2	2	0	0				
flga	GCF_030249845.1	4	4	0	0				
flga	GCF_030296055.1	3	3	0	0				
flga	GCF_900115615.1	4	4	0	0				
flga	GCF_900461455.1	3	3	0	0				
flga	GCF_900475935.1	2	2	0	0				
flga	GCF_900476215.1	2	2	0	0				
flga	GCF_900478295.1	1	1	0	0				
flga	GCF_900637395.1	3	3	0	0				
flga	GCF_905120465.1	3	3	0	0				
flga	GCF_905120475.1	3	3	0	0				
flgb	GCF_000012965.1	4	4	0	0				
flgb	GCF_000021725.1	4	4	0	0				
flgb	GCF_000024885.1	5	5	0	0				
flgb	GCF_000092245.1	5	5	0	0				
flgb	GCF_000147355.1	5	5	0	0				
flgb	GCF_000155475.1	5	5	0	0				
flgb	GCF_000162575.1	5	5	0	0				
flgb	GCF_000183725.1	5	5	0	0				
flgb	GCF_000194135.1	5	5	0	0				
flgb	GCF_000196135.1	5	5	0	0				
flgb	GCF_000200595.1	5	5	0	0				
flgb	GCF_000242915.1	5	5	0	0				
flgb	GCF_000254135.1	5	5	0	0				
flgb	GCF_000259275.1	5	5	0	0				
flgb	GCF_000265295.1	5	5	0	0				
flgb	GCF_000420385.1	5	5	0	0				
flgb	GCF_000445475.1	5	5	0	0				
flgb	GCF_000507845.1	5	5	0	0				
flgb	GCF_000518225.1	5	5	0	0				
flgb	GCF_000568815.1	5	5	0	0				
flgb	GCF_000597725.1	5	5	0	0				
flgb	GCF_000686565.1	5	5	0	0				
flgb	GCF_000687535.1	5	5	0	0				
flgb	GCF_000736415.1	5	5	0	0				
flgb	GCF_000744435.1	5	5	0	0				
flgb	GCF_000762845.2	5	5	0	0				
flgb	GCF_000762875.2	5	5	0	0				
flgb	GCF_000763135.2	5	5	0	0				
flgb	GCF_000765805.2	5	5	0	0				
flgb	GCF_000765905.2	5	5	0	0				
flgb	GCF_000813325.1	5	5	0	0				
flgb	GCF_000816185.1	5	5	0	0				
flgb	GCF_000816305.1	5	5	0	0				
flgb	GCF_000816785.1	5	5	0	0				
flgb	GCF_001282945.1	5	5	0	0				
flgb	GCF_001283065.1	5	5	0	0				
flgb	GCF_001298465.1	5	5	0	0				
flgb	GCF_001457695.1	4	4	0	0				
flgb	GCF_001602095.1	5	5	0	0				
flgb	GCF_001687475.2	5	5	0	0				
flgb	GCF_001693335.1	5	5	0	0				
flgb	GCF_001723605.1	5	5	0	0				
flgb	GCF_001956695.1	5	5	0	0				
flgb	GCF_002021925.1	5	5	0	0				
flgb	GCF_002080395.1	5	5	0	0				
flgb	GCF_002104335.1	5	5	0	0				
flgb	GCF_002119425.1	5	5	0	0				
flgb	GCF_002139855.1	5	5	0	0				
flgb	GCF_002139875.1	5	5	0	0				
flgb	GCF_002139915.1	5	5	0	0				
flgb	GCF_002139935.1	5	5	0	0				
flgb	GCF_002238335.1	5	5	0	0				
flgb	GCF_002335445.1	5	5	0	0				
flgb	GCF_002837275.1	5	5	0	0				
flgb	GCF_003063245.1	5	5	0	0				
flgb	GCF_003063295.1	5	5	0	0				
flgb	GCF_003245365.1	5	5	0	0				
flgb	GCF_003316695.1	5	5	0	0				
flgb	GCF_003346775.1	5	5	0	0				
flgb	GCF_003346815.1	5	5	0	0				
flgb	GCF_003355515.1	5	5	0	0				
flgb	GCF_003364195.1	5	5	0	0				
flgb	GCF_003364205.1	5	5	0	0				
flgb	GCF_003364215.1	5	5	0	0				
flgb	GCF_003364255.1	5	5	0	0				
flgb	GCF_003364335.1	5	5	0	0				
flgb	GCF_003544835.1	5	5	0	0				
flgb	GCF_003544855.1	5	5	0	0				
flgb	GCF_003544935.1	5	5	0	0				
flgb	GCF_003660105.1	5	5	0	0				
flgb	GCF_003660265.1	5	5	0	0				
flgb	GCF_003660285.1	5	5	0	0				
flgb	GCF_003660395.1	5	5	0	0				
flgb	GCF_003667345.1	5	5	0	0				
flgb	GCF_003670275.1	5	5	0	0				
flgb	GCF_003752135.1	5	5	0	0				
flgb	GCF_004214795.1	5	5	0	0				
flgb	GCF_004214815.1	5	5	0	0				
flgb	GCF_004299785.2	5	5	0	0				
flgb	GCF_004323845.1	5	5	0	0				
flgb	GCF_004803795.1	5	5	0	0				
flgb	GCF_004803815.1	5	5	0	0				
flgb	GCF_005217605.1	5	5	0	0				
flgb	GCF_005406215.1	5	5	0	0				
flgb	GCF_005406225.1	5	5	0	0				
flgb	GCF_005843985.1	5	5	0	0				
flgb	GCF_006459125.1	5	5	0	0				
flgb	GCF_006864425.1	5	5	0	0				
flgb	GCF_008245005.1	5	5	0	0				
flgb	GCF_008245045.1	5	5	0	0				
flgb	GCF_008693005.1	5	5	0	0				
flgb	GCF_009068765.1	5	5	0	0				
flgb	GCF_009192995.1	5	5	0	0				
flgb	GCF_009258225.1	5	5	0	0				
flgb	GCF_011769985.2	5	5	0	0				
flgb	GCF_013177635.1	5	5	0	0				
flgb	GCF_013177655.1	5	5	0	0				
flgb	GCF_013201605.1	5	5	0	0				
flgb	GCF_013201625.1	5	5	0	0				
flgb	GCF_013201705.1	5	5	0	0				
flgb	GCF_013201725.1	5	5	0	0				
flgb	GCF_013201825.1	5	5	0	0				
flgb	GCF_013201935.1	5	5	0	0				
flgb	GCF_013283835.1	5	5	0	0				
flgb	GCF_013372105.1	5	5	0	0				
flgb	GCF_013372125.1	5	5	0	0				
flgb	GCF_013372145.1	5	5	0	0				
flgb	GCF_013372185.1	5	5	0	0				
flgb	GCF_013372205.1	5	5	0	0				
flgb	GCF_013372265.1	5	5	0	0				
flgb	GCF_014253065.1	5	5	0	0				
flgb	GCF_014466985.1	4	4	0	0				
flgb	GCF_014905095.1	5	5	0	0				
flgb	GCF_014905115.1	5	5	0	0				
flgb	GCF_014905135.1	5	5	0	0				
flgb	GCF_015100395.1	4	4	0	0				
flgb	GCF_015265455.1	5	5	0	0				
flgb	GCF_015265475.1	5	5	0	0				
flgb	GCF_016106035.1	5	5	0	0				
flgb	GCF_016593255.1	5	5	0	0				
flgb	GCF_016806695.1	5	5	0	0				
flgb	GCF_016937535.1	5	5	0	0				
flgb	GCF_017357825.1	5	5	0	0				
flgb	GCF_017979425.1	5	5	0	0				
flgb	GCF_017979475.1	5	5	0	0				
flgb	GCF_018145655.1	5	5	0	0				
flgb	GCF_019711685.1	5	5	0	0				
flgb	GCF_021300615.1	5	5	0	0				
flgb	GCF_021300655.1	5	5	0	0				
flgb	GCF_023646285.1	5	5	0	0				
flgb	GCF_024267655.1	5	5	0	0				
flgb	GCF_025770725.1	5	5	0	0				
flgb	GCF_026000295.1	5	5	0	0				
flgb	GCF_027859255.1	5	5	0	0				
flgb	GCF_027943725.1	4	4	0	0				
flgb	GCF_027946175.1	4	4	0	0				
flgb	GCF_028649595.1	5	5	0	0				
flgb	GCF_028751035.1	5	5	0	0				
flgb	GCF_030249845.1	5	5	0	0				
flgb	GCF_030296055.1	5	5	0	0				
flgb	GCF_900115615.1	5	5	0	0				
flgb	GCF_900187115.1	4	4	0	0				
flgb	GCF_900461455.1	5	5	0	0				
flgb	GCF_900475935.1	5	5	0	0				
flgb	GCF_900476215.1	5	5	0	0				
flgb	GCF_900478295.1	4	4	0	0				
flgb	GCF_900637395.1	5	5	0	0				
flgb	GCF_905120465.1	5	5	0	0				
flgb	GCF_905120475.1	5	5	0	0				
flgc	GCF_000012965.1	4	4	0	0				
flgc	GCF_000021725.1	4	4	0	0				
flgc	GCF_000024885.1	5	5	0	0				
flgc	GCF_000092245.1	5	5	0	0				
flgc	GCF_000147355.1	5	5	0	0				
flgc	GCF_000155475.1	5	5	0	0				
flgc	GCF_000162575.1	5	5	0	0				
flgc	GCF_000183725.1	5	5	0	0				
flgc	GCF_000194135.1	5	5	0	0				
flgc	GCF_000196135.1	5	5	0	0				
flgc	GCF_000200595.1	5	5	0	0				
flgc	GCF_000242915.1	5	5	0	0				
flgc	GCF_000254135.1	5	5	0	0				
flgc	GCF_000259275.1	5	5	0	0				
flgc	GCF_000265295.1	5	5	0	0				
flgc	GCF_000420385.1	5	5	0	0				
flgc	GCF_000445475.1	5	5	0	0				
flgc	GCF_000507845.1	5	5	0	0				
flgc	GCF_000518225.1	5	5	0	0				
flgc	GCF_000568815.1	5	5	0	0				
flgc	GCF_000597725.1	5	5	0	0				
flgc	GCF_000686565.1	5	5	0	0				
flgc	GCF_000687535.1	5	5	0	0				
flgc	GCF_000736415.1	5	5	0	0				
flgc	GCF_000744435.1	5	5	0	0				
flgc	GCF_000762845.2	5	5	0	0				
flgc	GCF_000762875.2	5	5	0	0				
flgc	GCF_000763135.2	5	5	0	0				
flgc	GCF_000765805.2	5	5	0	0				
flgc	GCF_000765905.2	5	5	0	0				
flgc	GCF_000813325.1	5	5	0	0				
flgc	GCF_000816185.1	5	5	0	0				
flgc	GCF_000816305.1	5	5	0	0				
flgc	GCF_000816785.1	5	5	0	0				
flgc	GCF_001282945.1	5	5	0	0				
flgc	GCF_001283065.1	5	5	0	0				
flgc	GCF_001298465.1	5	5	0	0				
flgc	GCF_001457695.1	4	4	0	0				
flgc	GCF_001602095.1	5	5	0	0				
flgc	GCF_001687475.2	5	5	0	0				
flgc	GCF_001693335.1	5	5	0	0				
flgc	GCF_001723605.1	5	5	0	0				
flgc	GCF_001956695.1	5	5	0	0				
flgc	GCF_002021925.1	5	5	0	0				
flgc	GCF_002080395.1	5	5	0	0				
flgc	GCF_002104335.1	5	5	0	0				
flgc	GCF_002119425.1	5	5	0	0				
flgc	GCF_002139855.1	5	5	0	0				
flgc	GCF_002139875.1	5	5	0	0				
flgc	GCF_002139915.1	5	5	0	0				
flgc	GCF_002139935.1	5	5	0	0				
flgc	GCF_002238335.1	5	5	0	0				
flgc	GCF_002335445.1	5	5	0	0				
flgc	GCF_002837275.1	5	5	0	0				
flgc	GCF_003063245.1	5	5	0	0				
flgc	GCF_003063295.1	5	5	0	0				
flgc	GCF_003245365.1	5	5	0	0				
flgc	GCF_003316695.1	5	5	0	0				
flgc	GCF_003346775.1	5	5	0	0				
flgc	GCF_003346815.1	5	5	0	0				
flgc	GCF_003355515.1	5	5	0	0				
flgc	GCF_003364195.1	5	5	0	0				
flgc	GCF_003364205.1	5	5	0	0				
flgc	GCF_003364215.1	5	5	0	0				
flgc	GCF_003364255.1	5	5	0	0				
flgc	GCF_003364335.1	5	5	0	0				
flgc	GCF_003544835.1	5	5	0	0				
flgc	GCF_003544855.1	5	5	0	0				
flgc	GCF_003544935.1	5	5	0	0				
flgc	GCF_003660105.1	5	5	0	0				
flgc	GCF_003660265.1	5	5	0	0				
flgc	GCF_003660285.1	5	5	0	0				
flgc	GCF_003660395.1	5	5	0	0				
flgc	GCF_003667345.1	5	5	0	0				
flgc	GCF_003670275.1	5	5	0	0				
flgc	GCF_003752135.1	5	5	0	0				
flgc	GCF_004214795.1	5	5	0	0				
flgc	GCF_004214815.1	5	5	0	0				
flgc	GCF_004299785.2	5	5	0	0				
flgc	GCF_004323845.1	5	5	0	0				
flgc	GCF_004803795.1	5	5	0	0				
flgc	GCF_004803815.1	5	5	0	0				
flgc	GCF_005217605.1	5	5	0	0				
flgc	GCF_005406215.1	5	5	0	0				
flgc	GCF_005406225.1	5	5	0	0				
flgc	GCF_005843985.1	5	5	0	0				
flgc	GCF_006459125.1	5	5	0	0				
flgc	GCF_006864425.1	5	5	0	0				
flgc	GCF_008245005.1	5	5	0	0				
flgc	GCF_008245045.1	5	5	0	0				
flgc	GCF_008693005.1	5	5	0	0				
flgc	GCF_009068765.1	5	5	0	0				
flgc	GCF_009192995.1	5	5	0	0				
flgc	GCF_009258225.1	5	5	0	0				
flgc	GCF_011769985.2	5	5	0	0				
flgc	GCF_013177635.1	5	5	0	0				
flgc	GCF_013177655.1	5	5	0	0				
flgc	GCF_013201605.1	5	5	0	0				
flgc	GCF_013201625.1	5	5	0	0				
flgc	GCF_013201705.1	5	5	0	0				
flgc	GCF_013201725.1	5	5	0	0				
flgc	GCF_013201825.1	5	5	0	0				
flgc	GCF_013201935.1	5	5	0	0				
flgc	GCF_013283835.1	5	5	0	0				
flgc	GCF_013372105.1	5	5	0	0				
flgc	GCF_013372125.1	5	5	0	0				
flgc	GCF_013372145.1	5	5	0	0				
flgc	GCF_013372185.1	5	5	0	0				
flgc	GCF_013372205.1	5	5	0	0				
flgc	GCF_013372265.1	5	5	0	0				
flgc	GCF_014253065.1	5	5	0	0				
flgc	GCF_014466985.1	5	5	0	0				
flgc	GCF_014905095.1	5	5	0	0				
flgc	GCF_014905115.1	5	5	0	0				
flgc	GCF_014905135.1	5	5	0	0				
flgc	GCF_015100395.1	5	5	0	0				
flgc	GCF_015265455.1	5	5	0	0				
flgc	GCF_015265475.1	5	5	0	0				
flgc	GCF_016106035.1	5	5	0	0				
flgc	GCF_016593255.1	5	5	0	0				
flgc	GCF_016806695.1	5	5	0	0				
flgc	GCF_016937535.1	5	5	0	0				
flgc	GCF_017357825.1	5	5	0	0				
flgc	GCF_017979425.1	5	5	0	0				
flgc	GCF_017979475.1	5	5	0	0				
flgc	GCF_018145655.1	5	5	0	0				
flgc	GCF_019711685.1	5	5	0	0				
flgc	GCF_021300615.1	5	5	0	0				
flgc	GCF_021300655.1	5	5	0	0				
flgc	GCF_023646285.1	5	5	0	0				
flgc	GCF_024267655.1	5	5	0	0				
flgc	GCF_025770725.1	5	5	0	0				
flgc	GCF_026000295.1	5	5	0	0				
flgc	GCF_027859255.1	5	5	0	0				
flgc	GCF_027943725.1	5	5	0	0				
flgc	GCF_027946175.1	5	5	0	0				
flgc	GCF_028649595.1	5	5	0	0				
flgc	GCF_028751035.1	5	5	0	0				
flgc	GCF_030249845.1	5	5	0	0				
flgc	GCF_030296055.1	5	5	0	0				
flgc	GCF_900115615.1	5	5	0	0				
flgc	GCF_900187115.1	4	4	0	0				
flgc	GCF_900461455.1	5	5	0	0				
flgc	GCF_900475935.1	5	5	0	0				
flgc	GCF_900476215.1	5	5	0	0				
flgc	GCF_900478295.1	4	4	0	0				
flgc	GCF_900637395.1	5	5	0	0				
flgc	GCF_905120465.1	5	5	0	0				
flgc	GCF_905120475.1	5	5	0	0				
flgd	GCF_000012965.1	3	3	0	0				
flgd	GCF_000021725.1	4	4	0	0				
flgd	GCF_000024885.1	4	4	0	0				
flgd	GCF_000092245.1	3	3	0	0				
flgd	GCF_000147355.1	4	4	0	0				
flgd	GCF_000155475.1	4	4	0	0				
flgd	GCF_000162575.1	4	4	0	0				
flgd	GCF_000183725.1	5	5	0	0				
flgd	GCF_000194135.1	4	4	0	0				
flgd	GCF_000196135.1	5	5	0	0				
flgd	GCF_000200595.1	5	5	0	0				
flgd	GCF_000242915.1	4	4	0	0				
flgd	GCF_000254135.1	5	5	0	0				
flgd	GCF_000265295.1	4	4	0	0				
flgd	GCF_000420385.1	4	4	0	0				
flgd	GCF_000445475.1	5	5	0	0				
flgd	GCF_000518225.1	4	4	0	0				
flgd	GCF_000568815.1	4	4	0	0				
flgd	GCF_000597725.1	4	4	0	0				
flgd	GCF_000686565.1	3	3	0	0				
flgd	GCF_000687535.1	4	4	0	0				
flgd	GCF_000736415.1	4	4	0	0				
flgd	GCF_000744435.1	5	5	0	0				
flgd	GCF_000762875.2	2	2	0	0				
flgd	GCF_000763135.2	4	4	0	0				
flgd	GCF_000765805.2	4	4	0	0				
flgd	GCF_000765905.2	2	2	0	0				
flgd	GCF_000813325.1	5	5	0	0				
flgd	GCF_000816185.1	4	4	0	0				
flgd	GCF_000816305.1	4	4	0	0				
flgd	GCF_000816785.1	4	4	0	0				
flgd	GCF_001282945.1	4	4	0	0				
flgd	GCF_001283065.1	4	4	0	0				
flgd	GCF_001298465.1	4	4	0	0				
flgd	GCF_001457695.1	4	4	0	0				
flgd	GCF_001693335.1	4	4	0	0				
flgd	GCF_001723605.1	4	4	0	0				
flgd	GCF_001956695.1	2	2	0	0				
flgd	GCF_002021925.1	4	4	0	0				
flgd	GCF_002080395.1	4	4	0	0				
flgd	GCF_002119425.1	3	3	0	0				
flgd	GCF_002139855.1	4	4	0	0				
flgd	GCF_002139875.1	5	5	0	0				
flgd	GCF_002139915.1	4	4	0	0				
flgd	GCF_002139935.1	4	4	0	0				
flgd	GCF_002238335.1	4	4	0	0				
flgd	GCF_002335445.1	5	5	0	0				
flgd	GCF_002837275.1	2	2	0	0				
flgd	GCF_003063245.1	2	2	0	0				
flgd	GCF_003063295.1	2	2	0	0				
flgd	GCF_003245365.1	4	4	0	0				
flgd	GCF_003316695.1	2	2	0	0				
flgd	GCF_003346775.1	3	3	0	0				
flgd	GCF_003346815.1	1	1	0	0				
flgd	GCF_003355515.1	2	2	0	0				
flgd	GCF_003364195.1	4	4	0	0				
flgd	GCF_003364205.1	4	4	0	0				
flgd	GCF_003364255.1	4	4	0	0				
flgd	GCF_003544835.1	1	1	0	0				
flgd	GCF_003544855.1	1	1	0	0				
flgd	GCF_003544935.1	2	2	0	0				
flgd	GCF_003660105.1	1	1	0	0				
flgd	GCF_003660265.1	5	5	0	0				
flgd	GCF_003660285.1	5	5	0	0				
flgd	GCF_003660395.1	4	4	0	0				
flgd	GCF_003667345.1	1	1	0	0				
flgd	GCF_003670275.1	4	4	0	0				
flgd	GCF_003752135.1	5	5	0	0				
flgd	GCF_004214795.1	1	1	0	0				
flgd	GCF_004214815.1	1	1	0	0				
flgd	GCF_004299785.2	1	1	0	0				
flgd	GCF_004323845.1	4	4	0	0				
flgd	GCF_004803795.1	4	4	0	0				
flgd	GCF_004803815.1	4	4	0	0				
flgd	GCF_005217605.1	4	4	0	0				
flgd	GCF_005406215.1	4	4	0	0				
flgd	GCF_005406225.1	4	4	0	0				
flgd	GCF_005843985.1	5	5	0	0				
flgd	GCF_006459125.1	0	0	0	0				
flgd	GCF_006864425.1	4	4	0	0				
flgd	GCF_008245005.1	4	4	0	0				
flgd	GCF_008245045.1	4	4	0	0				
flgd	GCF_009068765.1	4	4	0	0				
flgd	GCF_009192995.1	4	4	0	0				
flgd	GCF_009258225.1	4	4	0	0				
flgd	GCF_011769985.2	4	4	0	0				
flgd	GCF_013177635.1	2	2	0	0				
flgd	GCF_013177655.1	5	5	0	0				
flgd	GCF_013201605.1	4	4	0	0				
flgd	GCF_013201625.1	1	1	0	0				
flgd	GCF_013201705.1	1	1	0	0				
flgd	GCF_013201725.1	2	2	0	0				
flgd	GCF_013201825.1	0	0	0	0				
flgd	GCF_013201935.1	3	3	0	0				
flgd	GCF_013283835.1	2	2	0	0				
flgd	GCF_013372105.1	4	4	0	0				
flgd	GCF_013372125.1	4	4	0	0				
flgd	GCF_013372145.1	4	4	0	0				
flgd	GCF_013372185.1	4	4	0	0				
flgd	GCF_013372205.1	4	4	0	0				
flgd	GCF_013372265.1	1	1	0	0				
flgd	GCF_014253065.1	4	4	0	0				
flgd	GCF_014466985.1	2	2	0	0				
flgd	GCF_014905095.1	4	4	0	0				
flgd	GCF_014905115.1	4	4	0	0				
flgd	GCF_014905135.1	5	5	0	0				
flgd	GCF_015265455.1	4	4	0	0				
flgd	GCF_015265475.1	4	4	0	0				
flgd	GCF_016106035.1	1	1	0	0				
flgd	GCF_016593255.1	4	4	0	0				
flgd	GCF_016806695.1	4	4	0	0				
flgd	GCF_016937535.1	4	4	0	0				
flgd	GCF_017357825.1	4	4	0	0				
flgd	GCF_017979425.1	4	4	0	0				
flgd	GCF_017979475.1	4	4	0	0				
flgd	GCF_018145655.1	5	5	0	0				
flgd	GCF_019711685.1	4	4	0	0				
flgd	GCF_021300655.1	4	4	0	0				
flgd	GCF_023646285.1	4	4	0	0				
flgd	GCF_024267655.1	1	1	0	0				
flgd	GCF_025770725.1	4	4	0	0				
flgd	GCF_026000295.1	4	4	0	0				
flgd	GCF_027859255.1	4	4	0	0				
flgd	GCF_027943725.1	3	3	0	0				
flgd	GCF_028649595.1	4	4	0	0				
flgd	GCF_028751035.1	4	4	0	0				
flgd	GCF_030249845.1	4	4	0	0				
flgd	GCF_030296055.1	4	4	0	0				
flgd	GCF_900115615.1	3	3	0	0				
flgd	GCF_900187115.1	1	1	0	0				
flgd	GCF_900461455.1	4	4	0	0				
flgd	GCF_900475935.1	4	4	0	0				
flgd	GCF_900476215.1	4	4	0	0				
flgd	GCF_900478295.1	3	3	0	0				
flgd	GCF_900637395.1	4	4	0	0				
flgd	GCF_905120465.1	4	4	0	0				
flgd	GCF_905120475.1	4	4	0	0				
flge	GCF_000012965.1	4	2	0	2				
flge	GCF_000021725.1	4	3	0	1				
flge	GCF_000024885.1	4	3	0	1				
flge	GCF_000147355.1	5	3	0	2				
flge	GCF_000155475.1	5	3	0	2				
flge	GCF_000162575.1	5	3	0	2				
flge	GCF_000183725.1	5	3	0	2				
flge	GCF_000194135.1	5	3	0	2				
flge	GCF_000196135.1	5	3	0	2				
flge	GCF_000200595.1	5	3	0	2				
flge	GCF_000242915.1	4	3	0	1				
flge	GCF_000254135.1	5	3	0	2				
flge	GCF_000259275.1	5	3	0	2				
flge	GCF_000265295.1	4	3	0	1				
flge	GCF_000420385.1	5	3	0	2				
flge	GCF_000445475.1	5	3	0	2				
flge	GCF_000507845.1	5	3	0	2				
flge	GCF_000518225.1	5	3	0	2				
flge	GCF_000568815.1	4	3	0	1				
flge	GCF_000597725.1	4	3	0	1				
flge	GCF_000686565.1	5	3	0	2				
flge	GCF_000687535.1	5	3	0	2				
flge	GCF_000736415.1	5	3	0	2				
flge	GCF_000744435.1	5	3	0	2				
flge	GCF_000762845.2	5	3	0	2				
flge	GCF_000762875.2	5	3	0	2				
flge	GCF_000763135.2	5	3	0	2				
flge	GCF_000765805.2	5	3	0	2				
flge	GCF_000765905.2	5	3	0	2				
flge	GCF_000813325.1	5	3	0	2				
flge	GCF_000816185.1	4	3	0	1				
flge	GCF_000816305.1	5	3	0	2				
flge	GCF_000816785.1	5	3	0	2				
flge	GCF_001282945.1	5	3	0	2				
flge	GCF_001283065.1	5	3	0	2				
flge	GCF_001298465.1	5	3	0	2				
flge	GCF_001457695.1	4	2	0	2				
flge	GCF_001602095.1	5	3	0	2				
flge	GCF_001687475.2	5	3	0	2				
flge	GCF_001693335.1	5	3	0	2				
flge	GCF_001723605.1	4	3	0	1				
flge	GCF_002021925.1	5	3	0	2				
flge	GCF_002080395.1	5	3	0	2				
flge	GCF_002104335.1	5	3	0	2				
flge	GCF_002119425.1	5	3	0	2				
flge	GCF_002139855.1	4	3	0	1				
flge	GCF_002139875.1	4	3	0	1				
flge	GCF_002139915.1	4	3	0	1				
flge	GCF_002139935.1	4	3	0	1				
flge	GCF_002238335.1	5	3	0	2				
flge	GCF_002335445.1	5	3	0	2				
flge	GCF_003245365.1	5	3	0	2				
flge	GCF_003364195.1	5	3	0	2				
flge	GCF_003364205.1	5	3	0	2				
flge	GCF_003364215.1	5	3	0	2				
flge	GCF_003364255.1	5	3	0	2				
flge	GCF_003364335.1	5	3	0	2				
flge	GCF_003660265.1	5	3	0	2				
flge	GCF_003660285.1	5	3	0	2				
flge	GCF_003660395.1	5	3	0	2				
flge	GCF_003670275.1	5	3	0	2				
flge	GCF_003752135.1	5	3	0	2				
flge	GCF_004323845.1	5	3	0	2				
flge	GCF_004803795.1	5	3	0	2				
flge	GCF_004803815.1	5	3	0	2				
flge	GCF_005217605.1	5	3	0	2				
flge	GCF_005406215.1	5	3	0	2				
flge	GCF_005406225.1	5	3	0	2				
flge	GCF_005843985.1	5	3	0	2				
flge	GCF_006864425.1	5	3	0	2				
flge	GCF_008245005.1	5	3	0	2				
flge	GCF_008245045.1	4	3	0	1				
flge	GCF_008693005.1	5	3	0	2				
flge	GCF_009192995.1	5	3	0	2				
flge	GCF_009258225.1	5	3	0	2				
flge	GCF_011769985.2	4	3	0	1				
flge	GCF_013177655.1	5	3	0	2				
flge	GCF_013201605.1	5	3	0	2				
flge	GCF_013372105.1	5	3	0	2				
flge	GCF_013372125.1	4	3	0	1				
flge	GCF_013372145.1	5	3	0	2				
flge	GCF_013372185.1	5	3	0	2				
flge	GCF_013372205.1	5	3	0	2				
flge	GCF_014253065.1	5	3	0	2				
flge	GCF_014905095.1	5	3	0	2				
flge	GCF_014905115.1	5	3	0	2				
flge	GCF_014905135.1	5	3	0	2				
flge	GCF_015265455.1	4	3	0	1				
flge	GCF_015265475.1	4	3	0	1				
flge	GCF_016593255.1	5	3	0	2				
flge	GCF_016806695.1	5	3	0	2				
flge	GCF_016937535.1	4	3	0	1				
flge	GCF_017357825.1	5	3	0	2				
flge	GCF_017979475.1	5	3	0	2				
flge	GCF_018145655.1	5	3	0	2				
flge	GCF_019711685.1	5	3	0	2				
flge	GCF_021300615.1	5	3	0	2				
flge	GCF_021300655.1	5	3	0	2				
flge	GCF_023646285.1	5	3	0	2				
flge	GCF_025770725.1	4	3	0	1				
flge	GCF_026000295.1	5	3	0	2				
flge	GCF_027859255.1	5	3	0	2				
flge	GCF_028649595.1	4	3	0	1				
flge	GCF_028751035.1	5	3	0	2				
flge	GCF_030249845.1	5	3	0	2				
flge	GCF_030296055.1	5	3	0	2				
flge	GCF_900115615.1	5	3	0	2				
flge	GCF_900461455.1	5	3	0	2				
flge	GCF_900475935.1	4	3	0	1				
flge	GCF_900476215.1	5	3	0	2				
flge	GCF_900478295.1	4	2	0	2				
flge	GCF_900637395.1	5	3	0	2				
flge	GCF_905120465.1	5	3	0	2				
flge	GCF_905120475.1	5	3	0	2				
flgg	GCF_000012965.1	4	4	0	0				
flgg	GCF_000021725.1	4	4	0	0				
flgg	GCF_000024885.1	5	5	0	0				
flgg	GCF_000092245.1	5	5	0	0				
flgg	GCF_000147355.1	5	5	0	0				
flgg	GCF_000155475.1	5	5	0	0				
flgg	GCF_000162575.1	5	5	0	0				
flgg	GCF_000183725.1	5	5	0	0				
flgg	GCF_000194135.1	5	5	0	0				
flgg	GCF_000196135.1	5	5	0	0				
flgg	GCF_000200595.1	5	5	0	0				
flgg	GCF_000242915.1	5	5	0	0				
flgg	GCF_000254135.1	5	5	0	0				
flgg	GCF_000259275.1	5	5	0	0				
flgg	GCF_000265295.1	5	5	0	0				
flgg	GCF_000420385.1	5	5	0	0				
flgg	GCF_000445475.1	5	5	0	0				
flgg	GCF_000507845.1	5	5	0	0				
flgg	GCF_000518225.1	5	5	0	0				
flgg	GCF_000568815.1	5	5	0	0				
flgg	GCF_000597725.1	5	5	0	0				
flgg	GCF_000686565.1	5	5	0	0				
flgg	GCF_000687535.1	5	5	0	0				
flgg	GCF_000736415.1	5	5	0	0				
flgg	GCF_000744435.1	5	5	0	0				
flgg	GCF_000762845.2	5	5	0	0				
flgg	GCF_000762875.2	5	5	0	0				
flgg	GCF_000763135.2	5	5	0	0				
flgg	GCF_000765805.2	5	5	0	0				
flgg	GCF_000765905.2	5	5	0	0				
flgg	GCF_000813325.1	5	5	0	0				
flgg	GCF_000816185.1	5	5	0	0				
flgg	GCF_000816305.1	5	5	0	0				
flgg	GCF_000816785.1	5	5	0	0				
flgg	GCF_001282945.1	5	5	0	0				
flgg	GCF_001283065.1	5	5	0	0				
flgg	GCF_001298465.1	5	5	0	0				
flgg	GCF_001457695.1	4	4	0	0				
flgg	GCF_001602095.1	5	5	0	0				
flgg	GCF_001687475.2	5	5	0	0				
flgg	GCF_001693335.1	5	5	0	0				
flgg	GCF_001723605.1	5	5	0	0				
flgg	GCF_001956695.1	5	5	0	0				
flgg	GCF_002021925.1	5	5	0	0				
flgg	GCF_002080395.1	5	5	0	0				
flgg	GCF_002104335.1	5	5	0	0				
flgg	GCF_002119425.1	5	5	0	0				
flgg	GCF_002139855.1	5	5	0	0				
flgg	GCF_002139875.1	5	5	0	0				
flgg	GCF_002139915.1	5	5	0	0				
flgg	GCF_002139935.1	5	5	0	0				
flgg	GCF_002238335.1	5	5	0	0				
flgg	GCF_002335445.1	5	5	0	0				
flgg	GCF_002837275.1	5	5	0	0				
flgg	GCF_003063245.1	5	5	0	0				
flgg	GCF_003063295.1	5	5	0	0				
flgg	GCF_003245365.1	5	5	0	0				
flgg	GCF_003316695.1	5	5	0	0				
flgg	GCF_003346775.1	5	5	0	0				
flgg	GCF_003346815.1	5	5	0	0				
flgg	GCF_003355515.1	5	5	0	0				
flgg	GCF_003364195.1	5	5	0	0				
flgg	GCF_003364205.1	5	5	0	0				
flgg	GCF_003364215.1	5	5	0	0				
flgg	GCF_003364255.1	5	5	0	0				
flgg	GCF_003364335.1	5	5	0	0				
flgg	GCF_003544835.1	5	5	0	0				
flgg	GCF_003544855.1	5	5	0	0				
flgg	GCF_003544935.1	5	5	0	0				
flgg	GCF_003660105.1	5	5	0	0				
flgg	GCF_003660265.1	5	5	0	0				
flgg	GCF_003660285.1	5	5	0	0				
flgg	GCF_003667345.1	5	5	0	0				
flgg	GCF_003670275.1	5	5	0	0				
flgg	GCF_003752135.1	5	5	0	0				
flgg	GCF_004214795.1	5	5	0	0				
flgg	GCF_004214815.1	5	5	0	0				
flgg	GCF_004299785.2	5	5	0	0				
flgg	GCF_004323845.1	5	5	0	0				
flgg	GCF_004803795.1	5	5	0	0				
flgg	GCF_004803815.1	5	5	0	0				
flgg	GCF_005217605.1	5	5	0	0				
flgg	GCF_005406215.1	5	5	0	0				
flgg	GCF_005406225.1	5	5	0	0				
flgg	GCF_005843985.1	5	5	0	0				
flgg	GCF_006459125.1	5	5	0	0				
flgg	GCF_006864425.1	5	5	0	0				
flgg	GCF_008245005.1	5	5	0	0				
flgg	GCF_008245045.1	5	5	0	0				
flgg	GCF_008693005.1	5	5	0	0				
flgg	GCF_009068765.1	5	5	0	0				
flgg	GCF_009192995.1	5	5	0	0				
flgg	GCF_009258225.1	5	5	0	0				
flgg	GCF_011769985.2	5	5	0	0				
flgg	GCF_013177635.1	5	5	0	0				
flgg	GCF_013177655.1	5	5	0	0				
flgg	GCF_013201605.1	5	5	0	0				
flgg	GCF_013201625.1	5	5	0	0				
flgg	GCF_013201705.1	5	5	0	0				
flgg	GCF_013201725.1	5	5	0	0				
flgg	GCF_013201825.1	5	5	0	0				
flgg	GCF_013201935.1	5	5	0	0				
flgg	GCF_013283835.1	5	5	0	0				
flgg	GCF_013372105.1	5	5	0	0				
flgg	GCF_013372125.1	5	5	0	0				
flgg	GCF_013372145.1	5	5	0	0				
flgg	GCF_013372185.1	5	5	0	0				
flgg	GCF_013372205.1	5	5	0	0				
flgg	GCF_013372265.1	5	5	0	0				
flgg	GCF_014253065.1	5	5	0	0				
flgg	GCF_014466985.1	5	5	0	0				
flgg	GCF_014905095.1	5	5	0	0				
flgg	GCF_014905115.1	5	5	0	0				
flgg	GCF_014905135.1	5	5	0	0				
flgg	GCF_015100395.1	5	5	0	0				
flgg	GCF_015265455.1	5	5	0	0				
flgg	GCF_015265475.1	5	5	0	0				
flgg	GCF_016106035.1	5	5	0	0				
flgg	GCF_016593255.1	5	5	0	0				
flgg	GCF_016806695.1	5	5	0	0				
flgg	GCF_016937535.1	5	5	0	0				
flgg	GCF_017357825.1	5	5	0	0				
flgg	GCF_017979425.1	5	5	0	0				
flgg	GCF_017979475.1	5	5	0	0				
flgg	GCF_018145655.1	5	5	0	0				
flgg	GCF_019711685.1	5	5	0	0				
flgg	GCF_021300615.1	5	5	0	0				
flgg	GCF_021300655.1	5	5	0	0				
flgg	GCF_023646285.1	5	5	0	0				
flgg	GCF_024267655.1	5	5	0	0				
flgg	GCF_025770725.1	5	5	0	0				
flgg	GCF_026000295.1	5	5	0	0				
flgg	GCF_027859255.1	5	5	0	0				
flgg	GCF_027943725.1	5	5	0	0				
flgg	GCF_027946175.1	5	5	0	0				
flgg	GCF_028649595.1	5	5	0	0				
flgg	GCF_028751035.1	5	5	0	0				
flgg	GCF_030249845.1	5	5	0	0				
flgg	GCF_030296055.1	5	5	0	0				
flgg	GCF_900115615.1	5	5	0	0				
flgg	GCF_900187115.1	4	4	0	0				
flgg	GCF_900461455.1	5	5	0	0				
flgg	GCF_900475935.1	5	5	0	0				
flgg	GCF_900476215.1	5	5	0	0				
flgg	GCF_900478295.1	4	4	0	0				
flgg	GCF_900637395.1	5	5	0	0				
flgg	GCF_905120465.1	5	5	0	0				
flgg	GCF_905120475.1	5	5	0	0				
flgh	GCF_000012965.1	4	4	0	0				
flgh	GCF_000021725.1	4	4	0	0				
flgh	GCF_000024885.1	5	5	0	0				
flgh	GCF_000092245.1	5	5	0	0				
flgh	GCF_000147355.1	5	5	0	0				
flgh	GCF_000155475.1	5	5	0	0				
flgh	GCF_000162575.1	5	5	0	0				
flgh	GCF_000183725.1	5	5	0	0				
flgh	GCF_000194135.1	5	5	0	0				
flgh	GCF_000196135.1	5	5	0	0				
flgh	GCF_000200595.1	5	5	0	0				
flgh	GCF_000242915.1	5	5	0	0				
flgh	GCF_000254135.1	5	5	0	0				
flgh	GCF_000259275.1	5	5	0	0				
flgh	GCF_000265295.1	5	5	0	0				
flgh	GCF_000420385.1	5	5	0	0				
flgh	GCF_000445475.1	5	5	0	0				
flgh	GCF_000507845.1	5	5	0	0				
flgh	GCF_000518225.1	5	5	0	0				
flgh	GCF_000568815.1	5	5	0	0				
flgh	GCF_000597725.1	5	5	0	0				
flgh	GCF_000686565.1	5	5	0	0				
flgh	GCF_000687535.1	5	5	0	0				
flgh	GCF_000736415.1	5	5	0	0				
flgh	GCF_000744435.1	5	5	0	0				
flgh	GCF_000762845.2	5	5	0	0				
flgh	GCF_000762875.2	5	5	0	0				
flgh	GCF_000763135.2	5	5	0	0				
flgh	GCF_000765805.2	5	5	0	0				
flgh	GCF_000765905.2	5	5	0	0				
flgh	GCF_000813325.1	5	5	0	0				
flgh	GCF_000816185.1	5	5	0	0				
flgh	GCF_000816305.1	5	5	0	0				
flgh	GCF_000816785.1	5	5	0	0				
flgh	GCF_001282945.1	5	5	0	0				
flgh	GCF_001283065.1	5	5	0	0				
flgh	GCF_001298465.1	5	5	0	0				
flgh	GCF_001457695.1	4	4	0	0				
flgh	GCF_001602095.1	5	5	0	0				
flgh	GCF_001687475.2	5	5	0	0				
flgh	GCF_001693335.1	5	5	0	0				
flgh	GCF_001723605.1	5	5	0	0				
flgh	GCF_001956695.1	5	5	0	0				
flgh	GCF_002021925.1	5	5	0	0				
flgh	GCF_002080395.1	5	5	0	0				
flgh	GCF_002104335.1	5	5	0	0				
flgh	GCF_002119425.1	5	5	0	0				
flgh	GCF_002139855.1	5	5	0	0				
flgh	GCF_002139875.1	5	5	0	0				
flgh	GCF_002139915.1	5	5	0	0				
flgh	GCF_002139935.1	5	5	0	0				
flgh	GCF_002238335.1	5	5	0	0				
flgh	GCF_002335445.1	5	5	0	0				
flgh	GCF_002837275.1	5	5	0	0				
flgh	GCF_003063245.1	5	5	0	0				
flgh	GCF_003063295.1	5	5	0	0				
flgh	GCF_003245365.1	5	5	0	0				
flgh	GCF_003316695.1	5	5	0	0				
flgh	GCF_003346775.1	5	5	0	0				
flgh	GCF_003346815.1	5	5	0	0				
flgh	GCF_003355515.1	5	5	0	0				
flgh	GCF_003364195.1	5	5	0	0				
flgh	GCF_003364205.1	5	5	0	0				
flgh	GCF_003364215.1	5	5	0	0				
flgh	GCF_003364255.1	5	5	0	0				
flgh	GCF_003364335.1	5	5	0	0				
flgh	GCF_003544835.1	5	5	0	0				
flgh	GCF_003544855.1	5	5	0	0				
flgh	GCF_003544935.1	5	5	0	0				
flgh	GCF_003660105.1	5	5	0	0				
flgh	GCF_003660265.1	5	5	0	0				
flgh	GCF_003660285.1	5	5	0	0				
flgh	GCF_003660395.1	5	5	0	0				
flgh	GCF_003667345.1	5	5	0	0				
flgh	GCF_003670275.1	5	5	0	0				
flgh	GCF_003752135.1	5	5	0	0				
flgh	GCF_004214795.1	5	5	0	0				
flgh	GCF_004214815.1	5	5	0	0				
flgh	GCF_004299785.2	5	5	0	0				
flgh	GCF_004323845.1	5	5	0	0				
flgh	GCF_004803795.1	5	5	0	0				
flgh	GCF_004803815.1	5	5	0	0				
flgh	GCF_005217605.1	5	5	0	0				
flgh	GCF_005406215.1	5	5	0	0				
flgh	GCF_005406225.1	5	5	0	0				
flgh	GCF_005843985.1	5	5	0	0				
flgh	GCF_006459125.1	5	5	0	0				
flgh	GCF_006864425.1	5	5	0	0				
flgh	GCF_008245005.1	5	5	0	0				
flgh	GCF_008245045.1	5	5	0	0				
flgh	GCF_008693005.1	5	5	0	0				
flgh	GCF_009068765.1	5	5	0	0				
flgh	GCF_009192995.1	5	5	0	0				
flgh	GCF_009258225.1	5	5	0	0				
flgh	GCF_011769985.2	5	5	0	0				
flgh	GCF_013177635.1	5	5	0	0				
flgh	GCF_013177655.1	5	5	0	0				
flgh	GCF_013201605.1	5	5	0	0				
flgh	GCF_013201625.1	5	5	0	0				
flgh	GCF_013201705.1	5	5	0	0				
flgh	GCF_013201725.1	5	5	0	0				
flgh	GCF_013201825.1	5	5	0	0				
flgh	GCF_013201935.1	5	5	0	0				
flgh	GCF_013283835.1	5	5	0	0				
flgh	GCF_013372105.1	5	5	0	0				
flgh	GCF_013372125.1	5	5	0	0				
flgh	GCF_013372145.1	5	5	0	0				
flgh	GCF_013372185.1	5	5	0	0				
flgh	GCF_013372205.1	5	5	0	0				
flgh	GCF_013372265.1	5	5	0	0				
flgh	GCF_014253065.1	5	5	0	0				
flgh	GCF_014466985.1	5	5	0	0				
flgh	GCF_014905095.1	5	5	0	0				
flgh	GCF_014905115.1	5	5	0	0				
flgh	GCF_014905135.1	5	5	0	0				
flgh	GCF_015100395.1	5	5	0	0				
flgh	GCF_015265455.1	5	5	0	0				
flgh	GCF_015265475.1	5	5	0	0				
flgh	GCF_016106035.1	5	5	0	0				
flgh	GCF_016593255.1	5	5	0	0				
flgh	GCF_016806695.1	5	5	0	0				
flgh	GCF_017357825.1	5	5	0	0				
flgh	GCF_017979475.1	5	5	0	0				
flgh	GCF_018145655.1	5	5	0	0				
flgh	GCF_019711685.1	5	5	0	0				
flgh	GCF_021300615.1	5	5	0	0				
flgh	GCF_021300655.1	5	5	0	0				
flgh	GCF_023646285.1	5	5	0	0				
flgh	GCF_024267655.1	5	5	0	0				
flgh	GCF_025770725.1	5	5	0	0				
flgh	GCF_026000295.1	5	5	0	0				
flgh	GCF_027859255.1	5	5	0	0				
flgh	GCF_027943725.1	5	5	0	0				
flgh	GCF_027946175.1	5	5	0	0				
flgh	GCF_028649595.1	5	5	0	0				
flgh	GCF_028751035.1	5	5	0	0				
flgh	GCF_030249845.1	5	5	0	0				
flgh	GCF_030296055.1	5	5	0	0				
flgh	GCF_900115615.1	5	5	0	0				
flgh	GCF_900187115.1	4	4	0	0				
flgh	GCF_900461455.1	5	5	0	0				
flgh	GCF_900475935.1	5	5	0	0				
flgh	GCF_900476215.1	5	5	0	0				
flgh	GCF_900478295.1	4	4	0	0				
flgh	GCF_900637395.1	5	5	0	0				
flgh	GCF_905120465.1	5	5	0	0				
flgh	GCF_905120475.1	5	5	0	0				
flgi	GCF_000012965.1	4	4	0	0				
flgi	GCF_000021725.1	4	4	0	0				
flgi	GCF_000024885.1	5	5	0	0				
flgi	GCF_000092245.1	5	5	0	0				
flgi	GCF_000147355.1	5	5	0	0				
flgi	GCF_000155475.1	5	5	0	0				
flgi	GCF_000162575.1	5	5	0	0				
flgi	GCF_000183725.1	5	5	0	0				
flgi	GCF_000194135.1	5	5	0	0				
flgi	GCF_000196135.1	5	5	0	0				
flgi	GCF_000200595.1	5	5	0	0				
flgi	GCF_000242915.1	5	5	0	0				
flgi	GCF_000254135.1	5	5	0	0				
flgi	GCF_000259275.1	5	5	0	0				
flgi	GCF_000265295.1	5	5	0	0				
flgi	GCF_000420385.1	5	5	0	0				
flgi	GCF_000445475.1	5	5	0	0				
flgi	GCF_000507845.1	5	5	0	0				
flgi	GCF_000518225.1	5	5	0	0				
flgi	GCF_000568815.1	5	5	0	0				
flgi	GCF_000597725.1	5	5	0	0				
flgi	GCF_000686565.1	5	5	0	0				
flgi	GCF_000687535.1	5	5	0	0				
flgi	GCF_000736415.1	5	5	0	0				
flgi	GCF_000744435.1	5	5	0	0				
flgi	GCF_000762845.2	5	5	0	0				
flgi	GCF_000762875.2	5	5	0	0				
flgi	GCF_000763135.2	5	5	0	0				
flgi	GCF_000765805.2	5	5	0	0				
flgi	GCF_000765905.2	5	5	0	0				
flgi	GCF_000813325.1	5	5	0	0				
flgi	GCF_000816185.1	5	5	0	0				
flgi	GCF_000816305.1	5	5	0	0				
flgi	GCF_000816785.1	5	5	0	0				
flgi	GCF_001282945.1	5	5	0	0				
flgi	GCF_001283065.1	5	5	0	0				
flgi	GCF_001298465.1	5	5	0	0				
flgi	GCF_001457695.1	4	4	0	0				
flgi	GCF_001602095.1	5	5	0	0				
flgi	GCF_001687475.2	5	5	0	0				
flgi	GCF_001693335.1	5	5	0	0				
flgi	GCF_001723605.1	5	5	0	0				
flgi	GCF_001956695.1	5	5	0	0				
flgi	GCF_002021925.1	5	5	0	0				
flgi	GCF_002080395.1	5	5	0	0				
flgi	GCF_002104335.1	5	5	0	0				
flgi	GCF_002119425.1	5	5	0	0				
flgi	GCF_002139855.1	5	5	0	0				
flgi	GCF_002139875.1	5	5	0	0				
flgi	GCF_002139915.1	5	5	0	0				
flgi	GCF_002139935.1	5	5	0	0				
flgi	GCF_002238335.1	5	5	0	0				
flgi	GCF_002335445.1	5	5	0	0				
flgi	GCF_002837275.1	5	5	0	0				
flgi	GCF_003063245.1	5	5	0	0				
flgi	GCF_003063295.1	5	5	0	0				
flgi	GCF_003245365.1	5	5	0	0				
flgi	GCF_003316695.1	5	5	0	0				
flgi	GCF_003346775.1	5	5	0	0				
flgi	GCF_003346815.1	5	5	0	0				
flgi	GCF_003355515.1	5	5	0	0				
flgi	GCF_003364195.1	5	5	0	0				
flgi	GCF_003364205.1	5	5	0	0				
flgi	GCF_003364215.1	5	5	0	0				
flgi	GCF_003364255.1	5	5	0	0				
flgi	GCF_003364335.1	5	5	0	0				
flgi	GCF_003544835.1	5	5	0	0				
flgi	GCF_003544855.1	5	5	0	0				
flgi	GCF_003544935.1	5	5	0	0				
flgi	GCF_003660105.1	5	5	0	0				
flgi	GCF_003660265.1	5	5	0	0				
flgi	GCF_003660285.1	5	5	0	0				
flgi	GCF_003660395.1	5	5	0	0				
flgi	GCF_003667345.1	5	5	0	0				
flgi	GCF_003670275.1	5	5	0	0				
flgi	GCF_003752135.1	5	5	0	0				
flgi	GCF_004214795.1	5	5	0	0				
flgi	GCF_004214815.1	5	5	0	0				
flgi	GCF_004299785.2	5	5	0	0				
flgi	GCF_004323845.1	5	5	0	0				
flgi	GCF_004803795.1	5	5	0	0				
flgi	GCF_004803815.1	5	5	0	0				
flgi	GCF_005217605.1	5	5	0	0				
flgi	GCF_005406215.1	5	5	0	0				
flgi	GCF_005406225.1	5	5	0	0				
flgi	GCF_005843985.1	5	5	0	0				
flgi	GCF_006459125.1	5	5	0	0				
flgi	GCF_006864425.1	5	5	0	0				
flgi	GCF_008245005.1	5	5	0	0				
flgi	GCF_008245045.1	5	5	0	0				
flgi	GCF_008693005.1	5	5	0	0				
flgi	GCF_009068765.1	5	5	0	0				
flgi	GCF_009192995.1	5	5	0	0				
flgi	GCF_009258225.1	5	5	0	0				
flgi	GCF_011769985.2	5	5	0	0				
flgi	GCF_013177635.1	5	5	0	0				
flgi	GCF_013177655.1	5	5	0	0				
flgi	GCF_013201605.1	5	5	0	0				
flgi	GCF_013201625.1	5	5	0	0				
flgi	GCF_013201705.1	5	5	0	0				
flgi	GCF_013201725.1	5	5	0	0				
flgi	GCF_013201825.1	5	5	0	0				
flgi	GCF_013201935.1	5	5	0	0				
flgi	GCF_013283835.1	5	5	0	0				
flgi	GCF_013372105.1	5	5	0	0				
flgi	GCF_013372125.1	5	5	0	0				
flgi	GCF_013372145.1	5	5	0	0				
flgi	GCF_013372185.1	5	5	0	0				
flgi	GCF_013372205.1	5	5	0	0				
flgi	GCF_013372265.1	5	5	0	0				
flgi	GCF_014253065.1	5	5	0	0				
flgi	GCF_014466985.1	5	5	0	0				
flgi	GCF_014905095.1	5	5	0	0				
flgi	GCF_014905115.1	5	5	0	0				
flgi	GCF_014905135.1	5	5	0	0				
flgi	GCF_015100395.1	5	5	0	0				
flgi	GCF_015265455.1	5	5	0	0				
flgi	GCF_015265475.1	5	5	0	0				
flgi	GCF_016106035.1	5	5	0	0				
flgi	GCF_016593255.1	5	5	0	0				
flgi	GCF_016806695.1	5	5	0	0				
flgi	GCF_016937535.1	5	5	0	0				
flgi	GCF_017357825.1	5	5	0	0				
flgi	GCF_017979425.1	5	5	0	0				
flgi	GCF_017979475.1	5	5	0	0				
flgi	GCF_018145655.1	5	5	0	0				
flgi	GCF_019711685.1	5	5	0	0				
flgi	GCF_021300615.1	5	5	0	0				
flgi	GCF_021300655.1	5	5	0	0				
flgi	GCF_023646285.1	5	5	0	0				
flgi	GCF_024267655.1	5	5	0	0				
flgi	GCF_025770725.1	5	5	0	0				
flgi	GCF_026000295.1	5	5	0	0				
flgi	GCF_027859255.1	5	5	0	0				
flgi	GCF_027943725.1	5	5	0	0				
flgi	GCF_027946175.1	5	5	0	0				
flgi	GCF_028649595.1	5	5	0	0				
flgi	GCF_028751035.1	5	5	0	0				
flgi	GCF_030249845.1	5	5	0	0				
flgi	GCF_030296055.1	5	5	0	0				
flgi	GCF_900115615.1	5	5	0	0				
flgi	GCF_900187115.1	4	4	0	0				
flgi	GCF_900461455.1	5	5	0	0				
flgi	GCF_900475935.1	5	5	0	0				
flgi	GCF_900476215.1	5	5	0	0				
flgi	GCF_900478295.1	4	4	0	0				
flgi	GCF_900637395.1	5	5	0	0				
flgi	GCF_905120465.1	5	5	0	0				
flgi	GCF_905120475.1	5	5	0	0				
flgj	GCF_000012965.1	4	0	0	4				
flgj	GCF_000021725.1	4	0	0	4				
flgj	GCF_000024885.1	5	0	0	5				
flgj	GCF_000092245.1	5	0	0	5				
flgj	GCF_000147355.1	5	0	0	5				
flgj	GCF_000155475.1	5	0	0	5				
flgj	GCF_000162575.1	5	0	0	5				
flgj	GCF_000183725.1	5	0	0	5				
flgj	GCF_000196135.1	5	0	0	5				
flgj	GCF_000200595.1	5	0	0	5				
flgj	GCF_000242915.1	5	0	0	5				
flgj	GCF_000254135.1	5	0	0	5				
flgj	GCF_000259275.1	5	0	0	5				
flgj	GCF_000265295.1	5	0	0	5				
flgj	GCF_000445475.1	5	0	0	5				
flgj	GCF_000507845.1	5	0	0	5				
flgj	GCF_000518225.1	5	0	0	5				
flgj	GCF_000568815.1	5	0	0	5				
flgj	GCF_000597725.1	5	0	0	5				
flgj	GCF_000686565.1	5	0	0	5				
flgj	GCF_000687535.1	5	0	0	5				
flgj	GCF_000736415.1	5	0	0	5				
flgj	GCF_000762845.2	5	0	0	5				
flgj	GCF_000762875.2	5	0	0	5				
flgj	GCF_000763135.2	5	0	0	5				
flgj	GCF_000765805.2	5	0	0	5				
flgj	GCF_000765905.2	5	0	0	5				
flgj	GCF_000813325.1	5	0	0	5				
flgj	GCF_000816185.1	5	0	0	5				
flgj	GCF_000816305.1	5	0	0	5				
flgj	GCF_000816785.1	5	0	0	5				
flgj	GCF_001282945.1	5	0	0	5				
flgj	GCF_001283065.1	5	0	0	5				
flgj	GCF_001298465.1	5	0	0	5				
flgj	GCF_001457695.1	4	0	0	4				
flgj	GCF_001602095.1	5	0	0	5				
flgj	GCF_001687475.2	5	0	0	5				
flgj	GCF_001693335.1	5	0	0	5				
flgj	GCF_001723605.1	5	0	0	5				
flgj	GCF_001956695.1	5	0	0	5				
flgj	GCF_002021925.1	5	0	0	5				
flgj	GCF_002080395.1	5	0	0	5				
flgj	GCF_002104335.1	5	0	0	5				
flgj	GCF_002139855.1	5	0	0	5				
flgj	GCF_002139875.1	5	0	0	5				
flgj	GCF_002139915.1	5	0	0	5				
flgj	GCF_002139935.1	5	0	0	5				
flgj	GCF_002238335.1	5	0	0	5				
flgj	GCF_002335445.1	5	0	0	5				
flgj	GCF_002837275.1	5	0	0	5				
flgj	GCF_003063245.1	4	0	0	4				
flgj	GCF_003063295.1	5	0	0	5				
flgj	GCF_003245365.1	5	0	0	5				
flgj	GCF_003316695.1	4	0	0	4				
flgj	GCF_003346775.1	5	0	0	5				
flgj	GCF_003346815.1	5	0	0	5				
flgj	GCF_003355515.1	4	0	0	4				
flgj	GCF_003364195.1	5	0	0	5				
flgj	GCF_003364205.1	5	0	0	5				
flgj	GCF_003364215.1	5	0	0	5				
flgj	GCF_003364255.1	5	0	0	5				
flgj	GCF_003364335.1	5	0	0	5				
flgj	GCF_003544835.1	5	0	0	5				
flgj	GCF_003544855.1	5	0	0	5				
flgj	GCF_003544935.1	5	0	0	5				
flgj	GCF_003660105.1	5	0	0	5				
flgj	GCF_003660265.1	5	0	0	5				
flgj	GCF_003660285.1	5	0	0	5				
flgj	GCF_003660395.1	5	0	0	5				
flgj	GCF_003667345.1	5	0	0	5				
flgj	GCF_003670275.1	5	0	0	5				
flgj	GCF_003752135.1	5	0	0	5				
flgj	GCF_004214795.1	5	0	0	5				
flgj	GCF_004214815.1	5	0	0	5				
flgj	GCF_004299785.2	5	0	0	5				
flgj	GCF_004323845.1	5	0	0	5				
flgj	GCF_004803795.1	5	0	0	5				
flgj	GCF_004803815.1	5	0	0	5				
flgj	GCF_005217605.1	5	0	0	5				
flgj	GCF_005406215.1	5	0	0	5				
flgj	GCF_005406225.1	5	0	0	5				
flgj	GCF_005843985.1	4	0	0	4				
flgj	GCF_006459125.1	5	0	0	5				
flgj	GCF_006864425.1	5	0	0	5				
flgj	GCF_008245005.1	5	0	0	5				
flgj	GCF_008245045.1	5	0	0	5				
flgj	GCF_008693005.1	5	0	0	5				
flgj	GCF_009068765.1	5	0	0	5				
flgj	GCF_009192995.1	5	0	0	5				
flgj	GCF_009258225.1	5	0	0	5				
flgj	GCF_011769985.2	5	0	0	5				
flgj	GCF_013177635.1	5	0	0	5				
flgj	GCF_013177655.1	5	0	0	5				
flgj	GCF_013201605.1	5	0	0	5				
flgj	GCF_013201625.1	5	0	0	5				
flgj	GCF_013201705.1	5	0	0	5				
flgj	GCF_013201725.1	5	0	0	5				
flgj	GCF_013201825.1	4	0	0	4				
flgj	GCF_013201935.1	5	0	0	5				
flgj	GCF_013283835.1	5	0	0	5				
flgj	GCF_013372105.1	5	0	0	5				
flgj	GCF_013372125.1	5	0	0	5				
flgj	GCF_013372145.1	5	0	0	5				
flgj	GCF_013372185.1	5	0	0	5				
flgj	GCF_013372205.1	5	0	0	5				
flgj	GCF_013372265.1	5	0	0	5				
flgj	GCF_014253065.1	5	0	0	5				
flgj	GCF_014905095.1	5	0	0	5				
flgj	GCF_014905115.1	5	0	0	5				
flgj	GCF_014905135.1	5	0	0	5				
flgj	GCF_015265455.1	5	0	0	5				
flgj	GCF_015265475.1	5	0	0	5				
flgj	GCF_016106035.1	5	0	0	5				
flgj	GCF_016593255.1	4	0	0	4				
flgj	GCF_016806695.1	5	0	0	5				
flgj	GCF_016937535.1	5	0	0	5				
flgj	GCF_017357825.1	5	0	0	5				
flgj	GCF_017979425.1	5	0	0	5				
flgj	GCF_017979475.1	5	0	0	5				
flgj	GCF_018145655.1	5	0	0	5				
flgj	GCF_019711685.1	5	0	0	5				
flgj	GCF_021300615.1	5	0	0	5				
flgj	GCF_021300655.1	5	0	0	5				
flgj	GCF_023646285.1	5	0	0	5				
flgj	GCF_024267655.1	4	0	0	4				
flgj	GCF_025770725.1	5	0	0	5				
flgj	GCF_026000295.1	5	0	0	5				
flgj	GCF_027859255.1	5	0	0	5				
flgj	GCF_028649595.1	5	0	0	5				
flgj	GCF_028751035.1	5	0	0	5				
flgj	GCF_030249845.1	5	0	0	5				
flgj	GCF_030296055.1	4	0	0	4				
flgj	GCF_900115615.1	5	0	0	5				
flgj	GCF_900187115.1	4	0	0	4				
flgj	GCF_900461455.1	5	0	0	5				
flgj	GCF_900475935.1	5	0	0	5				
flgj	GCF_900476215.1	5	0	0	5				
flgj	GCF_900478295.1	4	0	0	4				
flgj	GCF_900637395.1	5	0	0	5				
flgj	GCF_905120465.1	5	0	0	5				
flgj	GCF_905120475.1	5	0	0	5				
flgk	GCF_000012965.1	3	3	0	0				
flgk	GCF_000021725.1	3	3	0	0				
flgk	GCF_000024885.1	5	5	0	0				
flgk	GCF_000092245.1	1	1	0	0				
flgk	GCF_000147355.1	5	5	0	0				
flgk	GCF_000155475.1	5	5	0	0				
flgk	GCF_000162575.1	5	5	0	0				
flgk	GCF_000183725.1	5	5	0	0				
flgk	GCF_000194135.1	5	5	0	0				
flgk	GCF_000196135.1	5	5	0	0				
flgk	GCF_000200595.1	5	5	0	0				
flgk	GCF_000242915.1	5	5	0	0				
flgk	GCF_000254135.1	5	5	0	0				
flgk	GCF_000259275.1	5	5	0	0				
flgk	GCF_000265295.1	5	5	0	0				
flgk	GCF_000420385.1	5	5	0	0				
flgk	GCF_000445475.1	5	5	0	0				
flgk	GCF_000507845.1	5	5	0	0				
flgk	GCF_000518225.1	5	5	0	0				
flgk	GCF_000568815.1	5	5	0	0				
flgk	GCF_000597725.1	5	5	0	0				
flgk	GCF_000686565.1	5	5	0	0				
flgk	GCF_000687535.1	5	5	0	0				
flgk	GCF_000736415.1	5	5	0	0				
flgk	GCF_000744435.1	5	5	0	0				
flgk	GCF_000762845.2	5	5	0	0				
flgk	GCF_000762875.2	5	5	0	0				
flgk	GCF_000763135.2	5	5	0	0				
flgk	GCF_000765805.2	5	5	0	0				
flgk	GCF_000765905.2	5	5	0	0				
flgk	GCF_000813325.1	5	5	0	0				
flgk	GCF_000816185.1	5	5	0	0				
flgk	GCF_000816305.1	5	5	0	0				
flgk	GCF_000816785.1	5	5	0	0				
flgk	GCF_001282945.1	5	5	0	0				
flgk	GCF_001283065.1	5	5	0	0				
flgk	GCF_001298465.1	5	5	0	0				
flgk	GCF_001457695.1	4	4	0	0				
flgk	GCF_001602095.1	5	5	0	0				
flgk	GCF_001687475.2	4	4	0	0				
flgk	GCF_001693335.1	5	5	0	0				
flgk	GCF_001723605.1	5	5	0	0				
flgk	GCF_001956695.1	5	5	0	0				
flgk	GCF_002021925.1	5	5	0	0				
flgk	GCF_002080395.1	5	5	0	0				
flgk	GCF_002104335.1	5	5	0	0				
flgk	GCF_002119425.1	4	4	0	0				
flgk	GCF_002139855.1	4	4	0	0				
flgk	GCF_002139875.1	5	5	0	0				
flgk	GCF_002139915.1	5	5	0	0				
flgk	GCF_002139935.1	5	5	0	0				
flgk	GCF_002238335.1	5	5	0	0				
flgk	GCF_002335445.1	5	5	0	0				
flgk	GCF_002837275.1	5	5	0	0				
flgk	GCF_003063245.1	5	5	0	0				
flgk	GCF_003063295.1	5	5	0	0				
flgk	GCF_003245365.1	5	5	0	0				
flgk	GCF_003316695.1	4	4	0	0				
flgk	GCF_003346775.1	5	5	0	0				
flgk	GCF_003346815.1	3	3	0	0				
flgk	GCF_003355515.1	5	5	0	0				
flgk	GCF_003364195.1	5	5	0	0				
flgk	GCF_003364205.1	5	5	0	0				
flgk	GCF_003364215.1	5	5	0	0				
flgk	GCF_003364255.1	5	5	0	0				
flgk	GCF_003364335.1	5	5	0	0				
flgk	GCF_003544835.1	5	5	0	0				
flgk	GCF_003544855.1	5	5	0	0				
flgk	GCF_003544935.1	5	5	0	0				
flgk	GCF_003660105.1	5	5	0	0				
flgk	GCF_003660265.1	5	5	0	0				
flgk	GCF_003660285.1	5	5	0	0				
flgk	GCF_003660395.1	5	5	0	0				
flgk	GCF_003667345.1	5	5	0	0				
flgk	GCF_003670275.1	5	5	0	0				
flgk	GCF_003752135.1	5	5	0	0				
flgk	GCF_004214795.1	5	5	0	0				
flgk	GCF_004214815.1	4	4	0	0				
flgk	GCF_004299785.2	5	5	0	0				
flgk	GCF_004323845.1	5	5	0	0				
flgk	GCF_004803795.1	5	5	0	0				
flgk	GCF_004803815.1	5	5	0	0				
flgk	GCF_005217605.1	4	4	0	0				
flgk	GCF_005406215.1	5	5	0	0				
flgk	GCF_005843985.1	5	5	0	0				
flgk	GCF_006459125.1	2	2	0	0				
flgk	GCF_006864425.1	5	5	0	0				
flgk	GCF_008245005.1	5	5	0	0				
flgk	GCF_008245045.1	5	5	0	0				
flgk	GCF_008693005.1	5	5	0	0				
flgk	GCF_009068765.1	5	5	0	0				
flgk	GCF_009192995.1	5	5	0	0				
flgk	GCF_009258225.1	5	5	0	0				
flgk	GCF_011769985.2	5	5	0	0				
flgk	GCF_013177635.1	5	5	0	0				
flgk	GCF_013177655.1	5	5	0	0				
flgk	GCF_013201605.1	5	5	0	0				
flgk	GCF_013201625.1	4	4	0	0				
flgk	GCF_013201705.1	5	5	0	0				
flgk	GCF_013201725.1	4	4	0	0				
flgk	GCF_013201825.1	4	4	0	0				
flgk	GCF_013201935.1	5	5	0	0				
flgk	GCF_013283835.1	3	3	0	0				
flgk	GCF_013372105.1	5	5	0	0				
flgk	GCF_013372125.1	5	5	0	0				
flgk	GCF_013372145.1	5	5	0	0				
flgk	GCF_013372185.1	5	5	0	0				
flgk	GCF_013372205.1	5	5	0	0				
flgk	GCF_013372265.1	4	4	0	0				
flgk	GCF_014253065.1	4	4	0	0				
flgk	GCF_014466985.1	4	4	0	0				
flgk	GCF_014905095.1	5	5	0	0				
flgk	GCF_014905115.1	5	5	0	0				
flgk	GCF_014905135.1	5	5	0	0				
flgk	GCF_015100395.1	4	4	0	0				
flgk	GCF_015265455.1	5	5	0	0				
flgk	GCF_015265475.1	5	5	0	0				
flgk	GCF_016106035.1	5	5	0	0				
flgk	GCF_016593255.1	5	5	0	0				
flgk	GCF_016806695.1	5	5	0	0				
flgk	GCF_016937535.1	5	5	0	0				
flgk	GCF_017357825.1	5	5	0	0				
flgk	GCF_017979425.1	5	5	0	0				
flgk	GCF_017979475.1	5	5	0	0				
flgk	GCF_018145655.1	5	5	0	0				
flgk	GCF_019711685.1	5	5	0	0				
flgk	GCF_021300615.1	5	5	0	0				
flgk	GCF_021300655.1	5	5	0	0				
flgk	GCF_023646285.1	5	5	0	0				
flgk	GCF_024267655.1	4	4	0	0				
flgk	GCF_025770725.1	5	5	0	0				
flgk	GCF_026000295.1	5	5	0	0				
flgk	GCF_027859255.1	5	5	0	0				
flgk	GCF_027943725.1	1	1	0	0				
flgk	GCF_027946175.1	2	2	0	0				
flgk	GCF_028649595.1	5	5	0	0				
flgk	GCF_028751035.1	5	5	0	0				
flgk	GCF_030249845.1	5	5	0	0				
flgk	GCF_030296055.1	5	5	0	0				
flgk	GCF_900115615.1	5	5	0	0				
flgk	GCF_900187115.1	2	2	0	0				
flgk	GCF_900461455.1	5	5	0	0				
flgk	GCF_900475935.1	5	5	0	0				
flgk	GCF_900476215.1	5	5	0	0				
flgk	GCF_900478295.1	4	4	0	0				
flgk	GCF_900637395.1	5	5	0	0				
flgk	GCF_905120465.1	5	5	0	0				
flgk	GCF_905120475.1	5	5	0	0				
flgl	GCF_000012965.1	2	2	0	0				
flgl	GCF_000021725.1	2	1	0	1				
flgl	GCF_000024885.1	3	2	0	1				
flgl	GCF_000092245.1	1	1	0	0				
flgl	GCF_000147355.1	3	2	0	1				
flgl	GCF_000155475.1	3	2	0	1				
flgl	GCF_000162575.1	3	2	0	1				
flgl	GCF_000183725.1	3	2	0	1				
flgl	GCF_000196135.1	3	2	0	1				
flgl	GCF_000200595.1	3	2	0	1				
flgl	GCF_000242915.1	3	2	0	1				
flgl	GCF_000254135.1	3	2	0	1				
flgl	GCF_000259275.1	3	2	0	1				
flgl	GCF_000265295.1	3	2	0	1				
flgl	GCF_000420385.1	0	0	0	0				
flgl	GCF_000445475.1	3	2	0	1				
flgl	GCF_000507845.1	3	2	0	1				
flgl	GCF_000518225.1	3	2	0	1				
flgl	GCF_000568815.1	3	2	0	1				
flgl	GCF_000597725.1	3	2	0	1				
flgl	GCF_000686565.1	3	2	0	1				
flgl	GCF_000687535.1	3	2	0	1				
flgl	GCF_000736415.1	3	2	0	1				
flgl	GCF_000744435.1	1	1	0	0				
flgl	GCF_000762845.2	3	2	0	1				
flgl	GCF_000762875.2	3	2	0	1				
flgl	GCF_000763135.2	3	2	0	1				
flgl	GCF_000765805.2	3	2	0	1				
flgl	GCF_000765905.2	3	2	0	1				
flgl	GCF_000813325.1	3	2	0	1				
flgl	GCF_000816185.1	3	2	0	1				
flgl	GCF_000816305.1	3	2	0	1				
flgl	GCF_000816785.1	3	2	0	1				
flgl	GCF_001282945.1	3	2	0	1				
flgl	GCF_001283065.1	3	2	0	1				
flgl	GCF_001298465.1	3	2	0	1				
flgl	GCF_001457695.1	2	1	0	1				
flgl	GCF_001602095.1	3	2	0	1				
flgl	GCF_001687475.2	3	2	0	1				
flgl	GCF_001693335.1	3	2	0	1				
flgl	GCF_001723605.1	3	2	0	1				
flgl	GCF_001956695.1	2	1	0	1				
flgl	GCF_002021925.1	3	2	0	1				
flgl	GCF_002080395.1	3	2	0	1				
flgl	GCF_002104335.1	3	2	0	1				
flgl	GCF_002119425.1	0	0	0	0				
flgl	GCF_002139855.1	3	2	0	1				
flgl	GCF_002139875.1	3	2	0	1				
flgl	GCF_002139915.1	3	2	0	1				
flgl	GCF_002139935.1	3	2	0	1				
flgl	GCF_002238335.1	3	2	0	1				
flgl	GCF_002335445.1	3	2	0	1				
flgl	GCF_002837275.1	1	1	0	0				
flgl	GCF_003063245.1	2	2	0	0				
flgl	GCF_003063295.1	1	1	0	0				
flgl	GCF_003245365.1	3	2	0	1				
flgl	GCF_003316695.1	2	2	0	0				
flgl	GCF_003346775.1	1	1	0	0				
flgl	GCF_003346815.1	1	1	0	0				
flgl	GCF_003355515.1	2	2	0	0				
flgl	GCF_003364195.1	3	2	0	1				
flgl	GCF_003364205.1	3	2	0	1				
flgl	GCF_003364215.1	3	2	0	1				
flgl	GCF_003364255.1	3	2	0	1				
flgl	GCF_003364335.1	3	2	0	1				
flgl	GCF_003544835.1	1	1	0	0				
flgl	GCF_003544855.1	2	2	0	0				
flgl	GCF_003544935.1	1	1	0	0				
flgl	GCF_003660105.1	1	1	0	0				
flgl	GCF_003660265.1	3	2	0	1				
flgl	GCF_003660285.1	3	2	0	1				
flgl	GCF_003660395.1	3	2	0	1				
flgl	GCF_003667345.1	1	1	0	0				
flgl	GCF_003670275.1	3	2	0	1				
flgl	GCF_003752135.1	3	2	0	1				
flgl	GCF_004214795.1	2	2	0	0				
flgl	GCF_004214815.1	1	1	0	0				
flgl	GCF_004299785.2	1	1	0	0				
flgl	GCF_004323845.1	3	2	0	1				
flgl	GCF_004803795.1	3	2	0	1				
flgl	GCF_004803815.1	3	2	0	1				
flgl	GCF_005217605.1	3	2	0	1				
flgl	GCF_005406215.1	3	2	0	1				
flgl	GCF_005406225.1	3	2	0	1				
flgl	GCF_005843985.1	3	2	0	1				
flgl	GCF_006459125.1	2	1	0	1				
flgl	GCF_006864425.1	3	2	0	1				
flgl	GCF_008245005.1	3	2	0	1				
flgl	GCF_008245045.1	3	2	0	1				
flgl	GCF_008693005.1	3	2	0	1				
flgl	GCF_009068765.1	3	2	0	1				
flgl	GCF_009192995.1	3	2	0	1				
flgl	GCF_009258225.1	3	2	0	1				
flgl	GCF_011769985.2	3	2	0	1				
flgl	GCF_013177635.1	1	1	0	0				
flgl	GCF_013177655.1	3	2	0	1				
flgl	GCF_013201605.1	3	2	0	1				
flgl	GCF_013201625.1	2	1	0	1				
flgl	GCF_013201705.1	1	1	0	0				
flgl	GCF_013201725.1	1	1	0	0				
flgl	GCF_013201825.1	1	1	0	0				
flgl	GCF_013201935.1	3	3	0	0				
flgl	GCF_013283835.1	2	2	0	0				
flgl	GCF_013372105.1	3	2	0	1				
flgl	GCF_013372125.1	3	2	0	1				
flgl	GCF_013372145.1	3	2	0	1				
flgl	GCF_013372185.1	3	2	0	1				
flgl	GCF_013372205.1	3	2	0	1				
flgl	GCF_013372265.1	1	1	0	0				
flgl	GCF_014253065.1	3	2	0	1				
flgl	GCF_014466985.1	0	0	0	0				
flgl	GCF_014905095.1	3	2	0	1				
flgl	GCF_014905115.1	3	2	0	1				
flgl	GCF_014905135.1	3	2	0	1				
flgl	GCF_015100395.1	2	1	0	1				
flgl	GCF_015265455.1	3	2	0	1				
flgl	GCF_015265475.1	3	2	0	1				
flgl	GCF_016106035.1	1	1	0	0				
flgl	GCF_016593255.1	3	2	0	1				
flgl	GCF_016806695.1	3	2	0	1				
flgl	GCF_016937535.1	3	2	0	1				
flgl	GCF_017357825.1	3	2	0	1				
flgl	GCF_017979425.1	3	2	0	1				
flgl	GCF_017979475.1	3	2	0	1				
flgl	GCF_018145655.1	3	2	0	1				
flgl	GCF_019711685.1	3	2	0	1				
flgl	GCF_021300615.1	3	2	0	1				
flgl	GCF_021300655.1	3	2	0	1				
flgl	GCF_023646285.1	3	2	0	1				
flgl	GCF_024267655.1	2	1	0	1				
flgl	GCF_025770725.1	3	2	0	1				
flgl	GCF_026000295.1	3	2	0	1				
flgl	GCF_027859255.1	3	2	0	1				
flgl	GCF_027943725.1	1	1	0	0				
flgl	GCF_027946175.1	4	3	0	1				
flgl	GCF_028649595.1	3	2	0	1				
flgl	GCF_028751035.1	3	2	0	1				
flgl	GCF_030249845.1	3	2	0	1				
flgl	GCF_030296055.1	3	2	0	1				
flgl	GCF_900115615.1	3	2	0	1				
flgl	GCF_900187115.1	0	0	0	0				
flgl	GCF_900461455.1	3	2	0	1				
flgl	GCF_900475935.1	3	2	0	1				
flgl	GCF_900476215.1	3	2	0	1				
flgl	GCF_900637395.1	3	2	0	1				
flgl	GCF_905120465.1	3	2	0	1				
flgl	GCF_905120475.1	3	2	0	1				
flgr	GCF_000012965.1	2	1	0	1				
flgr	GCF_000024885.1	3	1	0	2				
flgr	GCF_000147355.1	3	1	0	2				
flgr	GCF_000162575.1	3	1	0	2				
flgr	GCF_000183725.1	3	1	0	2				
flgr	GCF_000196135.1	3	1	0	2				
flgr	GCF_000200595.1	3	1	0	2				
flgr	GCF_000242915.1	4	1	0	3				
flgr	GCF_000254135.1	3	1	0	2				
flgr	GCF_000259275.1	3	1	0	2				
flgr	GCF_000265295.1	3	1	0	2				
flgr	GCF_000445475.1	3	1	0	2				
flgr	GCF_000507845.1	3	1	0	2				
flgr	GCF_000518225.1	3	1	0	2				
flgr	GCF_000568815.1	3	1	0	2				
flgr	GCF_000597725.1	3	1	0	2				
flgr	GCF_000686565.1	3	1	0	2				
flgr	GCF_000687535.1	3	1	0	2				
flgr	GCF_000736415.1	3	1	0	2				
flgr	GCF_000762845.2	3	1	0	2				
flgr	GCF_000762875.2	3	1	0	2				
flgr	GCF_000763135.2	3	1	0	2				
flgr	GCF_000765805.2	3	1	0	2				
flgr	GCF_000765905.2	3	1	0	2				
flgr	GCF_000813325.1	3	1	0	2				
flgr	GCF_000816185.1	3	1	0	2				
flgr	GCF_000816305.1	3	1	0	2				
flgr	GCF_000816785.1	3	1	0	2				
flgr	GCF_001282945.1	3	1	0	2				
flgr	GCF_001283065.1	3	1	0	2				
flgr	GCF_001298465.1	3	1	0	2				
flgr	GCF_001457695.1	2	0	0	2				
flgr	GCF_001602095.1	3	1	0	2				
flgr	GCF_001687475.2	3	1	0	2				
flgr	GCF_001693335.1	3	1	0	2				
flgr	GCF_001723605.1	3	1	0	2				
flgr	GCF_002021925.1	3	1	0	2				
flgr	GCF_002080395.1	3	1	0	2				
flgr	GCF_002104335.1	4	1	0	3				
flgr	GCF_002139855.1	3	1	0	2				
flgr	GCF_002139875.1	3	1	0	2				
flgr	GCF_002139915.1	3	1	0	2				
flgr	GCF_002139935.1	3	1	0	2				
flgr	GCF_002238335.1	3	1	0	2				
flgr	GCF_003245365.1	3	1	0	2				
flgr	GCF_003364195.1	4	1	0	3				
flgr	GCF_003364205.1	3	1	0	2				
flgr	GCF_003364215.1	3	1	0	2				
flgr	GCF_003364255.1	3	1	0	2				
flgr	GCF_003364335.1	3	1	0	2				
flgr	GCF_003660265.1	3	1	0	2				
flgr	GCF_003660285.1	3	1	0	2				
flgr	GCF_003660395.1	3	1	0	2				
flgr	GCF_003670275.1	3	1	0	2				
flgr	GCF_004323845.1	3	1	0	2				
flgr	GCF_004803795.1	3	1	0	2				
flgr	GCF_004803815.1	3	1	0	2				
flgr	GCF_005217605.1	3	1	0	2				
flgr	GCF_005406215.1	3	1	0	2				
flgr	GCF_005406225.1	3	1	0	2				
flgr	GCF_006864425.1	3	1	0	2				
flgr	GCF_008245005.1	3	1	0	2				
flgr	GCF_008245045.1	3	1	0	2				
flgr	GCF_008693005.1	3	1	0	2				
flgr	GCF_009068765.1	3	1	0	2				
flgr	GCF_009192995.1	3	1	0	2				
flgr	GCF_009258225.1	3	1	0	2				
flgr	GCF_011769985.2	3	1	0	2				
flgr	GCF_013177655.1	3	1	0	2				
flgr	GCF_013201605.1	3	1	0	2				
flgr	GCF_013372105.1	3	1	0	2				
flgr	GCF_013372125.1	3	1	0	2				
flgr	GCF_013372145.1	3	1	0	2				
flgr	GCF_013372185.1	3	1	0	2				
flgr	GCF_013372205.1	3	1	0	2				
flgr	GCF_014253065.1	3	1	0	2				
flgr	GCF_014905095.1	3	1	0	2				
flgr	GCF_014905115.1	3	1	0	2				
flgr	GCF_014905135.1	3	1	0	2				
flgr	GCF_015265475.1	3	1	0	2				
flgr	GCF_016593255.1	3	1	0	2				
flgr	GCF_016806695.1	3	1	0	2				
flgr	GCF_016937535.1	3	1	0	2				
flgr	GCF_017357825.1	3	1	0	2				
flgr	GCF_017979425.1	3	1	0	2				
flgr	GCF_018145655.1	3	1	0	2				
flgr	GCF_019711685.1	3	1	0	2				
flgr	GCF_021300615.1	3	1	0	2				
flgr	GCF_021300655.1	3	1	0	2				
flgr	GCF_023646285.1	3	1	0	2				
flgr	GCF_025770725.1	3	1	0	2				
flgr	GCF_026000295.1	3	1	0	2				
flgr	GCF_027859255.1	3	1	0	2				
flgr	GCF_028649595.1	3	1	0	2				
flgr	GCF_028751035.1	3	1	0	2				
flgr	GCF_030249845.1	3	1	0	2				
flgr	GCF_030296055.1	4	1	0	3				
flgr	GCF_900115615.1	4	1	0	3				
flgr	GCF_900461455.1	3	1	0	2				
flgr	GCF_900475935.1	3	1	0	2				
flgr	GCF_900476215.1	3	1	0	2				
flgr	GCF_900637395.1	3	1	0	2				
flgr	GCF_905120465.1	3	1	0	2				
flgr	GCF_905120475.1	3	1	0	2				
flgs	GCF_000012965.1	4	2	0	2				
flgs	GCF_000024885.1	5	2	0	3				
flgs	GCF_000147355.1	5	2	0	3				
flgs	GCF_000155475.1	5	2	0	3				
flgs	GCF_000162575.1	5	2	0	3				
flgs	GCF_000183725.1	5	2	0	3				
flgs	GCF_000196135.1	5	2	0	3				
flgs	GCF_000200595.1	5	2	0	3				
flgs	GCF_000242915.1	5	2	0	3				
flgs	GCF_000254135.1	5	2	0	3				
flgs	GCF_000259275.1	5	2	0	3				
flgs	GCF_000265295.1	5	2	0	3				
flgs	GCF_000445475.1	5	2	0	3				
flgs	GCF_000507845.1	5	2	0	3				
flgs	GCF_000518225.1	5	2	0	3				
flgs	GCF_000568815.1	5	2	0	3				
flgs	GCF_000597725.1	5	2	0	3				
flgs	GCF_000686565.1	5	2	0	3				
flgs	GCF_000687535.1	5	2	0	3				
flgs	GCF_000736415.1	5	2	0	3				
flgs	GCF_000762845.2	5	2	0	3				
flgs	GCF_000762875.2	5	2	0	3				
flgs	GCF_000763135.2	5	2	0	3				
flgs	GCF_000765805.2	5	2	0	3				
flgs	GCF_000765905.2	5	2	0	3				
flgs	GCF_000813325.1	5	2	0	3				
flgs	GCF_000816185.1	5	2	0	3				
flgs	GCF_000816305.1	5	2	0	3				
flgs	GCF_000816785.1	5	2	0	3				
flgs	GCF_001282945.1	5	2	0	3				
flgs	GCF_001283065.1	5	2	0	3				
flgs	GCF_001298465.1	5	2	0	3				
flgs	GCF_001457695.1	4	1	0	3				
flgs	GCF_001602095.1	5	2	0	3				
flgs	GCF_001687475.2	5	2	0	3				
flgs	GCF_001693335.1	5	2	0	3				
flgs	GCF_001723605.1	5	2	0	3				
flgs	GCF_002021925.1	5	2	0	3				
flgs	GCF_002080395.1	5	2	0	3				
flgs	GCF_002104335.1	5	2	0	3				
flgs	GCF_002139855.1	5	2	0	3				
flgs	GCF_002139875.1	5	2	0	3				
flgs	GCF_002139915.1	5	2	0	3				
flgs	GCF_002139935.1	5	2	0	3				
flgs	GCF_002238335.1	5	2	0	3				
flgs	GCF_003245365.1	5	2	0	3				
flgs	GCF_003364195.1	5	2	0	3				
flgs	GCF_003364205.1	5	2	0	3				
flgs	GCF_003364215.1	5	2	0	3				
flgs	GCF_003364255.1	5	2	0	3				
flgs	GCF_003364335.1	5	2	0	3				
flgs	GCF_003660265.1	5	2	0	3				
flgs	GCF_003660285.1	5	2	0	3				
flgs	GCF_003660395.1	5	2	0	3				
flgs	GCF_003670275.1	5	2	0	3				
flgs	GCF_004323845.1	5	2	0	3				
flgs	GCF_004803795.1	5	2	0	3				
flgs	GCF_005217605.1	5	2	0	3				
flgs	GCF_005406215.1	5	2	0	3				
flgs	GCF_005406225.1	5	2	0	3				
flgs	GCF_006864425.1	5	2	0	3				
flgs	GCF_008245005.1	5	2	0	3				
flgs	GCF_008245045.1	5	2	0	3				
flgs	GCF_008693005.1	5	2	0	3				
flgs	GCF_009068765.1	5	2	0	3				
flgs	GCF_009192995.1	5	2	0	3				
flgs	GCF_009258225.1	5	2	0	3				
flgs	GCF_011769985.2	5	2	0	3				
flgs	GCF_013201605.1	5	2	0	3				
flgs	GCF_013372105.1	5	2	0	3				
flgs	GCF_013372125.1	5	2	0	3				
flgs	GCF_013372145.1	5	2	0	3				
flgs	GCF_013372185.1	5	2	0	3				
flgs	GCF_013372205.1	5	2	0	3				
flgs	GCF_014253065.1	5	2	0	3				
flgs	GCF_014905095.1	5	2	0	3				
flgs	GCF_014905115.1	5	2	0	3				
flgs	GCF_014905135.1	5	2	0	3				
flgs	GCF_015265455.1	5	2	0	3				
flgs	GCF_015265475.1	5	2	0	3				
flgs	GCF_016593255.1	5	2	0	3				
flgs	GCF_016806695.1	5	2	0	3				
flgs	GCF_016937535.1	5	2	0	3				
flgs	GCF_017357825.1	5	2	0	3				
flgs	GCF_017979425.1	5	2	0	3				
flgs	GCF_017979475.1	5	2	0	3				
flgs	GCF_018145655.1	5	2	0	3				
flgs	GCF_019711685.1	5	2	0	3				
flgs	GCF_021300615.1	5	2	0	3				
flgs	GCF_021300655.1	5	2	0	3				
flgs	GCF_023646285.1	5	2	0	3				
flgs	GCF_025770725.1	5	2	0	3				
flgs	GCF_027859255.1	5	2	0	3				
flgs	GCF_028649595.1	5	2	0	3				
flgs	GCF_028751035.1	5	2	0	3				
flgs	GCF_900115615.1	5	2	0	3				
flgs	GCF_900461455.1	5	2	0	3				
flgs	GCF_900475935.1	5	2	0	3				
flgs	GCF_900476215.1	5	2	0	3				
flgs	GCF_900478295.1	4	1	0	3				
flgs	GCF_900637395.1	5	2	0	3				
flgs	GCF_905120465.1	5	2	0	3				
flgs	GCF_905120475.1	5	2	0	3				
flha	GCF_000012965.1	4	4	0	0				
flha	GCF_000021725.1	4	4	0	0				
flha	GCF_000024885.1	5	5	0	0				
flha	GCF_000092245.1	5	5	0	0				
flha	GCF_000147355.1	5	5	0	0				
flha	GCF_000155475.1	5	5	0	0				
flha	GCF_000162575.1	5	5	0	0				
flha	GCF_000183725.1	5	5	0	0				
flha	GCF_000194135.1	5	5	0	0				
flha	GCF_000196135.1	5	5	0	0				
flha	GCF_000200595.1	5	5	0	0				
flha	GCF_000242915.1	5	5	0	0				
flha	GCF_000254135.1	5	5	0	0				
flha	GCF_000259275.1	5	5	0	0				
flha	GCF_000265295.1	5	5	0	0				
flha	GCF_000420385.1	5	5	0	0				
flha	GCF_000445475.1	5	5	0	0				
flha	GCF_000507845.1	5	5	0	0				
flha	GCF_000518225.1	5	5	0	0				
flha	GCF_000568815.1	5	5	0	0				
flha	GCF_000597725.1	5	5	0	0				
flha	GCF_000686565.1	5	5	0	0				
flha	GCF_000687535.1	5	5	0	0				
flha	GCF_000736415.1	5	5	0	0				
flha	GCF_000744435.1	5	5	0	0				
flha	GCF_000762845.2	5	5	0	0				
flha	GCF_000762875.2	5	5	0	0				
flha	GCF_000763135.2	5	5	0	0				
flha	GCF_000765805.2	5	5	0	0				
flha	GCF_000765905.2	5	5	0	0				
flha	GCF_000813325.1	5	5	0	0				
flha	GCF_000816185.1	5	5	0	0				
flha	GCF_000816305.1	5	5	0	0				
flha	GCF_000816785.1	5	5	0	0				
flha	GCF_001282945.1	5	5	0	0				
flha	GCF_001283065.1	5	5	0	0				
flha	GCF_001298465.1	5	5	0	0				
flha	GCF_001457695.1	4	4	0	0				
flha	GCF_001602095.1	5	5	0	0				
flha	GCF_001687475.2	5	5	0	0				
flha	GCF_001693335.1	5	5	0	0				
flha	GCF_001723605.1	5	5	0	0				
flha	GCF_001956695.1	5	5	0	0				
flha	GCF_002021925.1	5	5	0	0				
flha	GCF_002080395.1	5	5	0	0				
flha	GCF_002104335.1	5	5	0	0				
flha	GCF_002119425.1	5	5	0	0				
flha	GCF_002139855.1	5	5	0	0				
flha	GCF_002139875.1	5	5	0	0				
flha	GCF_002139915.1	5	5	0	0				
flha	GCF_002139935.1	5	5	0	0				
flha	GCF_002238335.1	5	5	0	0				
flha	GCF_002335445.1	5	5	0	0				
flha	GCF_002837275.1	5	5	0	0				
flha	GCF_003063245.1	5	5	0	0				
flha	GCF_003063295.1	5	5	0	0				
flha	GCF_003245365.1	5	5	0	0				
flha	GCF_003316695.1	5	5	0	0				
flha	GCF_003346775.1	5	5	0	0				
flha	GCF_003346815.1	5	5	0	0				
flha	GCF_003355515.1	5	5	0	0				
flha	GCF_003364195.1	5	5	0	0				
flha	GCF_003364205.1	5	5	0	0				
flha	GCF_003364215.1	5	5	0	0				
flha	GCF_003364255.1	5	5	0	0				
flha	GCF_003364335.1	5	5	0	0				
flha	GCF_003544835.1	5	5	0	0				
flha	GCF_003544855.1	5	5	0	0				
flha	GCF_003544935.1	5	5	0	0				
flha	GCF_003660105.1	5	5	0	0				
flha	GCF_003660265.1	5	5	0	0				
flha	GCF_003660285.1	5	5	0	0				
flha	GCF_003660395.1	5	5	0	0				
flha	GCF_003667345.1	5	5	0	0				
flha	GCF_003670275.1	5	5	0	0				
flha	GCF_003752135.1	5	5	0	0				
flha	GCF_004214795.1	5	5	0	0				
flha	GCF_004214815.1	5	5	0	0				
flha	GCF_004299785.2	5	5	0	0				
flha	GCF_004323845.1	5	5	0	0				
flha	GCF_004803795.1	5	5	0	0				
flha	GCF_004803815.1	5	5	0	0				
flha	GCF_005217605.1	5	5	0	0				
flha	GCF_005406215.1	5	5	0	0				
flha	GCF_005406225.1	5	5	0	0				
flha	GCF_005843985.1	5	5	0	0				
flha	GCF_006459125.1	5	5	0	0				
flha	GCF_006864425.1	5	5	0	0				
flha	GCF_008245005.1	5	5	0	0				
flha	GCF_008245045.1	5	5	0	0				
flha	GCF_008693005.1	5	5	0	0				
flha	GCF_009068765.1	5	5	0	0				
flha	GCF_009192995.1	5	5	0	0				
flha	GCF_009258225.1	5	5	0	0				
flha	GCF_011769985.2	5	5	0	0				
flha	GCF_013177635.1	5	5	0	0				
flha	GCF_013177655.1	5	5	0	0				
flha	GCF_013201605.1	5	5	0	0				
flha	GCF_013201625.1	5	5	0	0				
flha	GCF_013201705.1	5	5	0	0				
flha	GCF_013201725.1	5	5	0	0				
flha	GCF_013201825.1	5	5	0	0				
flha	GCF_013201935.1	5	5	0	0				
flha	GCF_013283835.1	5	5	0	0				
flha	GCF_013372105.1	5	5	0	0				
flha	GCF_013372125.1	5	5	0	0				
flha	GCF_013372145.1	5	5	0	0				
flha	GCF_013372185.1	5	5	0	0				
flha	GCF_013372205.1	5	5	0	0				
flha	GCF_013372265.1	5	5	0	0				
flha	GCF_014253065.1	5	5	0	0				
flha	GCF_014466985.1	5	5	0	0				
flha	GCF_014905095.1	5	5	0	0				
flha	GCF_014905135.1	5	5	0	0				
flha	GCF_015100395.1	5	5	0	0				
flha	GCF_015265455.1	5	5	0	0				
flha	GCF_015265475.1	5	5	0	0				
flha	GCF_016106035.1	5	5	0	0				
flha	GCF_016593255.1	5	5	0	0				
flha	GCF_016937535.1	5	5	0	0				
flha	GCF_017357825.1	5	5	0	0				
flha	GCF_017979425.1	5	5	0	0				
flha	GCF_017979475.1	5	5	0	0				
flha	GCF_018145655.1	5	5	0	0				
flha	GCF_019711685.1	5	5	0	0				
flha	GCF_021300615.1	5	5	0	0				
flha	GCF_021300655.1	5	5	0	0				
flha	GCF_023646285.1	5	5	0	0				
flha	GCF_024267655.1	5	5	0	0				
flha	GCF_025770725.1	5	5	0	0				
flha	GCF_026000295.1	5	5	0	0				
flha	GCF_027859255.1	5	5	0	0				
flha	GCF_027943725.1	5	5	0	0				
flha	GCF_027946175.1	5	5	0	0				
flha	GCF_028649595.1	5	5	0	0				
flha	GCF_028751035.1	5	5	0	0				
flha	GCF_030249845.1	5	5	0	0				
flha	GCF_030296055.1	5	5	0	0				
flha	GCF_900115615.1	5	5	0	0				
flha	GCF_900187115.1	4	4	0	0				
flha	GCF_900461455.1	5	5	0	0				
flha	GCF_900475935.1	5	5	0	0				
flha	GCF_900476215.1	5	5	0	0				
flha	GCF_900478295.1	4	4	0	0				
flha	GCF_900637395.1	5	5	0	0				
flha	GCF_905120465.1	5	5	0	0				
flha	GCF_905120475.1	5	5	0	0				
flhb	GCF_000012965.1	4	4	0	0				
flhb	GCF_000021725.1	4	4	0	0				
flhb	GCF_000024885.1	5	5	0	0				
flhb	GCF_000092245.1	5	5	0	0				
flhb	GCF_000147355.1	5	5	0	0				
flhb	GCF_000155475.1	5	5	0	0				
flhb	GCF_000162575.1	5	5	0	0				
flhb	GCF_000183725.1	5	5	0	0				
flhb	GCF_000194135.1	5	5	0	0				
flhb	GCF_000196135.1	5	5	0	0				
flhb	GCF_000200595.1	5	5	0	0				
flhb	GCF_000242915.1	5	5	0	0				
flhb	GCF_000254135.1	5	5	0	0				
flhb	GCF_000259275.1	5	5	0	0				
flhb	GCF_000265295.1	5	5	0	0				
flhb	GCF_000420385.1	5	5	0	0				
flhb	GCF_000445475.1	5	5	0	0				
flhb	GCF_000507845.1	5	5	0	0				
flhb	GCF_000518225.1	5	5	0	0				
flhb	GCF_000568815.1	5	5	0	0				
flhb	GCF_000597725.1	5	5	0	0				
flhb	GCF_000686565.1	5	5	0	0				
flhb	GCF_000687535.1	5	5	0	0				
flhb	GCF_000736415.1	5	5	0	0				
flhb	GCF_000744435.1	5	5	0	0				
flhb	GCF_000762845.2	5	5	0	0				
flhb	GCF_000762875.2	5	5	0	0				
flhb	GCF_000763135.2	5	5	0	0				
flhb	GCF_000765805.2	5	5	0	0				
flhb	GCF_000765905.2	5	5	0	0				
flhb	GCF_000813325.1	5	5	0	0				
flhb	GCF_000816185.1	5	5	0	0				
flhb	GCF_000816305.1	5	5	0	0				
flhb	GCF_000816785.1	5	5	0	0				
flhb	GCF_001282945.1	5	5	0	0				
flhb	GCF_001283065.1	5	5	0	0				
flhb	GCF_001298465.1	5	5	0	0				
flhb	GCF_001457695.1	4	4	0	0				
flhb	GCF_001602095.1	5	5	0	0				
flhb	GCF_001687475.2	5	5	0	0				
flhb	GCF_001693335.1	5	5	0	0				
flhb	GCF_001723605.1	5	5	0	0				
flhb	GCF_001956695.1	5	5	0	0				
flhb	GCF_002021925.1	5	5	0	0				
flhb	GCF_002080395.1	5	5	0	0				
flhb	GCF_002104335.1	5	5	0	0				
flhb	GCF_002119425.1	5	5	0	0				
flhb	GCF_002139855.1	5	5	0	0				
flhb	GCF_002139875.1	5	5	0	0				
flhb	GCF_002139915.1	5	5	0	0				
flhb	GCF_002139935.1	5	5	0	0				
flhb	GCF_002238335.1	5	5	0	0				
flhb	GCF_002335445.1	5	5	0	0				
flhb	GCF_002837275.1	5	5	0	0				
flhb	GCF_003063245.1	5	5	0	0				
flhb	GCF_003063295.1	5	5	0	0				
flhb	GCF_003245365.1	5	5	0	0				
flhb	GCF_003316695.1	5	5	0	0				
flhb	GCF_003346775.1	5	5	0	0				
flhb	GCF_003346815.1	5	5	0	0				
flhb	GCF_003355515.1	5	5	0	0				
flhb	GCF_003364195.1	5	5	0	0				
flhb	GCF_003364205.1	5	5	0	0				
flhb	GCF_003364215.1	5	5	0	0				
flhb	GCF_003364255.1	5	5	0	0				
flhb	GCF_003364335.1	5	5	0	0				
flhb	GCF_003544835.1	5	5	0	0				
flhb	GCF_003544855.1	5	5	0	0				
flhb	GCF_003544935.1	5	5	0	0				
flhb	GCF_003660105.1	5	5	0	0				
flhb	GCF_003660285.1	5	5	0	0				
flhb	GCF_003660395.1	5	5	0	0				
flhb	GCF_003667345.1	5	5	0	0				
flhb	GCF_003670275.1	5	5	0	0				
flhb	GCF_003752135.1	5	5	0	0				
flhb	GCF_004214795.1	5	5	0	0				
flhb	GCF_004214815.1	5	5	0	0				
flhb	GCF_004299785.2	5	5	0	0				
flhb	GCF_004323845.1	5	5	0	0				
flhb	GCF_004803795.1	5	5	0	0				
flhb	GCF_004803815.1	5	5	0	0				
flhb	GCF_005217605.1	5	5	0	0				
flhb	GCF_005406215.1	5	5	0	0				
flhb	GCF_005406225.1	5	5	0	0				
flhb	GCF_005843985.1	5	5	0	0				
flhb	GCF_006459125.1	5	5	0	0				
flhb	GCF_006864425.1	5	5	0	0				
flhb	GCF_008245005.1	5	5	0	0				
flhb	GCF_008245045.1	5	5	0	0				
flhb	GCF_008693005.1	5	5	0	0				
flhb	GCF_009068765.1	5	5	0	0				
flhb	GCF_009192995.1	5	5	0	0				
flhb	GCF_009258225.1	5	5	0	0				
flhb	GCF_011769985.2	5	5	0	0				
flhb	GCF_013177635.1	5	5	0	0				
flhb	GCF_013177655.1	5	5	0	0				
flhb	GCF_013201605.1	5	5	0	0				
flhb	GCF_013201625.1	5	5	0	0				
flhb	GCF_013201705.1	5	5	0	0				
flhb	GCF_013201725.1	5	5	0	0				
flhb	GCF_013201825.1	5	5	0	0				
flhb	GCF_013201935.1	5	5	0	0				
flhb	GCF_013283835.1	5	5	0	0				
flhb	GCF_013372105.1	5	5	0	0				
flhb	GCF_013372125.1	5	5	0	0				
flhb	GCF_013372145.1	5	5	0	0				
flhb	GCF_013372185.1	5	5	0	0				
flhb	GCF_013372205.1	5	5	0	0				
flhb	GCF_013372265.1	5	5	0	0				
flhb	GCF_014253065.1	5	5	0	0				
flhb	GCF_014466985.1	5	5	0	0				
flhb	GCF_014905095.1	5	5	0	0				
flhb	GCF_014905115.1	5	5	0	0				
flhb	GCF_014905135.1	5	5	0	0				
flhb	GCF_015100395.1	5	5	0	0				
flhb	GCF_015265455.1	5	5	0	0				
flhb	GCF_015265475.1	5	5	0	0				
flhb	GCF_016106035.1	5	5	0	0				
flhb	GCF_016593255.1	5	5	0	0				
flhb	GCF_016806695.1	5	5	0	0				
flhb	GCF_016937535.1	5	5	0	0				
flhb	GCF_017357825.1	5	5	0	0				
flhb	GCF_017979425.1	5	5	0	0				
flhb	GCF_017979475.1	5	5	0	0				
flhb	GCF_018145655.1	5	5	0	0				
flhb	GCF_019711685.1	5	5	0	0				
flhb	GCF_021300615.1	5	5	0	0				
flhb	GCF_021300655.1	5	5	0	0				
flhb	GCF_023646285.1	5	5	0	0				
flhb	GCF_024267655.1	5	5	0	0				
flhb	GCF_025770725.1	5	5	0	0				
flhb	GCF_026000295.1	5	5	0	0				
flhb	GCF_027859255.1	5	5	0	0				
flhb	GCF_027943725.1	5	5	0	0				
flhb	GCF_027946175.1	5	5	0	0				
flhb	GCF_028649595.1	5	5	0	0				
flhb	GCF_028751035.1	5	5	0	0				
flhb	GCF_030249845.1	5	5	0	0				
flhb	GCF_030296055.1	5	5	0	0				
flhb	GCF_900115615.1	5	5	0	0				
flhb	GCF_900187115.1	4	4	0	0				
flhb	GCF_900461455.1	5	5	0	0				
flhb	GCF_900475935.1	5	5	0	0				
flhb	GCF_900476215.1	5	5	0	0				
flhb	GCF_900478295.1	4	4	0	0				
flhb	GCF_900637395.1	5	5	0	0				
flhb	GCF_905120465.1	5	5	0	0				
flhb	GCF_905120475.1	5	5	0	0				
flhf	GCF_000012965.1	4	4	0	0				
flhf	GCF_000021725.1	4	4	0	0				
flhf	GCF_000024885.1	5	5	0	0				
flhf	GCF_000092245.1	5	5	0	0				
flhf	GCF_000147355.1	5	5	0	0				
flhf	GCF_000155475.1	5	5	0	0				
flhf	GCF_000162575.1	5	5	0	0				
flhf	GCF_000183725.1	5	5	0	0				
flhf	GCF_000194135.1	4	4	0	0				
flhf	GCF_000196135.1	5	5	0	0				
flhf	GCF_000200595.1	5	5	0	0				
flhf	GCF_000242915.1	5	5	0	0				
flhf	GCF_000254135.1	5	5	0	0				
flhf	GCF_000259275.1	5	5	0	0				
flhf	GCF_000265295.1	5	5	0	0				
flhf	GCF_000420385.1	5	5	0	0				
flhf	GCF_000445475.1	5	5	0	0				
flhf	GCF_000507845.1	2	2	0	0				
flhf	GCF_000518225.1	5	5	0	0				
flhf	GCF_000568815.1	5	5	0	0				
flhf	GCF_000597725.1	5	5	0	0				
flhf	GCF_000686565.1	5	5	0	0				
flhf	GCF_000687535.1	5	5	0	0				
flhf	GCF_000736415.1	5	5	0	0				
flhf	GCF_000744435.1	5	4	1	0	C.jejuni:ftsy			
flhf	GCF_000762845.2	5	5	0	0				
flhf	GCF_000762875.2	5	5	0	0				
flhf	GCF_000763135.2	5	5	0	0				
flhf	GCF_000765805.2	5	5	0	0				
flhf	GCF_000765905.2	5	5	0	0				
flhf	GCF_000813325.1	5	5	0	0				
flhf	GCF_000816185.1	5	5	0	0				
flhf	GCF_000816305.1	5	5	0	0				
flhf	GCF_000816785.1	5	5	0	0				
flhf	GCF_001282945.1	5	5	0	0				
flhf	GCF_001283065.1	5	5	0	0				
flhf	GCF_001298465.1	5	5	0	0				
flhf	GCF_001457695.1	4	4	0	0				
flhf	GCF_001602095.1	5	5	0	0				
flhf	GCF_001687475.2	5	5	0	0				
flhf	GCF_001693335.1	5	5	0	0				
flhf	GCF_001723605.1	5	5	0	0				
flhf	GCF_001956695.1	5	5	0	0				
flhf	GCF_002021925.1	5	5	0	0				
flhf	GCF_002080395.1	5	5	0	0				
flhf	GCF_002104335.1	5	5	0	0				
flhf	GCF_002119425.1	4	4	0	0				
flhf	GCF_002139855.1	5	5	0	0				
flhf	GCF_002139875.1	5	5	0	0				
flhf	GCF_002139915.1	5	5	0	0				
flhf	GCF_002139935.1	5	5	0	0				
flhf	GCF_002335445.1	5	5	0	0				
flhf	GCF_002837275.1	5	5	0	0				
flhf	GCF_003063245.1	5	5	0	0				
flhf	GCF_003063295.1	5	5	0	0				
flhf	GCF_003245365.1	5	5	0	0				
flhf	GCF_003316695.1	5	5	0	0				
flhf	GCF_003346775.1	5	5	0	0				
flhf	GCF_003346815.1	5	5	0	0				
flhf	GCF_003355515.1	5	5	0	0				
flhf	GCF_003364195.1	5	5	0	0				
flhf	GCF_003364205.1	5	5	0	0				
flhf	GCF_003364215.1	5	5	0	0				
flhf	GCF_003364255.1	5	5	0	0				
flhf	GCF_003364335.1	5	5	0	0				
flhf	GCF_003544835.1	5	5	0	0				
flhf	GCF_003544855.1	5	5	0	0				
flhf	GCF_003544935.1	5	5	0	0				
flhf	GCF_003660105.1	5	5	0	0				
flhf	GCF_003660265.1	5	5	0	0				
flhf	GCF_003660285.1	5	5	0	0				
flhf	GCF_003660395.1	5	5	0	0				
flhf	GCF_003667345.1	5	5	0	0				
flhf	GCF_003670275.1	5	5	0	0				
flhf	GCF_003752135.1	5	5	0	0				
flhf	GCF_004214795.1	5	5	0	0				
flhf	GCF_004214815.1	5	5	0	0				
flhf	GCF_004299785.2	5	5	0	0				
flhf	GCF_004323845.1	5	5	0	0				
flhf	GCF_004803795.1	5	5	0	0				
flhf	GCF_005217605.1	5	5	0	0				
flhf	GCF_005406215.1	5	5	0	0				
flhf	GCF_005406225.1	5	5	0	0				
flhf	GCF_005843985.1	5	5	0	0				
flhf	GCF_006459125.1	5	5	0	0				
flhf	GCF_006864425.1	5	5	0	0				
flhf	GCF_008245005.1	5	5	0	0				
flhf	GCF_008245045.1	5	5	0	0				
flhf	GCF_008693005.1	5	5	0	0				
flhf	GCF_009068765.1	5	5	0	0				
flhf	GCF_009192995.1	5	5	0	0				
flhf	GCF_009258225.1	5	5	0	0				
flhf	GCF_011769985.2	5	5	0	0				
flhf	GCF_013177635.1	5	5	0	0				
flhf	GCF_013177655.1	5	5	0	0				
flhf	GCF_013201605.1	5	5	0	0				
flhf	GCF_013201625.1	5	5	0	0				
flhf	GCF_013201705.1	5	5	0	0				
flhf	GCF_013201725.1	5	5	0	0				
flhf	GCF_013201825.1	5	5	0	0				
flhf	GCF_013201935.1	5	5	0	0				
flhf	GCF_013283835.1	5	5	0	0				
flhf	GCF_013372105.1	5	5	0	0				
flhf	GCF_013372145.1	5	5	0	0				
flhf	GCF_013372185.1	5	5	0	0				
flhf	GCF_013372205.1	5	5	0	0				
flhf	GCF_013372265.1	5	5	0	0				
flhf	GCF_014253065.1	5	5	0	0				
flhf	GCF_014466985.1	5	3	2	0	H.pylori:ffh; S.denitrificans:ffh			
flhf	GCF_014905115.1	5	5	0	0				
flhf	GCF_014905135.1	5	5	0	0				
flhf	GCF_015100395.1	5	5	0	0				
flhf	GCF_015265455.1	5	5	0	0				
flhf	GCF_015265475.1	5	5	0	0				
flhf	GCF_016106035.1	5	5	0	0				
flhf	GCF_016593255.1	5	5	0	0				
flhf	GCF_016937535.1	5	5	0	0				
flhf	GCF_017357825.1	5	5	0	0				
flhf	GCF_017979425.1	5	5	0	0				
flhf	GCF_017979475.1	5	5	0	0				
flhf	GCF_018145655.1	5	5	0	0				
flhf	GCF_019711685.1	5	5	0	0				
flhf	GCF_021300615.1	5	5	0	0				
flhf	GCF_021300655.1	5	5	0	0				
flhf	GCF_023646285.1	5	5	0	0				
flhf	GCF_024267655.1	5	5	0	0				
flhf	GCF_025770725.1	5	5	0	0				
flhf	GCF_027859255.1	5	5	0	0				
flhf	GCF_027943725.1	5	3	2	0	H.pylori:ffh; S.denitrificans:ffh			
flhf	GCF_027946175.1	5	2	3	0	C.jejuni:ffh; H.pylori:ffh; N.profundicola:ffh			FLAG
flhf	GCF_028649595.1	5	5	0	0				
flhf	GCF_028751035.1	5	5	0	0				
flhf	GCF_030249845.1	5	5	0	0				
flhf	GCF_030296055.1	5	5	0	0				
flhf	GCF_900115615.1	5	5	0	0				
flhf	GCF_900187115.1	4	4	0	0				
flhf	GCF_900461455.1	5	5	0	0				
flhf	GCF_900475935.1	5	5	0	0				
flhf	GCF_900476215.1	5	5	0	0				
flhf	GCF_900478295.1	4	4	0	0				
flhf	GCF_900637395.1	5	5	0	0				
flhf	GCF_905120465.1	5	5	0	0				
flhf	GCF_905120475.1	5	5	0	0				
flia	GCF_000012965.1	4	3	1	0	A.butzleri:rpod			
flia	GCF_000021725.1	4	3	1	0	A.butzleri:rpod			
flia	GCF_000024885.1	4	4	0	0				
flia	GCF_000147355.1	5	4	1	0	A.butzleri:rpod			
flia	GCF_000155475.1	4	4	0	0				
flia	GCF_000162575.1	5	4	1	0	A.butzleri:rpod			
flia	GCF_000183725.1	5	4	1	0	A.butzleri:rpod			
flia	GCF_000196135.1	5	4	1	0	A.butzleri:rpod			
flia	GCF_000200595.1	5	4	1	0	A.butzleri:rpod			
flia	GCF_000242915.1	5	4	1	0	A.butzleri:rpod			
flia	GCF_000254135.1	5	4	1	0	A.butzleri:rpod			
flia	GCF_000259275.1	5	4	1	0	A.butzleri:rpod			
flia	GCF_000265295.1	4	4	0	0				
flia	GCF_000445475.1	5	4	1	0	A.butzleri:rpod			
flia	GCF_000507845.1	5	4	1	0	A.butzleri:rpod			
flia	GCF_000518225.1	5	4	1	0	A.butzleri:rpod			
flia	GCF_000568815.1	4	4	0	0				
flia	GCF_000597725.1	4	4	0	0				
flia	GCF_000686565.1	5	4	1	0	A.butzleri:rpod			
flia	GCF_000687535.1	5	4	1	0	A.butzleri:rpod			
flia	GCF_000736415.1	4	4	0	0				
flia	GCF_000762845.2	5	4	1	0	A.butzleri:rpod			
flia	GCF_000762875.2	5	4	1	0	A.butzleri:rpod			
flia	GCF_000763135.2	4	4	0	0				
flia	GCF_000765805.2	5	4	1	0	A.butzleri:rpod			
flia	GCF_000765905.2	5	4	1	0	A.butzleri:rpod			
flia	GCF_000813325.1	4	4	0	0				
flia	GCF_000816185.1	5	4	1	0	A.butzleri:rpod			
flia	GCF_000816305.1	5	4	1	0	A.butzleri:rpod			
flia	GCF_000816785.1	5	4	1	0	A.butzleri:rpod			
flia	GCF_001282945.1	5	4	1	0	A.butzleri:rpod			
flia	GCF_001283065.1	5	4	1	0	A.butzleri:rpod			
flia	GCF_001298465.1	4	4	0	0				
flia	GCF_001457695.1	4	3	1	0	A.butzleri:rpod			
flia	GCF_001602095.1	5	4	1	0	A.butzleri:rpod			
flia	GCF_001687475.2	5	4	1	0	A.butzleri:rpod			
flia	GCF_001693335.1	5	4	1	0	A.butzleri:rpod			
flia	GCF_001723605.1	4	4	0	0				
flia	GCF_002021925.1	4	4	0	0				
flia	GCF_002080395.1	4	4	0	0				
flia	GCF_002104335.1	5	4	1	0	A.butzleri:rpod			
flia	GCF_002139855.1	5	4	1	0	A.butzleri:rpod			
flia	GCF_002139875.1	4	4	0	0				
flia	GCF_002139915.1	4	4	0	0				
flia	GCF_002139935.1	4	4	0	0				
flia	GCF_002238335.1	5	4	1	0	A.butzleri:rpod			
flia	GCF_002335445.1	5	4	1	0	A.butzleri:rpod			
flia	GCF_003245365.1	5	4	1	0	A.butzleri:rpod			
flia	GCF_003364195.1	5	4	1	0	A.butzleri:rpod			
flia	GCF_003364205.1	5	4	1	0	A.butzleri:rpod			
flia	GCF_003364215.1	5	4	1	0	A.butzleri:rpod			
flia	GCF_003364255.1	5	4	1	0	A.butzleri:rpod			
flia	GCF_003364335.1	5	4	1	0	A.butzleri:rpod			
flia	GCF_003660265.1	5	4	1	0	A.butzleri:rpod			
flia	GCF_003660285.1	5	4	1	0	A.butzleri:rpod			
flia	GCF_003660395.1	5	4	1	0	A.butzleri:rpod			
flia	GCF_003670275.1	5	4	1	0	A.butzleri:rpod			
flia	GCF_003752135.1	5	4	1	0	A.butzleri:rpod			
flia	GCF_004323845.1	5	4	1	0	A.butzleri:rpod			
flia	GCF_004803795.1	5	4	1	0	A.butzleri:rpod			
flia	GCF_004803815.1	5	4	1	0	A.butzleri:rpod			
flia	GCF_005217605.1	5	4	1	0	A.butzleri:rpod			
flia	GCF_005406215.1	4	4	0	0				
flia	GCF_005406225.1	5	4	1	0	A.butzleri:rpod			
flia	GCF_005843985.1	5	4	1	0	A.butzleri:rpod			
flia	GCF_006864425.1	5	4	1	0	A.butzleri:rpod			
flia	GCF_008245005.1	4	4	0	0				
flia	GCF_008245045.1	5	4	1	0	A.butzleri:rpod			
flia	GCF_008693005.1	4	4	0	0				
flia	GCF_009068765.1	5	4	1	0	A.butzleri:rpod			
flia	GCF_009192995.1	5	4	1	0	A.butzleri:rpod			
flia	GCF_009258225.1	4	4	0	0				
flia	GCF_011769985.2	4	4	0	0				
flia	GCF_013177655.1	5	4	1	0	A.butzleri:rpod			
flia	GCF_013201605.1	5	4	1	0	A.butzleri:rpod			
flia	GCF_013372105.1	5	4	1	0	A.butzleri:rpod			
flia	GCF_013372125.1	4	4	0	0				
flia	GCF_013372145.1	4	4	0	0				
flia	GCF_013372185.1	5	4	1	0	A.butzleri:rpod			
flia	GCF_013372205.1	4	4	0	0				
flia	GCF_014253065.1	5	4	1	0	A.butzleri:rpod			
flia	GCF_014466985.1	5	4	1	0	A.butzleri:rpod			
flia	GCF_014905095.1	4	4	0	0				
flia	GCF_014905115.1	5	4	1	0	A.butzleri:rpod			
flia	GCF_014905135.1	5	4	1	0	A.butzleri:rpod			
flia	GCF_015100395.1	5	4	1	0	A.butzleri:rpod			
flia	GCF_015265455.1	5	4	1	0	A.butzleri:rpod			
flia	GCF_015265475.1	5	4	1	0	A.butzleri:rpod			
flia	GCF_016593255.1	4	4	0	0				
flia	GCF_016806695.1	5	4	1	0	A.butzleri:rpod			
flia	GCF_016937535.1	4	4	0	0				
flia	GCF_017357825.1	5	4	1	0	A.butzleri:rpod			
flia	GCF_017979425.1	5	4	1	0	A.butzleri:rpod			
flia	GCF_017979475.1	5	4	1	0	A.butzleri:rpod			
flia	GCF_018145655.1	4	4	0	0				
flia	GCF_019711685.1	5	4	1	0	A.butzleri:rpod			
flia	GCF_021300615.1	4	4	0	0				
flia	GCF_021300655.1	5	4	1	0	A.butzleri:rpod			
flia	GCF_023646285.1	4	4	0	0				
flia	GCF_025770725.1	5	4	1	0	A.butzleri:rpod			
flia	GCF_026000295.1	5	4	1	0	A.butzleri:rpod			
flia	GCF_027859255.1	5	4	1	0	A.butzleri:rpod			
flia	GCF_027943725.1	5	4	1	0	A.butzleri:rpod			
flia	GCF_027946175.1	5	4	1	0	A.butzleri:rpod			
flia	GCF_028649595.1	5	4	1	0	A.butzleri:rpod			
flia	GCF_028751035.1	4	4	0	0				
flia	GCF_030249845.1	4	4	0	0				
flia	GCF_030296055.1	5	4	1	0	A.butzleri:rpod			
flia	GCF_900115615.1	5	4	1	0	A.butzleri:rpod			
flia	GCF_900461455.1	5	4	1	0	A.butzleri:rpod			
flia	GCF_900475935.1	4	4	0	0				
flia	GCF_900476215.1	5	4	1	0	A.butzleri:rpod			
flia	GCF_900478295.1	4	3	1	0	A.butzleri:rpod			
flia	GCF_900637395.1	5	4	1	0	A.butzleri:rpod			
flia	GCF_905120465.1	5	4	1	0	A.butzleri:rpod			
flia	GCF_905120475.1	4	4	0	0				
flid	GCF_000012965.1	4	4	0	0				
flid	GCF_000021725.1	4	4	0	0				
flid	GCF_000024885.1	5	5	0	0				
flid	GCF_000092245.1	5	5	0	0				
flid	GCF_000147355.1	5	5	0	0				
flid	GCF_000155475.1	4	4	0	0				
flid	GCF_000162575.1	4	4	0	0				
flid	GCF_000183725.1	5	5	0	0				
flid	GCF_000194135.1	4	4	0	0				
flid	GCF_000196135.1	3	3	0	0				
flid	GCF_000200595.1	5	5	0	0				
flid	GCF_000242915.1	5	5	0	0				
flid	GCF_000254135.1	5	5	0	0				
flid	GCF_000259275.1	4	4	0	0				
flid	GCF_000265295.1	5	5	0	0				
flid	GCF_000420385.1	5	5	0	0				
flid	GCF_000445475.1	5	5	0	0				
flid	GCF_000507845.1	3	3	0	0				
flid	GCF_000518225.1	4	4	0	0				
flid	GCF_000568815.1	5	5	0	0				
flid	GCF_000597725.1	5	5	0	0				
flid	GCF_000686565.1	5	5	0	0				
flid	GCF_000687535.1	3	3	0	0				
flid	GCF_000736415.1	5	5	0	0				
flid	GCF_000744435.1	5	5	0	0				
flid	GCF_000762845.2	5	5	0	0				
flid	GCF_000762875.2	5	5	0	0				
flid	GCF_000763135.2	3	3	0	0				
flid	GCF_000765805.2	5	5	0	0				
flid	GCF_000765905.2	5	5	0	0				
flid	GCF_000813325.1	5	5	0	0				
flid	GCF_000816185.1	4	4	0	0				
flid	GCF_000816305.1	4	4	0	0				
flid	GCF_000816785.1	4	4	0	0				
flid	GCF_001282945.1	5	5	0	0				
flid	GCF_001283065.1	4	4	0	0				
flid	GCF_001298465.1	5	5	0	0				
flid	GCF_001457695.1	4	4	0	0				
flid	GCF_001602095.1	4	4	0	0				
flid	GCF_001687475.2	5	5	0	0				
flid	GCF_001693335.1	3	3	0	0				
flid	GCF_001723605.1	5	5	0	0				
flid	GCF_001956695.1	5	5	0	0				
flid	GCF_002021925.1	5	5	0	0				
flid	GCF_002080395.1	5	5	0	0				
flid	GCF_002104335.1	5	5	0	0				
flid	GCF_002119425.1	0	0	0	0				
flid	GCF_002139855.1	5	5	0	0				
flid	GCF_002139875.1	5	5	0	0				
flid	GCF_002139915.1	5	5	0	0				
flid	GCF_002139935.1	5	5	0	0				
flid	GCF_002238335.1	4	4	0	0				
flid	GCF_002335445.1	5	5	0	0				
flid	GCF_002837275.1	5	5	0	0				
flid	GCF_003063245.1	5	5	0	0				
flid	GCF_003063295.1	5	5	0	0				
flid	GCF_003245365.1	4	4	0	0				
flid	GCF_003316695.1	5	5	0	0				
flid	GCF_003346775.1	5	5	0	0				
flid	GCF_003346815.1	3	3	0	0				
flid	GCF_003355515.1	5	5	0	0				
flid	GCF_003364195.1	5	5	0	0				
flid	GCF_003364205.1	3	3	0	0				
flid	GCF_003364215.1	5	5	0	0				
flid	GCF_003364255.1	4	4	0	0				
flid	GCF_003364335.1	5	5	0	0				
flid	GCF_003544835.1	5	5	0	0				
flid	GCF_003544855.1	5	5	0	0				
flid	GCF_003544935.1	5	5	0	0				
flid	GCF_003660105.1	5	5	0	0				
flid	GCF_003660265.1	5	5	0	0				
flid	GCF_003660285.1	5	5	0	0				
flid	GCF_003660395.1	5	5	0	0				
flid	GCF_003667345.1	5	5	0	0				
flid	GCF_003670275.1	4	4	0	0				
flid	GCF_003752135.1	5	5	0	0				
flid	GCF_004214795.1	5	5	0	0				
flid	GCF_004214815.1	5	5	0	0				
flid	GCF_004299785.2	5	5	0	0				
flid	GCF_004323845.1	5	5	0	0				
flid	GCF_004803795.1	5	5	0	0				
flid	GCF_004803815.1	5	5	0	0				
flid	GCF_005217605.1	5	5	0	0				
flid	GCF_005406215.1	5	5	0	0				
flid	GCF_005406225.1	5	5	0	0				
flid	GCF_005843985.1	5	5	0	0				
flid	GCF_006459125.1	4	4	0	0				
flid	GCF_006864425.1	4	4	0	0				
flid	GCF_008245005.1	5	5	0	0				
flid	GCF_008245045.1	4	4	0	0				
flid	GCF_008693005.1	3	3	0	0				
flid	GCF_009068765.1	5	5	0	0				
flid	GCF_009192995.1	5	5	0	0				
flid	GCF_009258225.1	5	5	0	0				
flid	GCF_013177635.1	5	5	0	0				
flid	GCF_013177655.1	1	1	0	0				
flid	GCF_013201605.1	4	4	0	0				
flid	GCF_013201625.1	5	5	0	0				
flid	GCF_013201705.1	4	4	0	0				
flid	GCF_013201725.1	5	5	0	0				
flid	GCF_013201825.1	4	4	0	0				
flid	GCF_013201935.1	5	5	0	0				
flid	GCF_013283835.1	3	3	0	0				
flid	GCF_013372105.1	4	4	0	0				
flid	GCF_013372125.1	5	5	0	0				
flid	GCF_013372145.1	5	5	0	0				
flid	GCF_013372185.1	4	4	0	0				
flid	GCF_013372205.1	5	5	0	0				
flid	GCF_013372265.1	5	5	0	0				
flid	GCF_014253065.1	5	5	0	0				
flid	GCF_014466985.1	4	4	0	0				
flid	GCF_014905095.1	5	5	0	0				
flid	GCF_014905115.1	5	5	0	0				
flid	GCF_014905135.1	5	5	0	0				
flid	GCF_015100395.1	4	4	0	0				
flid	GCF_015265455.1	5	5	0	0				
flid	GCF_015265475.1	5	5	0	0				
flid	GCF_016106035.1	5	5	0	0				
flid	GCF_016593255.1	5	5	0	0				
flid	GCF_016806695.1	5	5	0	0				
flid	GCF_016937535.1	5	5	0	0				
flid	GCF_017357825.1	4	4	0	0				
flid	GCF_017979425.1	4	4	0	0				
flid	GCF_017979475.1	3	3	0	0				
flid	GCF_018145655.1	4	4	0	0				
flid	GCF_019711685.1	3	3	0	0				
flid	GCF_021300615.1	4	4	0	0				
flid	GCF_021300655.1	3	3	0	0				
flid	GCF_023646285.1	4	4	0	0				
flid	GCF_024267655.1	5	5	0	0				
flid	GCF_025770725.1	5	5	0	0				
flid	GCF_026000295.1	4	4	0	0				
flid	GCF_027859255.1	3	3	0	0				
flid	GCF_027943725.1	2	2	0	0				
flid	GCF_027946175.1	3	3	0	0				
flid	GCF_028649595.1	5	5	0	0				
flid	GCF_028751035.1	3	3	0	0				
flid	GCF_030249845.1	5	5	0	0				
flid	GCF_030296055.1	5	5	0	0				
flid	GCF_900115615.1	5	5	0	0				
flid	GCF_900187115.1	4	4	0	0				
flid	GCF_900461455.1	4	4	0	0				
flid	GCF_900475935.1	3	3	0	0				
flid	GCF_900476215.1	5	5	0	0				
flid	GCF_900478295.1	3	3	0	0				
flid	GCF_900637395.1	5	5	0	0				
flid	GCF_905120465.1	5	5	0	0				
flid	GCF_905120475.1	5	5	0	0				
flie	GCF_000012965.1	4	4	0	0				
flie	GCF_000021725.1	4	4	0	0				
flie	GCF_000024885.1	5	5	0	0				
flie	GCF_000092245.1	5	5	0	0				
flie	GCF_000147355.1	5	5	0	0				
flie	GCF_000155475.1	5	5	0	0				
flie	GCF_000162575.1	5	5	0	0				
flie	GCF_000183725.1	5	5	0	0				
flie	GCF_000194135.1	5	5	0	0				
flie	GCF_000196135.1	5	5	0	0				
flie	GCF_000200595.1	5	5	0	0				
flie	GCF_000242915.1	5	5	0	0				
flie	GCF_000254135.1	5	5	0	0				
flie	GCF_000259275.1	5	5	0	0				
flie	GCF_000265295.1	5	5	0	0				
flie	GCF_000420385.1	5	5	0	0				
flie	GCF_000445475.1	5	5	0	0				
flie	GCF_000507845.1	5	5	0	0				
flie	GCF_000518225.1	5	5	0	0				
flie	GCF_000568815.1	5	5	0	0				
flie	GCF_000597725.1	5	5	0	0				
flie	GCF_000686565.1	5	5	0	0				
flie	GCF_000687535.1	5	5	0	0				
flie	GCF_000736415.1	5	5	0	0				
flie	GCF_000744435.1	5	5	0	0				
flie	GCF_000762845.2	5	5	0	0				
flie	GCF_000762875.2	5	5	0	0				
flie	GCF_000763135.2	5	5	0	0				
flie	GCF_000765805.2	5	5	0	0				
flie	GCF_000765905.2	5	5	0	0				
flie	GCF_000813325.1	5	5	0	0				
flie	GCF_000816185.1	5	5	0	0				
flie	GCF_000816305.1	5	5	0	0				
flie	GCF_000816785.1	5	5	0	0				
flie	GCF_001282945.1	5	5	0	0				
flie	GCF_001283065.1	5	5	0	0				
flie	GCF_001298465.1	5	5	0	0				
flie	GCF_001457695.1	4	4	0	0				
flie	GCF_001602095.1	5	5	0	0				
flie	GCF_001687475.2	5	5	0	0				
flie	GCF_001693335.1	5	5	0	0				
flie	GCF_001723605.1	5	5	0	0				
flie	GCF_001956695.1	5	5	0	0				
flie	GCF_002021925.1	5	5	0	0				
flie	GCF_002080395.1	5	5	0	0				
flie	GCF_002104335.1	5	5	0	0				
flie	GCF_002119425.1	5	5	0	0				
flie	GCF_002139855.1	5	5	0	0				
flie	GCF_002139875.1	5	5	0	0				
flie	GCF_002139915.1	5	5	0	0				
flie	GCF_002139935.1	5	5	0	0				
flie	GCF_002238335.1	5	5	0	0				
flie	GCF_002335445.1	4	4	0	0				
flie	GCF_002837275.1	5	5	0	0				
flie	GCF_003063245.1	5	5	0	0				
flie	GCF_003063295.1	5	5	0	0				
flie	GCF_003245365.1	5	5	0	0				
flie	GCF_003316695.1	5	5	0	0				
flie	GCF_003346775.1	5	5	0	0				
flie	GCF_003346815.1	5	5	0	0				
flie	GCF_003355515.1	5	5	0	0				
flie	GCF_003364195.1	5	5	0	0				
flie	GCF_003364215.1	5	5	0	0				
flie	GCF_003364255.1	5	5	0	0				
flie	GCF_003364335.1	5	5	0	0				
flie	GCF_003544835.1	5	5	0	0				
flie	GCF_003544855.1	5	5	0	0				
flie	GCF_003544935.1	5	5	0	0				
flie	GCF_003660105.1	5	5	0	0				
flie	GCF_003660265.1	5	5	0	0				
flie	GCF_003660285.1	5	5	0	0				
flie	GCF_003660395.1	5	5	0	0				
flie	GCF_003667345.1	5	5	0	0				
flie	GCF_003670275.1	5	5	0	0				
flie	GCF_003752135.1	5	5	0	0				
flie	GCF_004214795.1	5	5	0	0				
flie	GCF_004214815.1	5	5	0	0				
flie	GCF_004299785.2	5	5	0	0				
flie	GCF_004323845.1	5	5	0	0				
flie	GCF_004803795.1	5	5	0	0				
flie	GCF_004803815.1	5	5	0	0				
flie	GCF_005217605.1	5	5	0	0				
flie	GCF_005406215.1	5	5	0	0				
flie	GCF_005406225.1	5	5	0	0				
flie	GCF_005843985.1	5	5	0	0				
flie	GCF_006459125.1	5	5	0	0				
flie	GCF_006864425.1	5	5	0	0				
flie	GCF_008245005.1	5	5	0	0				
flie	GCF_008245045.1	5	5	0	0				
flie	GCF_008693005.1	5	5	0	0				
flie	GCF_009068765.1	5	5	0	0				
flie	GCF_009192995.1	5	5	0	0				
flie	GCF_009258225.1	5	5	0	0				
flie	GCF_011769985.2	5	5	0	0				
flie	GCF_013177635.1	4	4	0	0				
flie	GCF_013177655.1	5	5	0	0				
flie	GCF_013201605.1	5	5	0	0				
flie	GCF_013201625.1	5	5	0	0				
flie	GCF_013201705.1	5	5	0	0				
flie	GCF_013201725.1	5	5	0	0				
flie	GCF_013201825.1	5	5	0	0				
flie	GCF_013201935.1	5	5	0	0				
flie	GCF_013283835.1	5	5	0	0				
flie	GCF_013372105.1	5	5	0	0				
flie	GCF_013372125.1	5	5	0	0				
flie	GCF_013372145.1	5	5	0	0				
flie	GCF_013372185.1	5	5	0	0				
flie	GCF_013372205.1	5	5	0	0				
flie	GCF_013372265.1	5	5	0	0				
flie	GCF_014253065.1	5	5	0	0				
flie	GCF_014466985.1	5	5	0	0				
flie	GCF_014905095.1	5	5	0	0				
flie	GCF_014905115.1	5	5	0	0				
flie	GCF_014905135.1	5	5	0	0				
flie	GCF_015100395.1	5	5	0	0				
flie	GCF_015265455.1	5	5	0	0				
flie	GCF_015265475.1	5	5	0	0				
flie	GCF_016106035.1	5	5	0	0				
flie	GCF_016593255.1	5	5	0	0				
flie	GCF_016806695.1	5	5	0	0				
flie	GCF_016937535.1	5	5	0	0				
flie	GCF_017357825.1	5	5	0	0				
flie	GCF_017979425.1	5	5	0	0				
flie	GCF_017979475.1	5	5	0	0				
flie	GCF_018145655.1	5	5	0	0				
flie	GCF_019711685.1	5	5	0	0				
flie	GCF_021300615.1	5	5	0	0				
flie	GCF_021300655.1	5	5	0	0				
flie	GCF_023646285.1	5	5	0	0				
flie	GCF_024267655.1	5	5	0	0				
flie	GCF_025770725.1	5	5	0	0				
flie	GCF_026000295.1	5	5	0	0				
flie	GCF_027859255.1	5	5	0	0				
flie	GCF_027943725.1	5	5	0	0				
flie	GCF_027946175.1	5	5	0	0				
flie	GCF_028649595.1	5	5	0	0				
flie	GCF_028751035.1	5	5	0	0				
flie	GCF_030249845.1	5	5	0	0				
flie	GCF_030296055.1	5	5	0	0				
flie	GCF_900115615.1	5	5	0	0				
flie	GCF_900187115.1	4	4	0	0				
flie	GCF_900461455.1	5	5	0	0				
flie	GCF_900475935.1	5	5	0	0				
flie	GCF_900476215.1	5	5	0	0				
flie	GCF_900478295.1	4	4	0	0				
flie	GCF_900637395.1	5	5	0	0				
flie	GCF_905120465.1	5	5	0	0				
flie	GCF_905120475.1	5	5	0	0				
flif	GCF_000012965.1	4	4	0	0				
flif	GCF_000021725.1	4	4	0	0				
flif	GCF_000024885.1	5	5	0	0				
flif	GCF_000092245.1	5	5	0	0				
flif	GCF_000147355.1	5	5	0	0				
flif	GCF_000155475.1	5	5	0	0				
flif	GCF_000162575.1	5	5	0	0				
flif	GCF_000183725.1	5	5	0	0				
flif	GCF_000194135.1	5	5	0	0				
flif	GCF_000196135.1	5	5	0	0				
flif	GCF_000200595.1	5	5	0	0				
flif	GCF_000242915.1	5	5	0	0				
flif	GCF_000254135.1	5	5	0	0				
flif	GCF_000259275.1	5	5	0	0				
flif	GCF_000265295.1	5	5	0	0				
flif	GCF_000420385.1	5	5	0	0				
flif	GCF_000445475.1	5	5	0	0				
flif	GCF_000507845.1	5	5	0	0				
flif	GCF_000518225.1	5	5	0	0				
flif	GCF_000568815.1	5	5	0	0				
flif	GCF_000597725.1	5	5	0	0				
flif	GCF_000686565.1	5	5	0	0				
flif	GCF_000687535.1	5	5	0	0				
flif	GCF_000736415.1	5	5	0	0				
flif	GCF_000744435.1	5	5	0	0				
flif	GCF_000762845.2	5	5	0	0				
flif	GCF_000762875.2	5	5	0	0				
flif	GCF_000763135.2	5	5	0	0				
flif	GCF_000765805.2	5	5	0	0				
flif	GCF_000765905.2	5	5	0	0				
flif	GCF_000813325.1	5	5	0	0				
flif	GCF_000816185.1	5	5	0	0				
flif	GCF_000816305.1	5	5	0	0				
flif	GCF_000816785.1	5	5	0	0				
flif	GCF_001282945.1	5	5	0	0				
flif	GCF_001283065.1	5	5	0	0				
flif	GCF_001298465.1	5	5	0	0				
flif	GCF_001457695.1	4	4	0	0				
flif	GCF_001602095.1	5	5	0	0				
flif	GCF_001687475.2	5	5	0	0				
flif	GCF_001693335.1	5	5	0	0				
flif	GCF_001723605.1	5	5	0	0				
flif	GCF_001956695.1	5	5	0	0				
flif	GCF_002021925.1	5	5	0	0				
flif	GCF_002080395.1	5	5	0	0				
flif	GCF_002104335.1	5	5	0	0				
flif	GCF_002119425.1	5	5	0	0				
flif	GCF_002139855.1	5	5	0	0				
flif	GCF_002139875.1	5	5	0	0				
flif	GCF_002139915.1	5	5	0	0				
flif	GCF_002139935.1	5	5	0	0				
flif	GCF_002238335.1	5	5	0	0				
flif	GCF_002335445.1	5	5	0	0				
flif	GCF_002837275.1	5	5	0	0				
flif	GCF_003063245.1	5	5	0	0				
flif	GCF_003063295.1	5	5	0	0				
flif	GCF_003245365.1	5	5	0	0				
flif	GCF_003316695.1	5	5	0	0				
flif	GCF_003346775.1	5	5	0	0				
flif	GCF_003346815.1	5	5	0	0				
flif	GCF_003355515.1	5	5	0	0				
flif	GCF_003364195.1	5	5	0	0				
flif	GCF_003364205.1	5	5	0	0				
flif	GCF_003364215.1	5	5	0	0				
flif	GCF_003364255.1	5	5	0	0				
flif	GCF_003364335.1	5	5	0	0				
flif	GCF_003544835.1	5	5	0	0				
flif	GCF_003544855.1	5	5	0	0				
flif	GCF_003544935.1	5	5	0	0				
flif	GCF_003660105.1	5	5	0	0				
flif	GCF_003660265.1	5	5	0	0				
flif	GCF_003660285.1	5	5	0	0				
flif	GCF_003660395.1	5	5	0	0				
flif	GCF_003667345.1	5	5	0	0				
flif	GCF_003670275.1	5	5	0	0				
flif	GCF_003752135.1	5	5	0	0				
flif	GCF_004214795.1	5	5	0	0				
flif	GCF_004214815.1	5	5	0	0				
flif	GCF_004299785.2	5	5	0	0				
flif	GCF_004323845.1	5	5	0	0				
flif	GCF_004803795.1	5	5	0	0				
flif	GCF_004803815.1	5	5	0	0				
flif	GCF_005217605.1	5	5	0	0				
flif	GCF_005406215.1	5	5	0	0				
flif	GCF_005406225.1	5	5	0	0				
flif	GCF_005843985.1	5	5	0	0				
flif	GCF_006459125.1	5	5	0	0				
flif	GCF_006864425.1	5	5	0	0				
flif	GCF_008245005.1	5	5	0	0				
flif	GCF_008245045.1	5	5	0	0				
flif	GCF_008693005.1	5	5	0	0				
flif	GCF_009068765.1	5	5	0	0				
flif	GCF_009192995.1	5	5	0	0				
flif	GCF_009258225.1	5	5	0	0				
flif	GCF_011769985.2	5	5	0	0				
flif	GCF_013177635.1	5	5	0	0				
flif	GCF_013177655.1	5	5	0	0				
flif	GCF_013201605.1	5	5	0	0				
flif	GCF_013201625.1	5	5	0	0				
flif	GCF_013201705.1	5	5	0	0				
flif	GCF_013201725.1	5	5	0	0				
flif	GCF_013201825.1	5	5	0	0				
flif	GCF_013201935.1	5	5	0	0				
flif	GCF_013283835.1	5	5	0	0				
flif	GCF_013372105.1	5	5	0	0				
flif	GCF_013372125.1	5	5	0	0				
flif	GCF_013372145.1	5	5	0	0				
flif	GCF_013372185.1	5	5	0	0				
flif	GCF_013372205.1	5	5	0	0				
flif	GCF_013372265.1	5	5	0	0				
flif	GCF_014253065.1	5	5	0	0				
flif	GCF_014466985.1	5	5	0	0				
flif	GCF_014905095.1	5	5	0	0				
flif	GCF_014905115.1	5	5	0	0				
flif	GCF_014905135.1	5	5	0	0				
flif	GCF_015100395.1	5	5	0	0				
flif	GCF_015265455.1	5	5	0	0				
flif	GCF_015265475.1	5	5	0	0				
flif	GCF_016106035.1	5	5	0	0				
flif	GCF_016593255.1	5	5	0	0				
flif	GCF_016806695.1	5	5	0	0				
flif	GCF_016937535.1	5	5	0	0				
flif	GCF_017357825.1	5	5	0	0				
flif	GCF_017979425.1	5	5	0	0				
flif	GCF_017979475.1	5	5	0	0				
flif	GCF_018145655.1	5	5	0	0				
flif	GCF_019711685.1	5	5	0	0				
flif	GCF_021300615.1	5	5	0	0				
flif	GCF_021300655.1	5	5	0	0				
flif	GCF_023646285.1	5	5	0	0				
flif	GCF_024267655.1	5	5	0	0				
flif	GCF_025770725.1	5	5	0	0				
flif	GCF_026000295.1	5	5	0	0				
flif	GCF_027859255.1	5	5	0	0				
flif	GCF_027943725.1	5	5	0	0				
flif	GCF_027946175.1	5	5	0	0				
flif	GCF_028649595.1	5	5	0	0				
flif	GCF_028751035.1	5	5	0	0				
flif	GCF_030249845.1	5	5	0	0				
flif	GCF_030296055.1	5	5	0	0				
flif	GCF_900115615.1	5	5	0	0				
flif	GCF_900187115.1	4	4	0	0				
flif	GCF_900461455.1	5	5	0	0				
flif	GCF_900475935.1	5	5	0	0				
flif	GCF_900476215.1	5	5	0	0				
flif	GCF_900478295.1	4	4	0	0				
flif	GCF_900637395.1	5	5	0	0				
flif	GCF_905120465.1	5	5	0	0				
flif	GCF_905120475.1	5	5	0	0				
flig	GCF_000012965.1	4	4	0	0				
flig	GCF_000021725.1	4	4	0	0				
flig	GCF_000024885.1	5	5	0	0				
flig	GCF_000092245.1	5	5	0	0				
flig	GCF_000147355.1	5	5	0	0				
flig	GCF_000155475.1	5	5	0	0				
flig	GCF_000162575.1	5	5	0	0				
flig	GCF_000194135.1	5	5	0	0				
flig	GCF_000196135.1	5	5	0	0				
flig	GCF_000200595.1	5	5	0	0				
flig	GCF_000242915.1	5	5	0	0				
flig	GCF_000254135.1	5	5	0	0				
flig	GCF_000259275.1	5	5	0	0				
flig	GCF_000265295.1	5	5	0	0				
flig	GCF_000420385.1	5	5	0	0				
flig	GCF_000445475.1	5	5	0	0				
flig	GCF_000507845.1	5	5	0	0				
flig	GCF_000518225.1	5	5	0	0				
flig	GCF_000568815.1	5	5	0	0				
flig	GCF_000597725.1	5	5	0	0				
flig	GCF_000686565.1	5	5	0	0				
flig	GCF_000687535.1	5	5	0	0				
flig	GCF_000736415.1	5	5	0	0				
flig	GCF_000744435.1	5	5	0	0				
flig	GCF_000762845.2	5	5	0	0				
flig	GCF_000762875.2	5	5	0	0				
flig	GCF_000763135.2	5	5	0	0				
flig	GCF_000765805.2	5	5	0	0				
flig	GCF_000765905.2	5	5	0	0				
flig	GCF_000813325.1	5	5	0	0				
flig	GCF_000816185.1	5	5	0	0				
flig	GCF_000816305.1	5	5	0	0				
flig	GCF_000816785.1	5	5	0	0				
flig	GCF_001282945.1	5	5	0	0				
flig	GCF_001283065.1	5	5	0	0				
flig	GCF_001298465.1	5	5	0	0				
flig	GCF_001457695.1	4	4	0	0				
flig	GCF_001602095.1	5	5	0	0				
flig	GCF_001687475.2	5	5	0	0				
flig	GCF_001693335.1	5	5	0	0				
flig	GCF_001723605.1	5	5	0	0				
flig	GCF_001956695.1	5	5	0	0				
flig	GCF_002021925.1	5	5	0	0				
flig	GCF_002080395.1	5	5	0	0				
flig	GCF_002104335.1	5	5	0	0				
flig	GCF_002119425.1	5	5	0	0				
flig	GCF_002139855.1	5	5	0	0				
flig	GCF_002139875.1	5	5	0	0				
flig	GCF_002139915.1	5	5	0	0				
flig	GCF_002139935.1	5	5	0	0				
flig	GCF_002238335.1	5	5	0	0				
flig	GCF_002335445.1	5	5	0	0				
flig	GCF_002837275.1	5	5	0	0				
flig	GCF_003063245.1	5	5	0	0				
flig	GCF_003063295.1	5	5	0	0				
flig	GCF_003245365.1	5	5	0	0				
flig	GCF_003316695.1	5	5	0	0				
flig	GCF_003346775.1	5	5	0	0				
flig	GCF_003346815.1	5	5	0	0				
flig	GCF_003355515.1	5	5	0	0				
flig	GCF_003364195.1	5	5	0	0				
flig	GCF_003364205.1	5	5	0	0				
flig	GCF_003364215.1	5	5	0	0				
flig	GCF_003364255.1	5	5	0	0				
flig	GCF_003364335.1	5	5	0	0				
flig	GCF_003544835.1	5	5	0	0				
flig	GCF_003544855.1	5	5	0	0				
flig	GCF_003544935.1	5	5	0	0				
flig	GCF_003660105.1	5	5	0	0				
flig	GCF_003660265.1	5	5	0	0				
flig	GCF_003660285.1	5	5	0	0				
flig	GCF_003660395.1	5	5	0	0				
flig	GCF_003667345.1	5	5	0	0				
flig	GCF_003670275.1	5	5	0	0				
flig	GCF_003752135.1	5	5	0	0				
flig	GCF_004214795.1	5	5	0	0				
flig	GCF_004214815.1	5	5	0	0				
flig	GCF_004299785.2	5	5	0	0				
flig	GCF_004323845.1	5	5	0	0				
flig	GCF_004803795.1	5	5	0	0				
flig	GCF_004803815.1	5	5	0	0				
flig	GCF_005217605.1	5	5	0	0				
flig	GCF_005406215.1	5	5	0	0				
flig	GCF_005406225.1	5	5	0	0				
flig	GCF_005843985.1	5	5	0	0				
flig	GCF_006459125.1	5	5	0	0				
flig	GCF_006864425.1	5	5	0	0				
flig	GCF_008245005.1	5	5	0	0				
flig	GCF_008245045.1	5	5	0	0				
flig	GCF_008693005.1	5	5	0	0				
flig	GCF_009068765.1	5	5	0	0				
flig	GCF_009192995.1	5	5	0	0				
flig	GCF_009258225.1	5	5	0	0				
flig	GCF_011769985.2	5	5	0	0				
flig	GCF_013177635.1	5	5	0	0				
flig	GCF_013177655.1	5	5	0	0				
flig	GCF_013201605.1	5	5	0	0				
flig	GCF_013201625.1	5	5	0	0				
flig	GCF_013201705.1	5	5	0	0				
flig	GCF_013201725.1	5	5	0	0				
flig	GCF_013201825.1	5	5	0	0				
flig	GCF_013201935.1	5	5	0	0				
flig	GCF_013283835.1	5	5	0	0				
flig	GCF_013372105.1	5	5	0	0				
flig	GCF_013372125.1	5	5	0	0				
flig	GCF_013372145.1	5	5	0	0				
flig	GCF_013372185.1	5	5	0	0				
flig	GCF_013372205.1	5	5	0	0				
flig	GCF_013372265.1	5	5	0	0				
flig	GCF_014253065.1	5	5	0	0				
flig	GCF_014466985.1	5	5	0	0				
flig	GCF_014905095.1	5	5	0	0				
flig	GCF_014905115.1	5	5	0	0				
flig	GCF_014905135.1	5	5	0	0				
flig	GCF_015100395.1	5	5	0	0				
flig	GCF_015265455.1	5	5	0	0				
flig	GCF_015265475.1	5	5	0	0				
flig	GCF_016106035.1	5	5	0	0				
flig	GCF_016593255.1	5	5	0	0				
flig	GCF_016806695.1	5	5	0	0				
flig	GCF_016937535.1	5	5	0	0				
flig	GCF_017357825.1	5	5	0	0				
flig	GCF_017979425.1	5	5	0	0				
flig	GCF_017979475.1	5	5	0	0				
flig	GCF_018145655.1	5	5	0	0				
flig	GCF_019711685.1	5	5	0	0				
flig	GCF_021300615.1	5	5	0	0				
flig	GCF_021300655.1	5	5	0	0				
flig	GCF_023646285.1	5	5	0	0				
flig	GCF_024267655.1	5	5	0	0				
flig	GCF_025770725.1	5	5	0	0				
flig	GCF_026000295.1	5	5	0	0				
flig	GCF_027859255.1	5	5	0	0				
flig	GCF_027943725.1	5	5	0	0				
flig	GCF_027946175.1	5	5	0	0				
flig	GCF_028649595.1	5	5	0	0				
flig	GCF_028751035.1	5	5	0	0				
flig	GCF_030249845.1	5	5	0	0				
flig	GCF_030296055.1	5	5	0	0				
flig	GCF_900115615.1	5	5	0	0				
flig	GCF_900187115.1	4	4	0	0				
flig	GCF_900461455.1	5	5	0	0				
flig	GCF_900475935.1	5	5	0	0				
flig	GCF_900476215.1	5	5	0	0				
flig	GCF_900478295.1	4	4	0	0				
flig	GCF_900637395.1	5	5	0	0				
flig	GCF_905120465.1	5	5	0	0				
flig	GCF_905120475.1	5	5	0	0				
flih	GCF_000012965.1	3	3	0	0				
flih	GCF_000021725.1	4	4	0	0				
flih	GCF_000024885.1	4	4	0	0				
flih	GCF_000092245.1	5	5	0	0				
flih	GCF_000147355.1	4	4	0	0				
flih	GCF_000155475.1	4	4	0	0				
flih	GCF_000162575.1	4	4	0	0				
flih	GCF_000183725.1	4	4	0	0				
flih	GCF_000194135.1	4	4	0	0				
flih	GCF_000196135.1	4	4	0	0				
flih	GCF_000200595.1	4	4	0	0				
flih	GCF_000242915.1	5	5	0	0				
flih	GCF_000254135.1	4	4	0	0				
flih	GCF_000259275.1	4	4	0	0				
flih	GCF_000265295.1	5	5	0	0				
flih	GCF_000420385.1	3	3	0	0				
flih	GCF_000445475.1	4	4	0	0				
flih	GCF_000507845.1	4	4	0	0				
flih	GCF_000518225.1	4	4	0	0				
flih	GCF_000568815.1	5	5	0	0				
flih	GCF_000597725.1	4	4	0	0				
flih	GCF_000686565.1	4	4	0	0				
flih	GCF_000687535.1	5	5	0	0				
flih	GCF_000736415.1	4	4	0	0				
flih	GCF_000744435.1	3	3	0	0				
flih	GCF_000762845.2	4	4	0	0				
flih	GCF_000762875.2	4	4	0	0				
flih	GCF_000763135.2	1	1	0	0				
flih	GCF_000765805.2	4	4	0	0				
flih	GCF_000765905.2	4	4	0	0				
flih	GCF_000813325.1	5	5	0	0				
flih	GCF_000816185.1	4	4	0	0				
flih	GCF_000816305.1	4	4	0	0				
flih	GCF_000816785.1	4	4	0	0				
flih	GCF_001282945.1	4	4	0	0				
flih	GCF_001283065.1	4	4	0	0				
flih	GCF_001298465.1	4	4	0	0				
flih	GCF_001457695.1	3	3	0	0				
flih	GCF_001602095.1	4	4	0	0				
flih	GCF_001687475.2	4	4	0	0				
flih	GCF_001693335.1	4	4	0	0				
flih	GCF_001956695.1	5	5	0	0				
flih	GCF_002021925.1	4	4	0	0				
flih	GCF_002080395.1	4	4	0	0				
flih	GCF_002104335.1	4	4	0	0				
flih	GCF_002119425.1	3	3	0	0				
flih	GCF_002139855.1	4	4	0	0				
flih	GCF_002139875.1	4	4	0	0				
flih	GCF_002139915.1	4	4	0	0				
flih	GCF_002139935.1	4	4	0	0				
flih	GCF_002238335.1	4	4	0	0				
flih	GCF_002335445.1	0	0	0	0				
flih	GCF_002837275.1	5	5	0	0				
flih	GCF_003063245.1	5	5	0	0				
flih	GCF_003063295.1	5	5	0	0				
flih	GCF_003245365.1	5	5	0	0				
flih	GCF_003316695.1	4	4	0	0				
flih	GCF_003346775.1	5	5	0	0				
flih	GCF_003346815.1	5	5	0	0				
flih	GCF_003355515.1	4	4	0	0				
flih	GCF_003364195.1	4	4	0	0				
flih	GCF_003364205.1	4	4	0	0				
flih	GCF_003364215.1	4	4	0	0				
flih	GCF_003364255.1	4	4	0	0				
flih	GCF_003364335.1	4	4	0	0				
flih	GCF_003544835.1	4	4	0	0				
flih	GCF_003544855.1	5	5	0	0				
flih	GCF_003544935.1	5	5	0	0				
flih	GCF_003660105.1	4	4	0	0				
flih	GCF_003660285.1	4	4	0	0				
flih	GCF_003660395.1	4	4	0	0				
flih	GCF_003667345.1	5	5	0	0				
flih	GCF_003670275.1	4	4	0	0				
flih	GCF_003752135.1	4	4	0	0				
flih	GCF_004214795.1	5	5	0	0				
flih	GCF_004214815.1	4	4	0	0				
flih	GCF_004299785.2	4	4	0	0				
flih	GCF_004323845.1	4	4	0	0				
flih	GCF_004803795.1	4	4	0	0				
flih	GCF_004803815.1	5	5	0	0				
flih	GCF_005217605.1	5	5	0	0				
flih	GCF_005406215.1	4	4	0	0				
flih	GCF_005406225.1	4	4	0	0				
flih	GCF_005843985.1	2	2	0	0				
flih	GCF_006459125.1	5	5	0	0				
flih	GCF_006864425.1	4	4	0	0				
flih	GCF_008245005.1	5	5	0	0				
flih	GCF_008245045.1	4	4	0	0				
flih	GCF_008693005.1	4	4	0	0				
flih	GCF_009068765.1	4	4	0	0				
flih	GCF_009192995.1	4	4	0	0				
flih	GCF_009258225.1	4	4	0	0				
flih	GCF_011769985.2	5	5	0	0				
flih	GCF_013177635.1	5	5	0	0				
flih	GCF_013177655.1	4	4	0	0				
flih	GCF_013201605.1	4	4	0	0				
flih	GCF_013201625.1	4	4	0	0				
flih	GCF_013201705.1	5	5	0	0				
flih	GCF_013201725.1	5	5	0	0				
flih	GCF_013201825.1	5	5	0	0				
flih	GCF_013201935.1	5	5	0	0				
flih	GCF_013283835.1	5	5	0	0				
flih	GCF_013372105.1	4	4	0	0				
flih	GCF_013372125.1	4	4	0	0				
flih	GCF_013372145.1	4	4	0	0				
flih	GCF_013372185.1	4	4	0	0				
flih	GCF_013372205.1	5	5	0	0				
flih	GCF_013372265.1	5	5	0	0				
flih	GCF_014253065.1	5	5	0	0				
flih	GCF_014905095.1	4	4	0	0				
flih	GCF_014905115.1	4	4	0	0				
flih	GCF_014905135.1	4	4	0	0				
flih	GCF_015265455.1	4	4	0	0				
flih	GCF_015265475.1	5	5	0	0				
flih	GCF_016106035.1	5	5	0	0				
flih	GCF_016593255.1	4	4	0	0				
flih	GCF_016806695.1	4	4	0	0				
flih	GCF_016937535.1	4	4	0	0				
flih	GCF_017357825.1	4	4	0	0				
flih	GCF_017979425.1	4	4	0	0				
flih	GCF_017979475.1	4	4	0	0				
flih	GCF_018145655.1	5	5	0	0				
flih	GCF_019711685.1	4	4	0	0				
flih	GCF_021300615.1	4	4	0	0				
flih	GCF_021300655.1	5	5	0	0				
flih	GCF_023646285.1	4	4	0	0				
flih	GCF_024267655.1	5	5	0	0				
flih	GCF_025770725.1	5	5	0	0				
flih	GCF_026000295.1	5	5	0	0				
flih	GCF_027859255.1	5	5	0	0				
flih	GCF_028649595.1	4	4	0	0				
flih	GCF_028751035.1	4	4	0	0				
flih	GCF_030249845.1	4	4	0	0				
flih	GCF_030296055.1	4	4	0	0				
flih	GCF_900115615.1	4	4	0	0				
flih	GCF_900187115.1	4	4	0	0				
flih	GCF_900461455.1	5	5	0	0				
flih	GCF_900475935.1	4	4	0	0				
flih	GCF_900476215.1	4	4	0	0				
flih	GCF_900478295.1	3	3	0	0				
flih	GCF_900637395.1	4	4	0	0				
flih	GCF_905120465.1	4	4	0	0				
flih	GCF_905120475.1	5	5	0	0				
flii	GCF_000012965.1	4	4	0	0				
flii	GCF_000024885.1	5	5	0	0				
flii	GCF_000092245.1	5	5	0	0				
flii	GCF_000147355.1	5	5	0	0				
flii	GCF_000155475.1	5	5	0	0				
flii	GCF_000162575.1	5	5	0	0				
flii	GCF_000183725.1	5	5	0	0				
flii	GCF_000194135.1	5	5	0	0				
flii	GCF_000196135.1	5	5	0	0				
flii	GCF_000200595.1	5	5	0	0				
flii	GCF_000242915.1	5	5	0	0				
flii	GCF_000254135.1	5	5	0	0				
flii	GCF_000259275.1	5	5	0	0				
flii	GCF_000265295.1	5	5	0	0				
flii	GCF_000420385.1	5	5	0	0				
flii	GCF_000445475.1	5	5	0	0				
flii	GCF_000507845.1	5	5	0	0				
flii	GCF_000518225.1	5	5	0	0				
flii	GCF_000568815.1	5	5	0	0				
flii	GCF_000597725.1	5	5	0	0				
flii	GCF_000686565.1	5	5	0	0				
flii	GCF_000687535.1	5	5	0	0				
flii	GCF_000736415.1	5	5	0	0				
flii	GCF_000744435.1	5	5	0	0				
flii	GCF_000762845.2	5	5	0	0				
flii	GCF_000762875.2	5	5	0	0				
flii	GCF_000763135.2	5	5	0	0				
flii	GCF_000765805.2	5	5	0	0				
flii	GCF_000765905.2	5	5	0	0				
flii	GCF_000813325.1	5	5	0	0				
flii	GCF_000816185.1	5	5	0	0				
flii	GCF_000816305.1	5	5	0	0				
flii	GCF_000816785.1	5	5	0	0				
flii	GCF_001282945.1	5	5	0	0				
flii	GCF_001283065.1	5	5	0	0				
flii	GCF_001298465.1	5	5	0	0				
flii	GCF_001457695.1	4	4	0	0				
flii	GCF_001602095.1	5	5	0	0				
flii	GCF_001687475.2	5	5	0	0				
flii	GCF_001693335.1	5	5	0	0				
flii	GCF_001723605.1	5	5	0	0				
flii	GCF_001956695.1	5	5	0	0				
flii	GCF_002021925.1	5	5	0	0				
flii	GCF_002080395.1	5	5	0	0				
flii	GCF_002104335.1	5	5	0	0				
flii	GCF_002119425.1	5	5	0	0				
flii	GCF_002139855.1	5	5	0	0				
flii	GCF_002139875.1	5	5	0	0				
flii	GCF_002139915.1	5	5	0	0				
flii	GCF_002139935.1	5	5	0	0				
flii	GCF_002238335.1	5	5	0	0				
flii	GCF_002837275.1	5	5	0	0				
flii	GCF_003063245.1	5	5	0	0				
flii	GCF_003063295.1	5	5	0	0				
flii	GCF_003245365.1	5	5	0	0				
flii	GCF_003316695.1	5	5	0	0				
flii	GCF_003346775.1	5	5	0	0				
flii	GCF_003346815.1	5	5	0	0				
flii	GCF_003355515.1	5	5	0	0				
flii	GCF_003364195.1	5	5	0	0				
flii	GCF_003364205.1	5	5	0	0				
flii	GCF_003364215.1	5	5	0	0				
flii	GCF_003364255.1	5	5	0	0				
flii	GCF_003364335.1	5	5	0	0				
flii	GCF_003544835.1	5	5	0	0				
flii	GCF_003544855.1	5	5	0	0				
flii	GCF_003544935.1	5	5	0	0				
flii	GCF_003660105.1	5	5	0	0				
flii	GCF_003660265.1	5	5	0	0				
flii	GCF_003660285.1	5	5	0	0				
flii	GCF_003660395.1	5	5	0	0				
flii	GCF_003667345.1	5	5	0	0				
flii	GCF_003670275.1	5	5	0	0				
flii	GCF_003752135.1	5	5	0	0				
flii	GCF_004214795.1	5	5	0	0				
flii	GCF_004214815.1	5	5	0	0				
flii	GCF_004299785.2	5	5	0	0				
flii	GCF_004323845.1	5	5	0	0				
flii	GCF_004803795.1	5	5	0	0				
flii	GCF_004803815.1	5	5	0	0				
flii	GCF_005217605.1	5	5	0	0				
flii	GCF_005406215.1	5	5	0	0				
flii	GCF_005406225.1	5	5	0	0				
flii	GCF_005843985.1	5	5	0	0				
flii	GCF_006459125.1	5	5	0	0				
flii	GCF_006864425.1	5	5	0	0				
flii	GCF_008245005.1	5	5	0	0				
flii	GCF_008245045.1	5	5	0	0				
flii	GCF_008693005.1	5	5	0	0				
flii	GCF_009068765.1	5	5	0	0				
flii	GCF_009192995.1	5	5	0	0				
flii	GCF_009258225.1	5	5	0	0				
flii	GCF_011769985.2	5	5	0	0				
flii	GCF_013177635.1	5	5	0	0				
flii	GCF_013177655.1	5	5	0	0				
flii	GCF_013201605.1	5	5	0	0				
flii	GCF_013201625.1	5	5	0	0				
flii	GCF_013201705.1	5	5	0	0				
flii	GCF_013201725.1	5	5	0	0				
flii	GCF_013201825.1	5	5	0	0				
flii	GCF_013201935.1	5	5	0	0				
flii	GCF_013283835.1	5	5	0	0				
flii	GCF_013372105.1	5	5	0	0				
flii	GCF_013372125.1	5	5	0	0				
flii	GCF_013372145.1	5	5	0	0				
flii	GCF_013372185.1	5	5	0	0				
flii	GCF_013372205.1	5	5	0	0				
flii	GCF_013372265.1	5	5	0	0				
flii	GCF_014253065.1	5	5	0	0				
flii	GCF_014466985.1	5	5	0	0				
flii	GCF_014905095.1	5	5	0	0				
flii	GCF_014905115.1	5	5	0	0				
flii	GCF_014905135.1	5	5	0	0				
flii	GCF_015265455.1	5	5	0	0				
flii	GCF_015265475.1	5	5	0	0				
flii	GCF_016106035.1	5	5	0	0				
flii	GCF_016593255.1	5	5	0	0				
flii	GCF_016806695.1	5	5	0	0				
flii	GCF_016937535.1	5	5	0	0				
flii	GCF_017357825.1	5	5	0	0				
flii	GCF_017979425.1	5	5	0	0				
flii	GCF_017979475.1	5	5	0	0				
flii	GCF_018145655.1	5	5	0	0				
flii	GCF_019711685.1	5	5	0	0				
flii	GCF_021300615.1	5	5	0	0				
flii	GCF_021300655.1	5	5	0	0				
flii	GCF_023646285.1	5	5	0	0				
flii	GCF_024267655.1	5	5	0	0				
flii	GCF_025770725.1	5	5	0	0				
flii	GCF_026000295.1	5	5	0	0				
flii	GCF_027859255.1	5	5	0	0				
flii	GCF_027943725.1	5	5	0	0				
flii	GCF_027946175.1	5	5	0	0				
flii	GCF_028649595.1	5	5	0	0				
flii	GCF_028751035.1	5	5	0	0				
flii	GCF_030249845.1	5	5	0	0				
flii	GCF_030296055.1	5	5	0	0				
flii	GCF_900115615.1	5	5	0	0				
flii	GCF_900187115.1	4	4	0	0				
flii	GCF_900461455.1	5	5	0	0				
flii	GCF_900475935.1	5	5	0	0				
flii	GCF_900476215.1	5	5	0	0				
flii	GCF_900478295.1	4	4	0	0				
flii	GCF_900637395.1	5	5	0	0				
flii	GCF_905120465.1	5	5	0	0				
flii	GCF_905120475.1	5	5	0	0				
flik	GCF_000012965.1	0	0	0	0				
flik	GCF_000021725.1	0	0	0	0				
flik	GCF_000024885.1	0	0	0	0				
flik	GCF_000147355.1	1	1	0	0				
flik	GCF_000155475.1	0	0	0	0				
flik	GCF_000162575.1	0	0	0	0				
flik	GCF_000183725.1	0	0	0	0				
flik	GCF_000196135.1	0	0	0	0				
flik	GCF_000200595.1	0	0	0	0				
flik	GCF_000242915.1	1	1	0	0				
flik	GCF_000254135.1	1	1	0	0				
flik	GCF_000259275.1	1	1	0	0				
flik	GCF_000265295.1	0	0	0	0				
flik	GCF_000445475.1	1	1	0	0				
flik	GCF_000507845.1	0	0	0	0				
flik	GCF_000518225.1	0	0	0	0				
flik	GCF_000568815.1	0	0	0	0				
flik	GCF_000597725.1	0	0	0	0				
flik	GCF_000686565.1	0	0	0	0				
flik	GCF_000687535.1	0	0	0	0				
flik	GCF_000736415.1	0	0	0	0				
flik	GCF_000762845.2	0	0	0	0				
flik	GCF_000762875.2	0	0	0	0				
flik	GCF_000763135.2	0	0	0	0				
flik	GCF_000765805.2	0	0	0	0				
flik	GCF_000765905.2	0	0	0	0				
flik	GCF_000813325.1	0	0	0	0				
flik	GCF_001282945.1	0	0	0	0				
flik	GCF_001283065.1	0	0	0	0				
flik	GCF_001298465.1	0	0	0	0				
flik	GCF_001457695.1	0	0	0	0				
flik	GCF_001602095.1	0	0	0	0				
flik	GCF_001687475.2	1	1	0	0				
flik	GCF_001693335.1	0	0	0	0				
flik	GCF_001723605.1	0	0	0	0				
flik	GCF_001956695.1	0	0	0	0				
flik	GCF_002021925.1	0	0	0	0				
flik	GCF_002080395.1	1	1	0	0				
flik	GCF_002104335.1	1	1	0	0				
flik	GCF_002139875.1	0	0	0	0				
flik	GCF_002139915.1	0	0	0	0				
flik	GCF_002139935.1	0	0	0	0				
flik	GCF_002238335.1	1	1	0	0				
flik	GCF_002335445.1	1	1	0	0				
flik	GCF_003063245.1	1	1	0	0				
flik	GCF_003063295.1	1	1	0	0				
flik	GCF_003245365.1	0	0	0	0				
flik	GCF_003316695.1	1	1	0	0				
flik	GCF_003346815.1	0	0	0	0				
flik	GCF_003355515.1	1	1	0	0				
flik	GCF_003364195.1	0	0	0	0				
flik	GCF_003364205.1	0	0	0	0				
flik	GCF_003364215.1	0	0	0	0				
flik	GCF_003364255.1	0	0	0	0				
flik	GCF_003364335.1	0	0	0	0				
flik	GCF_003544835.1	0	0	0	0				
flik	GCF_003660105.1	1	1	0	0				
flik	GCF_003660265.1	0	0	0	0				
flik	GCF_003660285.1	0	0	0	0				
flik	GCF_003660395.1	0	0	0	0				
flik	GCF_003667345.1	1	1	0	0				
flik	GCF_003670275.1	0	0	0	0				
flik	GCF_003752135.1	1	1	0	0				
flik	GCF_004214795.1	0	0	0	0				
flik	GCF_004214815.1	0	0	0	0				
flik	GCF_004299785.2	0	0	0	0				
flik	GCF_004323845.1	1	1	0	0				
flik	GCF_004803795.1	1	1	0	0				
flik	GCF_004803815.1	1	1	0	0				
flik	GCF_005217605.1	1	1	0	0				
flik	GCF_005406215.1	1	1	0	0				
flik	GCF_005406225.1	1	1	0	0				
flik	GCF_005843985.1	1	1	0	0				
flik	GCF_006864425.1	1	1	0	0				
flik	GCF_008245005.1	1	1	0	0				
flik	GCF_008693005.1	0	0	0	0				
flik	GCF_009068765.1	1	1	0	0				
flik	GCF_009192995.1	1	1	0	0				
flik	GCF_009258225.1	1	1	0	0				
flik	GCF_013177635.1	1	1	0	0				
flik	GCF_013177655.1	0	0	0	0				
flik	GCF_013201625.1	1	1	0	0				
flik	GCF_013201705.1	1	1	0	0				
flik	GCF_013201725.1	0	0	0	0				
flik	GCF_013201935.1	1	1	0	0				
flik	GCF_013283835.1	0	0	0	0				
flik	GCF_013372125.1	0	0	0	0				
flik	GCF_013372145.1	1	1	0	0				
flik	GCF_013372205.1	0	0	0	0				
flik	GCF_013372265.1	1	1	0	0				
flik	GCF_014253065.1	1	1	0	0				
flik	GCF_014905095.1	1	1	0	0				
flik	GCF_014905115.1	1	1	0	0				
flik	GCF_014905135.1	1	1	0	0				
flik	GCF_015265455.1	1	1	0	0				
flik	GCF_015265475.1	1	1	0	0				
flik	GCF_016106035.1	1	1	0	0				
flik	GCF_016593255.1	0	0	0	0				
flik	GCF_016806695.1	1	1	0	0				
flik	GCF_016937535.1	0	0	0	0				
flik	GCF_017357825.1	1	1	0	0				
flik	GCF_017979425.1	0	0	0	0				
flik	GCF_017979475.1	0	0	0	0				
flik	GCF_018145655.1	0	0	0	0				
flik	GCF_019711685.1	0	0	0	0				
flik	GCF_021300615.1	2	2	0	0				
flik	GCF_021300655.1	0	0	0	0				
flik	GCF_023646285.1	0	0	0	0				
flik	GCF_024267655.1	0	0	0	0				
flik	GCF_025770725.1	0	0	0	0				
flik	GCF_027859255.1	0	0	0	0				
flik	GCF_028649595.1	0	0	0	0				
flik	GCF_028751035.1	0	0	0	0				
flik	GCF_030249845.1	0	0	0	0				
flik	GCF_030296055.1	0	0	0	0				
flik	GCF_900115615.1	0	0	0	0				
flik	GCF_900187115.1	0	0	0	0				
flik	GCF_900461455.1	1	1	0	0				
flik	GCF_900475935.1	1	1	0	0				
flik	GCF_900476215.1	3	3	0	0				
flik	GCF_900478295.1	0	0	0	0				
flik	GCF_900637395.1	1	1	0	0				
flik	GCF_905120465.1	0	0	0	0				
flik	GCF_905120475.1	0	0	0	0				
flil	GCF_000012965.1	3	3	0	0				
flil	GCF_000021725.1	3	3	0	0				
flil	GCF_000024885.1	4	4	0	0				
flil	GCF_000147355.1	4	4	0	0				
flil	GCF_000155475.1	3	3	0	0				
flil	GCF_000162575.1	4	4	0	0				
flil	GCF_000183725.1	4	4	0	0				
flil	GCF_000196135.1	4	4	0	0				
flil	GCF_000200595.1	4	4	0	0				
flil	GCF_000242915.1	4	4	0	0				
flil	GCF_000254135.1	4	4	0	0				
flil	GCF_000259275.1	4	4	0	0				
flil	GCF_000265295.1	4	4	0	0				
flil	GCF_000445475.1	4	4	0	0				
flil	GCF_000507845.1	4	4	0	0				
flil	GCF_000518225.1	4	4	0	0				
flil	GCF_000568815.1	4	4	0	0				
flil	GCF_000597725.1	4	4	0	0				
flil	GCF_000687535.1	4	4	0	0				
flil	GCF_000736415.1	4	4	0	0				
flil	GCF_000762845.2	4	4	0	0				
flil	GCF_000763135.2	4	4	0	0				
flil	GCF_000813325.1	4	4	0	0				
flil	GCF_000816185.1	4	4	0	0				
flil	GCF_000816305.1	4	4	0	0				
flil	GCF_000816785.1	4	4	0	0				
flil	GCF_001282945.1	4	4	0	0				
flil	GCF_001283065.1	4	4	0	0				
flil	GCF_001298465.1	4	4	0	0				
flil	GCF_001457695.1	3	3	0	0				
flil	GCF_001602095.1	4	4	0	0				
flil	GCF_001687475.2	4	4	0	0				
flil	GCF_001693335.1	4	4	0	0				
flil	GCF_001723605.1	4	4	0	0				
flil	GCF_002021925.1	4	4	0	0				
flil	GCF_002080395.1	4	4	0	0				
flil	GCF_002104335.1	4	4	0	0				
flil	GCF_002139855.1	4	4	0	0				
flil	GCF_002139875.1	4	4	0	0				
flil	GCF_002139915.1	4	4	0	0				
flil	GCF_002139935.1	4	4	0	0				
flil	GCF_002238335.1	4	4	0	0				
flil	GCF_002335445.1	4	4	0	0				
flil	GCF_003245365.1	4	4	0	0				
flil	GCF_003364205.1	4	4	0	0				
flil	GCF_003364215.1	4	4	0	0				
flil	GCF_003364255.1	4	4	0	0				
flil	GCF_003660265.1	4	4	0	0				
flil	GCF_003660285.1	4	4	0	0				
flil	GCF_003660395.1	4	4	0	0				
flil	GCF_003670275.1	4	4	0	0				
flil	GCF_003752135.1	4	4	0	0				
flil	GCF_004323845.1	4	4	0	0				
flil	GCF_004803795.1	4	4	0	0				
flil	GCF_004803815.1	4	4	0	0				
flil	GCF_005217605.1	4	4	0	0				
flil	GCF_005406215.1	4	4	0	0				
flil	GCF_005406225.1	4	4	0	0				
flil	GCF_005843985.1	4	4	0	0				
flil	GCF_008245005.1	4	4	0	0				
flil	GCF_008245045.1	4	4	0	0				
flil	GCF_008693005.1	4	4	0	0				
flil	GCF_009068765.1	4	4	0	0				
flil	GCF_009192995.1	4	4	0	0				
flil	GCF_009258225.1	4	4	0	0				
flil	GCF_011769985.2	4	4	0	0				
flil	GCF_013177655.1	4	4	0	0				
flil	GCF_013201605.1	4	4	0	0				
flil	GCF_013372105.1	4	4	0	0				
flil	GCF_013372125.1	4	4	0	0				
flil	GCF_013372145.1	4	4	0	0				
flil	GCF_013372185.1	4	4	0	0				
flil	GCF_013372205.1	4	4	0	0				
flil	GCF_014253065.1	4	4	0	0				
flil	GCF_014905095.1	4	4	0	0				
flil	GCF_014905115.1	4	4	0	0				
flil	GCF_014905135.1	4	4	0	0				
flil	GCF_015265455.1	4	4	0	0				
flil	GCF_015265475.1	4	4	0	0				
flil	GCF_016593255.1	4	4	0	0				
flil	GCF_016806695.1	4	4	0	0				
flil	GCF_016937535.1	4	4	0	0				
flil	GCF_017357825.1	4	4	0	0				
flil	GCF_017979425.1	4	4	0	0				
flil	GCF_017979475.1	4	4	0	0				
flil	GCF_018145655.1	4	4	0	0				
flil	GCF_019711685.1	4	4	0	0				
flil	GCF_021300615.1	4	4	0	0				
flil	GCF_021300655.1	4	4	0	0				
flil	GCF_023646285.1	4	4	0	0				
flil	GCF_025770725.1	4	4	0	0				
flil	GCF_026000295.1	4	4	0	0				
flil	GCF_027859255.1	4	4	0	0				
flil	GCF_028649595.1	4	4	0	0				
flil	GCF_028751035.1	4	4	0	0				
flil	GCF_030249845.1	4	4	0	0				
flil	GCF_030296055.1	4	4	0	0				
flil	GCF_900115615.1	4	4	0	0				
flil	GCF_900461455.1	4	4	0	0				
flil	GCF_900475935.1	4	4	0	0				
flil	GCF_900476215.1	4	4	0	0				
flil	GCF_900478295.1	3	3	0	0				
flil	GCF_900637395.1	4	4	0	0				
flil	GCF_905120465.1	4	4	0	0				
flil	GCF_905120475.1	4	4	0	0				
flim	GCF_000012965.1	4	4	0	0				
flim	GCF_000021725.1	4	4	0	0				
flim	GCF_000024885.1	5	5	0	0				
flim	GCF_000092245.1	5	5	0	0				
flim	GCF_000147355.1	5	5	0	0				
flim	GCF_000155475.1	5	5	0	0				
flim	GCF_000162575.1	5	5	0	0				
flim	GCF_000183725.1	5	5	0	0				
flim	GCF_000194135.1	5	5	0	0				
flim	GCF_000196135.1	5	5	0	0				
flim	GCF_000200595.1	5	5	0	0				
flim	GCF_000242915.1	5	5	0	0				
flim	GCF_000254135.1	5	5	0	0				
flim	GCF_000259275.1	5	5	0	0				
flim	GCF_000265295.1	5	5	0	0				
flim	GCF_000420385.1	5	5	0	0				
flim	GCF_000445475.1	5	5	0	0				
flim	GCF_000507845.1	5	5	0	0				
flim	GCF_000518225.1	5	5	0	0				
flim	GCF_000568815.1	5	5	0	0				
flim	GCF_000597725.1	5	5	0	0				
flim	GCF_000686565.1	5	5	0	0				
flim	GCF_000687535.1	5	5	0	0				
flim	GCF_000736415.1	5	5	0	0				
flim	GCF_000744435.1	5	5	0	0				
flim	GCF_000762845.2	5	5	0	0				
flim	GCF_000762875.2	5	5	0	0				
flim	GCF_000763135.2	5	5	0	0				
flim	GCF_000765805.2	5	5	0	0				
flim	GCF_000765905.2	5	5	0	0				
flim	GCF_000813325.1	5	5	0	0				
flim	GCF_000816185.1	5	5	0	0				
flim	GCF_000816305.1	5	5	0	0				
flim	GCF_000816785.1	5	5	0	0				
flim	GCF_001282945.1	5	5	0	0				
flim	GCF_001283065.1	5	5	0	0				
flim	GCF_001298465.1	5	5	0	0				
flim	GCF_001457695.1	4	4	0	0				
flim	GCF_001602095.1	5	5	0	0				
flim	GCF_001687475.2	5	5	0	0				
flim	GCF_001693335.1	5	5	0	0				
flim	GCF_001723605.1	5	5	0	0				
flim	GCF_001956695.1	5	5	0	0				
flim	GCF_002021925.1	5	5	0	0				
flim	GCF_002080395.1	5	5	0	0				
flim	GCF_002104335.1	5	5	0	0				
flim	GCF_002119425.1	5	5	0	0				
flim	GCF_002139855.1	5	5	0	0				
flim	GCF_002139875.1	5	5	0	0				
flim	GCF_002139915.1	5	5	0	0				
flim	GCF_002139935.1	5	5	0	0				
flim	GCF_002238335.1	5	5	0	0				
flim	GCF_002335445.1	5	5	0	0				
flim	GCF_002837275.1	5	5	0	0				
flim	GCF_003063245.1	5	5	0	0				
flim	GCF_003063295.1	5	5	0	0				
flim	GCF_003245365.1	5	5	0	0				
flim	GCF_003316695.1	5	5	0	0				
flim	GCF_003346775.1	5	5	0	0				
flim	GCF_003346815.1	5	5	0	0				
flim	GCF_003355515.1	5	5	0	0				
flim	GCF_003364195.1	5	5	0	0				
flim	GCF_003364205.1	5	5	0	0				
flim	GCF_003364215.1	5	5	0	0				
flim	GCF_003364255.1	5	5	0	0				
flim	GCF_003364335.1	5	5	0	0				
flim	GCF_003544835.1	5	5	0	0				
flim	GCF_003544855.1	5	5	0	0				
flim	GCF_003544935.1	5	5	0	0				
flim	GCF_003660105.1	5	5	0	0				
flim	GCF_003660265.1	5	5	0	0				
flim	GCF_003660285.1	5	5	0	0				
flim	GCF_003660395.1	5	5	0	0				
flim	GCF_003667345.1	5	5	0	0				
flim	GCF_003670275.1	5	5	0	0				
flim	GCF_003752135.1	5	5	0	0				
flim	GCF_004214795.1	5	5	0	0				
flim	GCF_004214815.1	5	5	0	0				
flim	GCF_004299785.2	5	5	0	0				
flim	GCF_004323845.1	5	5	0	0				
flim	GCF_004803795.1	5	5	0	0				
flim	GCF_004803815.1	5	5	0	0				
flim	GCF_005217605.1	5	5	0	0				
flim	GCF_005406215.1	5	5	0	0				
flim	GCF_005406225.1	5	5	0	0				
flim	GCF_005843985.1	5	5	0	0				
flim	GCF_006459125.1	5	5	0	0				
flim	GCF_006864425.1	5	5	0	0				
flim	GCF_008245005.1	5	5	0	0				
flim	GCF_008245045.1	5	5	0	0				
flim	GCF_008693005.1	5	5	0	0				
flim	GCF_009068765.1	5	5	0	0				
flim	GCF_009192995.1	5	5	0	0				
flim	GCF_009258225.1	5	5	0	0				
flim	GCF_011769985.2	5	5	0	0				
flim	GCF_013177635.1	5	5	0	0				
flim	GCF_013177655.1	5	5	0	0				
flim	GCF_013201605.1	5	5	0	0				
flim	GCF_013201625.1	5	5	0	0				
flim	GCF_013201705.1	5	5	0	0				
flim	GCF_013201725.1	5	5	0	0				
flim	GCF_013201825.1	5	5	0	0				
flim	GCF_013201935.1	5	5	0	0				
flim	GCF_013283835.1	5	5	0	0				
flim	GCF_013372105.1	5	5	0	0				
flim	GCF_013372125.1	5	5	0	0				
flim	GCF_013372145.1	5	5	0	0				
flim	GCF_013372185.1	5	5	0	0				
flim	GCF_013372205.1	5	5	0	0				
flim	GCF_013372265.1	5	5	0	0				
flim	GCF_014253065.1	5	5	0	0				
flim	GCF_014466985.1	5	5	0	0				
flim	GCF_014905095.1	5	5	0	0				
flim	GCF_014905115.1	5	5	0	0				
flim	GCF_014905135.1	5	5	0	0				
flim	GCF_015100395.1	5	5	0	0				
flim	GCF_015265455.1	5	5	0	0				
flim	GCF_015265475.1	5	5	0	0				
flim	GCF_016106035.1	5	5	0	0				
flim	GCF_016593255.1	5	5	0	0				
flim	GCF_016806695.1	5	5	0	0				
flim	GCF_016937535.1	5	5	0	0				
flim	GCF_017357825.1	5	5	0	0				
flim	GCF_017979425.1	5	5	0	0				
flim	GCF_017979475.1	5	5	0	0				
flim	GCF_018145655.1	5	5	0	0				
flim	GCF_019711685.1	5	5	0	0				
flim	GCF_021300615.1	5	5	0	0				
flim	GCF_021300655.1	5	5	0	0				
flim	GCF_023646285.1	5	5	0	0				
flim	GCF_024267655.1	5	5	0	0				
flim	GCF_025770725.1	5	5	0	0				
flim	GCF_026000295.1	5	5	0	0				
flim	GCF_027859255.1	5	5	0	0				
flim	GCF_027943725.1	5	5	0	0				
flim	GCF_027946175.1	5	5	0	0				
flim	GCF_028649595.1	5	5	0	0				
flim	GCF_028751035.1	5	5	0	0				
flim	GCF_030249845.1	5	5	0	0				
flim	GCF_030296055.1	5	5	0	0				
flim	GCF_900115615.1	5	5	0	0				
flim	GCF_900187115.1	4	4	0	0				
flim	GCF_900475935.1	5	5	0	0				
flim	GCF_900476215.1	5	5	0	0				
flim	GCF_900478295.1	4	4	0	0				
flim	GCF_900637395.1	5	5	0	0				
flim	GCF_905120465.1	5	5	0	0				
flim	GCF_905120475.1	5	5	0	0				
flin	GCF_000012965.1	4	4	0	0				
flin	GCF_000021725.1	4	4	0	0				
flin	GCF_000024885.1	5	5	0	0				
flin	GCF_000092245.1	5	5	0	0				
flin	GCF_000147355.1	5	5	0	0				
flin	GCF_000155475.1	5	5	0	0				
flin	GCF_000162575.1	5	5	0	0				
flin	GCF_000183725.1	5	5	0	0				
flin	GCF_000194135.1	5	4	1	0	N.profundicola:fliy			
flin	GCF_000196135.1	5	5	0	0				
flin	GCF_000200595.1	5	5	0	0				
flin	GCF_000242915.1	5	5	0	0				
flin	GCF_000254135.1	5	5	0	0				
flin	GCF_000259275.1	5	5	0	0				
flin	GCF_000265295.1	5	5	0	0				
flin	GCF_000420385.1	5	1	4	0	C.jejuni:fliy; H.pylori:fliy; S.denitrificans:fliy; N.profundicola:fliy			FLAG
flin	GCF_000445475.1	5	5	0	0				
flin	GCF_000507845.1	5	5	0	0				
flin	GCF_000518225.1	5	5	0	0				
flin	GCF_000568815.1	5	5	0	0				
flin	GCF_000597725.1	5	5	0	0				
flin	GCF_000686565.1	5	5	0	0				
flin	GCF_000687535.1	5	5	0	0				
flin	GCF_000736415.1	5	5	0	0				
flin	GCF_000744435.1	5	3	2	0	H.pylori:fliy; N.profundicola:fliy			
flin	GCF_000762845.2	5	5	0	0				
flin	GCF_000762875.2	5	5	0	0				
flin	GCF_000763135.2	5	5	0	0				
flin	GCF_000765805.2	5	5	0	0				
flin	GCF_000765905.2	5	5	0	0				
flin	GCF_000813325.1	5	5	0	0				
flin	GCF_000816185.1	5	5	0	0				
flin	GCF_000816305.1	5	5	0	0				
flin	GCF_000816785.1	5	5	0	0				
flin	GCF_001282945.1	5	5	0	0				
flin	GCF_001283065.1	5	5	0	0				
flin	GCF_001298465.1	5	5	0	0				
flin	GCF_001457695.1	4	4	0	0				
flin	GCF_001602095.1	5	5	0	0				
flin	GCF_001687475.2	5	5	0	0				
flin	GCF_001693335.1	5	5	0	0				
flin	GCF_001723605.1	5	5	0	0				
flin	GCF_001956695.1	5	5	0	0				
flin	GCF_002021925.1	5	5	0	0				
flin	GCF_002080395.1	5	5	0	0				
flin	GCF_002104335.1	5	5	0	0				
flin	GCF_002119425.1	5	4	1	0	S.denitrificans:fliy			
flin	GCF_002139855.1	5	5	0	0				
flin	GCF_002139875.1	5	5	0	0				
flin	GCF_002139915.1	5	5	0	0				
flin	GCF_002139935.1	5	5	0	0				
flin	GCF_002238335.1	5	5	0	0				
flin	GCF_002335445.1	5	5	0	0				
flin	GCF_002837275.1	5	5	0	0				
flin	GCF_003063245.1	5	5	0	0				
flin	GCF_003063295.1	5	5	0	0				
flin	GCF_003245365.1	5	5	0	0				
flin	GCF_003316695.1	5	5	0	0				
flin	GCF_003346775.1	5	5	0	0				
flin	GCF_003346815.1	5	5	0	0				
flin	GCF_003355515.1	5	5	0	0				
flin	GCF_003364195.1	5	5	0	0				
flin	GCF_003364205.1	5	5	0	0				
flin	GCF_003364215.1	5	5	0	0				
flin	GCF_003364255.1	5	5	0	0				
flin	GCF_003364335.1	5	5	0	0				
flin	GCF_003544835.1	5	5	0	0				
flin	GCF_003544855.1	5	5	0	0				
flin	GCF_003544935.1	4	4	0	0				
flin	GCF_003660105.1	5	5	0	0				
flin	GCF_003660265.1	5	5	0	0				
flin	GCF_003660285.1	5	5	0	0				
flin	GCF_003660395.1	5	5	0	0				
flin	GCF_003667345.1	5	5	0	0				
flin	GCF_003670275.1	5	5	0	0				
flin	GCF_003752135.1	5	5	0	0				
flin	GCF_004214795.1	5	5	0	0				
flin	GCF_004214815.1	5	5	0	0				
flin	GCF_004299785.2	5	5	0	0				
flin	GCF_004323845.1	5	5	0	0				
flin	GCF_004803795.1	5	5	0	0				
flin	GCF_004803815.1	5	5	0	0				
flin	GCF_005217605.1	5	5	0	0				
flin	GCF_005406215.1	5	5	0	0				
flin	GCF_005406225.1	5	5	0	0				
flin	GCF_005843985.1	5	5	0	0				
flin	GCF_006459125.1	5	5	0	0				
flin	GCF_006864425.1	5	5	0	0				
flin	GCF_008245005.1	5	5	0	0				
flin	GCF_008245045.1	5	5	0	0				
flin	GCF_008693005.1	5	5	0	0				
flin	GCF_009068765.1	5	5	0	0				
flin	GCF_009192995.1	5	5	0	0				
flin	GCF_009258225.1	5	5	0	0				
flin	GCF_011769985.2	5	5	0	0				
flin	GCF_013177635.1	5	5	0	0				
flin	GCF_013177655.1	5	5	0	0				
flin	GCF_013201605.1	5	5	0	0				
flin	GCF_013201625.1	5	5	0	0				
flin	GCF_013201705.1	5	5	0	0				
flin	GCF_013201725.1	5	5	0	0				
flin	GCF_013201825.1	5	5	0	0				
flin	GCF_013201935.1	5	5	0	0				
flin	GCF_013283835.1	5	5	0	0				
flin	GCF_013372105.1	5	5	0	0				
flin	GCF_013372125.1	5	5	0	0				
flin	GCF_013372145.1	5	5	0	0				
flin	GCF_013372185.1	5	5	0	0				
flin	GCF_013372205.1	5	5	0	0				
flin	GCF_013372265.1	5	5	0	0				
flin	GCF_014253065.1	5	5	0	0				
flin	GCF_014466985.1	5	1	4	0	C.jejuni:fliy; H.pylori:fliy; S.denitrificans:fliy; N.profundicola:fliy			FLAG
flin	GCF_014905095.1	5	5	0	0				
flin	GCF_014905115.1	5	5	0	0				
flin	GCF_014905135.1	5	5	0	0				
flin	GCF_015100395.1	5	2	3	0	C.jejuni:fliy; H.pylori:fliy; S.denitrificans:fliy			FLAG
flin	GCF_015265455.1	5	5	0	0				
flin	GCF_015265475.1	5	5	0	0				
flin	GCF_016106035.1	5	5	0	0				
flin	GCF_016593255.1	5	5	0	0				
flin	GCF_016806695.1	5	5	0	0				
flin	GCF_016937535.1	5	5	0	0				
flin	GCF_017357825.1	5	5	0	0				
flin	GCF_017979425.1	5	5	0	0				
flin	GCF_017979475.1	5	5	0	0				
flin	GCF_018145655.1	5	5	0	0				
flin	GCF_019711685.1	5	5	0	0				
flin	GCF_021300615.1	5	5	0	0				
flin	GCF_021300655.1	5	5	0	0				
flin	GCF_023646285.1	5	5	0	0				
flin	GCF_024267655.1	4	4	0	0				
flin	GCF_025770725.1	5	5	0	0				
flin	GCF_026000295.1	5	5	0	0				
flin	GCF_027859255.1	5	5	0	0				
flin	GCF_027943725.1	5	1	4	0	C.jejuni:fliy; H.pylori:fliy; S.denitrificans:fliy; N.profundicola:fliy			FLAG
flin	GCF_027946175.1	5	1	4	0	C.jejuni:fliy; H.pylori:fliy; S.denitrificans:fliy; N.profundicola:fliy			FLAG
flin	GCF_028649595.1	5	5	0	0				
flin	GCF_028751035.1	5	5	0	0				
flin	GCF_030249845.1	5	5	0	0				
flin	GCF_030296055.1	5	5	0	0				
flin	GCF_900115615.1	5	5	0	0				
flin	GCF_900187115.1	4	4	0	0				
flin	GCF_900461455.1	5	5	0	0				
flin	GCF_900475935.1	5	5	0	0				
flin	GCF_900476215.1	5	5	0	0				
flin	GCF_900478295.1	4	4	0	0				
flin	GCF_900637395.1	5	5	0	0				
flin	GCF_905120465.1	5	5	0	0				
flin	GCF_905120475.1	5	5	0	0				
flip	GCF_000012965.1	4	4	0	0				
flip	GCF_000021725.1	4	4	0	0				
flip	GCF_000024885.1	5	5	0	0				
flip	GCF_000092245.1	5	5	0	0				
flip	GCF_000147355.1	5	5	0	0				
flip	GCF_000155475.1	5	5	0	0				
flip	GCF_000162575.1	5	5	0	0				
flip	GCF_000183725.1	5	5	0	0				
flip	GCF_000194135.1	5	5	0	0				
flip	GCF_000196135.1	5	5	0	0				
flip	GCF_000200595.1	5	5	0	0				
flip	GCF_000242915.1	5	5	0	0				
flip	GCF_000254135.1	5	5	0	0				
flip	GCF_000259275.1	5	5	0	0				
flip	GCF_000265295.1	5	5	0	0				
flip	GCF_000420385.1	5	5	0	0				
flip	GCF_000445475.1	5	5	0	0				
flip	GCF_000507845.1	5	5	0	0				
flip	GCF_000518225.1	5	5	0	0				
flip	GCF_000568815.1	5	5	0	0				
flip	GCF_000597725.1	5	5	0	0				
flip	GCF_000686565.1	5	5	0	0				
flip	GCF_000687535.1	5	5	0	0				
flip	GCF_000736415.1	5	5	0	0				
flip	GCF_000744435.1	5	5	0	0				
flip	GCF_000762845.2	5	5	0	0				
flip	GCF_000762875.2	5	5	0	0				
flip	GCF_000763135.2	5	5	0	0				
flip	GCF_000765805.2	5	5	0	0				
flip	GCF_000765905.2	5	5	0	0				
flip	GCF_000813325.1	5	5	0	0				
flip	GCF_000816185.1	5	5	0	0				
flip	GCF_000816305.1	5	5	0	0				
flip	GCF_000816785.1	5	5	0	0				
flip	GCF_001282945.1	5	5	0	0				
flip	GCF_001283065.1	5	5	0	0				
flip	GCF_001298465.1	5	5	0	0				
flip	GCF_001457695.1	4	4	0	0				
flip	GCF_001602095.1	5	5	0	0				
flip	GCF_001687475.2	5	5	0	0				
flip	GCF_001693335.1	5	5	0	0				
flip	GCF_001723605.1	5	5	0	0				
flip	GCF_001956695.1	5	5	0	0				
flip	GCF_002021925.1	5	5	0	0				
flip	GCF_002080395.1	5	5	0	0				
flip	GCF_002104335.1	5	5	0	0				
flip	GCF_002119425.1	5	5	0	0				
flip	GCF_002139855.1	5	5	0	0				
flip	GCF_002139875.1	5	5	0	0				
flip	GCF_002139915.1	5	5	0	0				
flip	GCF_002139935.1	5	5	0	0				
flip	GCF_002238335.1	5	5	0	0				
flip	GCF_002335445.1	5	5	0	0				
flip	GCF_002837275.1	5	5	0	0				
flip	GCF_003063245.1	5	5	0	0				
flip	GCF_003063295.1	5	5	0	0				
flip	GCF_003245365.1	5	5	0	0				
flip	GCF_003316695.1	5	5	0	0				
flip	GCF_003346775.1	5	5	0	0				
flip	GCF_003346815.1	5	5	0	0				
flip	GCF_003355515.1	5	5	0	0				
flip	GCF_003364195.1	5	5	0	0				
flip	GCF_003364205.1	5	5	0	0				
flip	GCF_003364215.1	5	5	0	0				
flip	GCF_003364255.1	5	5	0	0				
flip	GCF_003364335.1	5	5	0	0				
flip	GCF_003544835.1	5	5	0	0				
flip	GCF_003544855.1	5	5	0	0				
flip	GCF_003544935.1	5	5	0	0				
flip	GCF_003660105.1	5	5	0	0				
flip	GCF_003660265.1	5	5	0	0				
flip	GCF_003660285.1	5	5	0	0				
flip	GCF_003667345.1	5	5	0	0				
flip	GCF_003670275.1	5	5	0	0				
flip	GCF_003752135.1	5	5	0	0				
flip	GCF_004214795.1	5	5	0	0				
flip	GCF_004214815.1	5	5	0	0				
flip	GCF_004299785.2	5	5	0	0				
flip	GCF_004323845.1	5	5	0	0				
flip	GCF_004803795.1	5	5	0	0				
flip	GCF_004803815.1	5	5	0	0				
flip	GCF_005217605.1	5	5	0	0				
flip	GCF_005406215.1	5	5	0	0				
flip	GCF_005406225.1	5	5	0	0				
flip	GCF_005843985.1	5	5	0	0				
flip	GCF_006459125.1	5	5	0	0				
flip	GCF_006864425.1	5	5	0	0				
flip	GCF_008245005.1	5	5	0	0				
flip	GCF_008245045.1	5	5	0	0				
flip	GCF_008693005.1	5	5	0	0				
flip	GCF_009068765.1	5	5	0	0				
flip	GCF_009192995.1	5	5	0	0				
flip	GCF_009258225.1	5	5	0	0				
flip	GCF_011769985.2	5	5	0	0				
flip	GCF_013177635.1	5	5	0	0				
flip	GCF_013177655.1	5	5	0	0				
flip	GCF_013201605.1	5	5	0	0				
flip	GCF_013201625.1	5	5	0	0				
flip	GCF_013201705.1	5	5	0	0				
flip	GCF_013201725.1	5	5	0	0				
flip	GCF_013201825.1	5	5	0	0				
flip	GCF_013201935.1	5	5	0	0				
flip	GCF_013283835.1	5	5	0	0				
flip	GCF_013372105.1	5	5	0	0				
flip	GCF_013372125.1	5	5	0	0				
flip	GCF_013372145.1	5	5	0	0				
flip	GCF_013372185.1	5	5	0	0				
flip	GCF_013372205.1	5	5	0	0				
flip	GCF_013372265.1	5	5	0	0				
flip	GCF_014253065.1	5	5	0	0				
flip	GCF_014466985.1	5	5	0	0				
flip	GCF_014905095.1	5	5	0	0				
flip	GCF_014905115.1	5	5	0	0				
flip	GCF_014905135.1	5	5	0	0				
flip	GCF_015100395.1	5	5	0	0				
flip	GCF_015265455.1	5	5	0	0				
flip	GCF_015265475.1	5	5	0	0				
flip	GCF_016106035.1	5	5	0	0				
flip	GCF_016593255.1	5	5	0	0				
flip	GCF_016806695.1	5	5	0	0				
flip	GCF_016937535.1	5	5	0	0				
flip	GCF_017357825.1	5	5	0	0				
flip	GCF_017979475.1	5	5	0	0				
flip	GCF_018145655.1	5	5	0	0				
flip	GCF_019711685.1	5	5	0	0				
flip	GCF_021300615.1	5	5	0	0				
flip	GCF_021300655.1	5	5	0	0				
flip	GCF_023646285.1	5	5	0	0				
flip	GCF_024267655.1	5	5	0	0				
flip	GCF_025770725.1	5	5	0	0				
flip	GCF_026000295.1	5	5	0	0				
flip	GCF_027859255.1	5	5	0	0				
flip	GCF_027943725.1	5	5	0	0				
flip	GCF_027946175.1	5	5	0	0				
flip	GCF_028649595.1	5	5	0	0				
flip	GCF_028751035.1	5	5	0	0				
flip	GCF_030249845.1	5	5	0	0				
flip	GCF_030296055.1	5	5	0	0				
flip	GCF_900115615.1	5	5	0	0				
flip	GCF_900187115.1	4	4	0	0				
flip	GCF_900461455.1	5	5	0	0				
flip	GCF_900475935.1	5	5	0	0				
flip	GCF_900476215.1	5	5	0	0				
flip	GCF_900478295.1	4	4	0	0				
flip	GCF_900637395.1	5	5	0	0				
flip	GCF_905120465.1	5	5	0	0				
flip	GCF_905120475.1	5	5	0	0				
fliq	GCF_000012965.1	4	4	0	0				
fliq	GCF_000021725.1	4	4	0	0				
fliq	GCF_000024885.1	5	5	0	0				
fliq	GCF_000092245.1	5	5	0	0				
fliq	GCF_000147355.1	5	5	0	0				
fliq	GCF_000155475.1	5	5	0	0				
fliq	GCF_000162575.1	5	5	0	0				
fliq	GCF_000183725.1	5	5	0	0				
fliq	GCF_000194135.1	5	5	0	0				
fliq	GCF_000196135.1	5	5	0	0				
fliq	GCF_000200595.1	5	5	0	0				
fliq	GCF_000242915.1	5	5	0	0				
fliq	GCF_000254135.1	5	5	0	0				
fliq	GCF_000259275.1	5	5	0	0				
fliq	GCF_000265295.1	5	5	0	0				
fliq	GCF_000420385.1	5	5	0	0				
fliq	GCF_000445475.1	5	5	0	0				
fliq	GCF_000507845.1	5	5	0	0				
fliq	GCF_000518225.1	5	5	0	0				
fliq	GCF_000568815.1	5	5	0	0				
fliq	GCF_000597725.1	5	5	0	0				
fliq	GCF_000686565.1	5	5	0	0				
fliq	GCF_000687535.1	5	5	0	0				
fliq	GCF_000736415.1	5	5	0	0				
fliq	GCF_000744435.1	5	5	0	0				
fliq	GCF_000762845.2	5	5	0	0				
fliq	GCF_000762875.2	5	5	0	0				
fliq	GCF_000763135.2	5	5	0	0				
fliq	GCF_000765805.2	5	5	0	0				
fliq	GCF_000765905.2	5	5	0	0				
fliq	GCF_000813325.1	5	5	0	0				
fliq	GCF_000816185.1	5	5	0	0				
fliq	GCF_000816305.1	5	5	0	0				
fliq	GCF_000816785.1	5	5	0	0				
fliq	GCF_001282945.1	5	5	0	0				
fliq	GCF_001283065.1	5	5	0	0				
fliq	GCF_001298465.1	5	5	0	0				
fliq	GCF_001457695.1	4	4	0	0				
fliq	GCF_001602095.1	5	5	0	0				
fliq	GCF_001687475.2	5	5	0	0				
fliq	GCF_001693335.1	5	5	0	0				
fliq	GCF_001723605.1	5	5	0	0				
fliq	GCF_001956695.1	5	5	0	0				
fliq	GCF_002021925.1	5	5	0	0				
fliq	GCF_002080395.1	5	5	0	0				
fliq	GCF_002104335.1	5	5	0	0				
fliq	GCF_002119425.1	5	5	0	0				
fliq	GCF_002139855.1	5	5	0	0				
fliq	GCF_002139875.1	5	5	0	0				
fliq	GCF_002139915.1	5	5	0	0				
fliq	GCF_002139935.1	5	5	0	0				
fliq	GCF_002238335.1	5	5	0	0				
fliq	GCF_002335445.1	5	5	0	0				
fliq	GCF_002837275.1	5	5	0	0				
fliq	GCF_003063245.1	5	5	0	0				
fliq	GCF_003063295.1	5	5	0	0				
fliq	GCF_003245365.1	5	5	0	0				
fliq	GCF_003316695.1	5	5	0	0				
fliq	GCF_003346775.1	5	5	0	0				
fliq	GCF_003346815.1	5	5	0	0				
fliq	GCF_003355515.1	5	5	0	0				
fliq	GCF_003364195.1	5	5	0	0				
fliq	GCF_003364205.1	5	5	0	0				
fliq	GCF_003364215.1	5	5	0	0				
fliq	GCF_003364255.1	5	5	0	0				
fliq	GCF_003364335.1	5	5	0	0				
fliq	GCF_003544835.1	5	5	0	0				
fliq	GCF_003544855.1	5	5	0	0				
fliq	GCF_003544935.1	5	5	0	0				
fliq	GCF_003660105.1	5	5	0	0				
fliq	GCF_003660265.1	5	5	0	0				
fliq	GCF_003660285.1	5	5	0	0				
fliq	GCF_003660395.1	5	5	0	0				
fliq	GCF_003667345.1	5	5	0	0				
fliq	GCF_003670275.1	5	5	0	0				
fliq	GCF_003752135.1	5	5	0	0				
fliq	GCF_004214795.1	5	5	0	0				
fliq	GCF_004214815.1	5	5	0	0				
fliq	GCF_004299785.2	5	5	0	0				
fliq	GCF_004323845.1	5	5	0	0				
fliq	GCF_004803795.1	5	5	0	0				
fliq	GCF_004803815.1	5	5	0	0				
fliq	GCF_005217605.1	5	5	0	0				
fliq	GCF_005406215.1	5	5	0	0				
fliq	GCF_005406225.1	5	5	0	0				
fliq	GCF_006459125.1	5	5	0	0				
fliq	GCF_006864425.1	5	5	0	0				
fliq	GCF_008245005.1	5	5	0	0				
fliq	GCF_008245045.1	5	5	0	0				
fliq	GCF_008693005.1	5	5	0	0				
fliq	GCF_009068765.1	5	5	0	0				
fliq	GCF_009192995.1	5	5	0	0				
fliq	GCF_009258225.1	5	5	0	0				
fliq	GCF_011769985.2	5	5	0	0				
fliq	GCF_013177635.1	5	5	0	0				
fliq	GCF_013177655.1	5	5	0	0				
fliq	GCF_013201605.1	5	5	0	0				
fliq	GCF_013201625.1	5	5	0	0				
fliq	GCF_013201705.1	5	5	0	0				
fliq	GCF_013201725.1	5	5	0	0				
fliq	GCF_013201825.1	5	5	0	0				
fliq	GCF_013201935.1	5	5	0	0				
fliq	GCF_013283835.1	5	5	0	0				
fliq	GCF_013372105.1	5	5	0	0				
fliq	GCF_013372125.1	5	5	0	0				
fliq	GCF_013372145.1	5	5	0	0				
fliq	GCF_013372185.1	5	5	0	0				
fliq	GCF_013372205.1	5	5	0	0				
fliq	GCF_013372265.1	5	5	0	0				
fliq	GCF_014253065.1	5	5	0	0				
fliq	GCF_014466985.1	5	5	0	0				
fliq	GCF_014905095.1	5	5	0	0				
fliq	GCF_014905115.1	5	5	0	0				
fliq	GCF_014905135.1	5	5	0	0				
fliq	GCF_015100395.1	5	5	0	0				
fliq	GCF_015265455.1	5	5	0	0				
fliq	GCF_015265475.1	5	5	0	0				
fliq	GCF_016106035.1	5	5	0	0				
fliq	GCF_016593255.1	5	5	0	0				
fliq	GCF_016806695.1	5	5	0	0				
fliq	GCF_016937535.1	5	5	0	0				
fliq	GCF_017357825.1	5	5	0	0				
fliq	GCF_017979425.1	5	5	0	0				
fliq	GCF_017979475.1	5	5	0	0				
fliq	GCF_018145655.1	5	5	0	0				
fliq	GCF_019711685.1	5	5	0	0				
fliq	GCF_021300615.1	5	5	0	0				
fliq	GCF_021300655.1	5	5	0	0				
fliq	GCF_023646285.1	5	5	0	0				
fliq	GCF_024267655.1	5	5	0	0				
fliq	GCF_025770725.1	5	5	0	0				
fliq	GCF_026000295.1	5	5	0	0				
fliq	GCF_027859255.1	5	5	0	0				
fliq	GCF_027943725.1	5	5	0	0				
fliq	GCF_027946175.1	5	5	0	0				
fliq	GCF_028649595.1	5	5	0	0				
fliq	GCF_028751035.1	5	5	0	0				
fliq	GCF_030249845.1	5	5	0	0				
fliq	GCF_030296055.1	5	5	0	0				
fliq	GCF_900115615.1	5	5	0	0				
fliq	GCF_900187115.1	4	4	0	0				
fliq	GCF_900461455.1	5	5	0	0				
fliq	GCF_900475935.1	5	5	0	0				
fliq	GCF_900476215.1	5	5	0	0				
fliq	GCF_900478295.1	4	4	0	0				
fliq	GCF_900637395.1	5	5	0	0				
fliq	GCF_905120465.1	5	5	0	0				
fliq	GCF_905120475.1	5	5	0	0				
flir	GCF_000012965.1	4	4	0	0				
flir	GCF_000021725.1	4	4	0	0				
flir	GCF_000024885.1	5	5	0	0				
flir	GCF_000092245.1	5	5	0	0				
flir	GCF_000147355.1	5	5	0	0				
flir	GCF_000155475.1	5	5	0	0				
flir	GCF_000162575.1	5	5	0	0				
flir	GCF_000183725.1	5	5	0	0				
flir	GCF_000194135.1	5	5	0	0				
flir	GCF_000196135.1	5	5	0	0				
flir	GCF_000200595.1	5	5	0	0				
flir	GCF_000242915.1	5	5	0	0				
flir	GCF_000254135.1	5	5	0	0				
flir	GCF_000259275.1	5	5	0	0				
flir	GCF_000265295.1	5	5	0	0				
flir	GCF_000420385.1	5	5	0	0				
flir	GCF_000445475.1	5	5	0	0				
flir	GCF_000507845.1	5	5	0	0				
flir	GCF_000518225.1	5	5	0	0				
flir	GCF_000568815.1	5	5	0	0				
flir	GCF_000597725.1	5	5	0	0				
flir	GCF_000686565.1	5	5	0	0				
flir	GCF_000687535.1	5	5	0	0				
flir	GCF_000736415.1	5	5	0	0				
flir	GCF_000744435.1	5	5	0	0				
flir	GCF_000762845.2	5	5	0	0				
flir	GCF_000762875.2	5	5	0	0				
flir	GCF_000763135.2	5	5	0	0				
flir	GCF_000765805.2	5	5	0	0				
flir	GCF_000765905.2	5	5	0	0				
flir	GCF_000813325.1	5	5	0	0				
flir	GCF_000816185.1	5	5	0	0				
flir	GCF_000816305.1	5	5	0	0				
flir	GCF_000816785.1	5	5	0	0				
flir	GCF_001282945.1	5	5	0	0				
flir	GCF_001283065.1	5	5	0	0				
flir	GCF_001298465.1	5	5	0	0				
flir	GCF_001457695.1	4	4	0	0				
flir	GCF_001602095.1	5	5	0	0				
flir	GCF_001687475.2	5	5	0	0				
flir	GCF_001693335.1	5	5	0	0				
flir	GCF_001723605.1	5	5	0	0				
flir	GCF_001956695.1	5	5	0	0				
flir	GCF_002021925.1	5	5	0	0				
flir	GCF_002080395.1	5	5	0	0				
flir	GCF_002104335.1	5	5	0	0				
flir	GCF_002119425.1	4	4	0	0				
flir	GCF_002139855.1	5	5	0	0				
flir	GCF_002139875.1	5	5	0	0				
flir	GCF_002139915.1	5	5	0	0				
flir	GCF_002139935.1	5	5	0	0				
flir	GCF_002238335.1	5	5	0	0				
flir	GCF_002335445.1	5	5	0	0				
flir	GCF_002837275.1	5	5	0	0				
flir	GCF_003063245.1	5	5	0	0				
flir	GCF_003063295.1	5	5	0	0				
flir	GCF_003245365.1	5	5	0	0				
flir	GCF_003316695.1	5	5	0	0				
flir	GCF_003346775.1	5	5	0	0				
flir	GCF_003346815.1	5	5	0	0				
flir	GCF_003355515.1	5	5	0	0				
flir	GCF_003364195.1	5	5	0	0				
flir	GCF_003364205.1	5	5	0	0				
flir	GCF_003364215.1	5	5	0	0				
flir	GCF_003364255.1	5	5	0	0				
flir	GCF_003364335.1	5	5	0	0				
flir	GCF_003544835.1	5	5	0	0				
flir	GCF_003544855.1	5	5	0	0				
flir	GCF_003544935.1	5	5	0	0				
flir	GCF_003660105.1	5	5	0	0				
flir	GCF_003660265.1	5	5	0	0				
flir	GCF_003660285.1	5	5	0	0				
flir	GCF_003660395.1	5	5	0	0				
flir	GCF_003667345.1	5	5	0	0				
flir	GCF_003670275.1	5	5	0	0				
flir	GCF_003752135.1	5	5	0	0				
flir	GCF_004214795.1	5	5	0	0				
flir	GCF_004214815.1	5	5	0	0				
flir	GCF_004299785.2	5	5	0	0				
flir	GCF_004323845.1	5	5	0	0				
flir	GCF_004803795.1	5	5	0	0				
flir	GCF_004803815.1	5	5	0	0				
flir	GCF_005217605.1	5	5	0	0				
flir	GCF_005406215.1	5	5	0	0				
flir	GCF_005406225.1	5	5	0	0				
flir	GCF_005843985.1	5	5	0	0				
flir	GCF_006459125.1	5	5	0	0				
flir	GCF_006864425.1	5	5	0	0				
flir	GCF_008245005.1	5	5	0	0				
flir	GCF_008245045.1	5	5	0	0				
flir	GCF_008693005.1	5	5	0	0				
flir	GCF_009068765.1	5	5	0	0				
flir	GCF_009192995.1	5	5	0	0				
flir	GCF_009258225.1	5	5	0	0				
flir	GCF_011769985.2	5	5	0	0				
flir	GCF_013177635.1	5	5	0	0				
flir	GCF_013177655.1	5	5	0	0				
flir	GCF_013201605.1	5	5	0	0				
flir	GCF_013201625.1	5	5	0	0				
flir	GCF_013201705.1	5	5	0	0				
flir	GCF_013201725.1	5	5	0	0				
flir	GCF_013201825.1	5	5	0	0				
flir	GCF_013201935.1	5	5	0	0				
flir	GCF_013283835.1	5	5	0	0				
flir	GCF_013372105.1	5	5	0	0				
flir	GCF_013372125.1	5	5	0	0				
flir	GCF_013372145.1	5	5	0	0				
flir	GCF_013372185.1	5	5	0	0				
flir	GCF_013372205.1	5	5	0	0				
flir	GCF_013372265.1	5	5	0	0				
flir	GCF_014253065.1	5	5	0	0				
flir	GCF_014466985.1	5	5	0	0				
flir	GCF_014905095.1	5	5	0	0				
flir	GCF_014905115.1	5	5	0	0				
flir	GCF_014905135.1	5	5	0	0				
flir	GCF_015100395.1	4	4	0	0				
flir	GCF_015265455.1	5	5	0	0				
flir	GCF_015265475.1	5	5	0	0				
flir	GCF_016106035.1	5	5	0	0				
flir	GCF_016593255.1	5	5	0	0				
flir	GCF_016806695.1	5	5	0	0				
flir	GCF_016937535.1	5	5	0	0				
flir	GCF_017357825.1	5	5	0	0				
flir	GCF_017979425.1	5	5	0	0				
flir	GCF_017979475.1	5	5	0	0				
flir	GCF_018145655.1	5	5	0	0				
flir	GCF_019711685.1	5	5	0	0				
flir	GCF_021300615.1	5	5	0	0				
flir	GCF_021300655.1	5	5	0	0				
flir	GCF_023646285.1	5	5	0	0				
flir	GCF_024267655.1	5	5	0	0				
flir	GCF_025770725.1	5	5	0	0				
flir	GCF_026000295.1	5	5	0	0				
flir	GCF_027859255.1	5	5	0	0				
flir	GCF_027943725.1	4	4	0	0				
flir	GCF_027946175.1	5	5	0	0				
flir	GCF_028649595.1	5	5	0	0				
flir	GCF_028751035.1	5	5	0	0				
flir	GCF_030249845.1	5	5	0	0				
flir	GCF_030296055.1	5	5	0	0				
flir	GCF_900115615.1	5	5	0	0				
flir	GCF_900187115.1	4	4	0	0				
flir	GCF_900461455.1	5	5	0	0				
flir	GCF_900475935.1	5	5	0	0				
flir	GCF_900476215.1	5	5	0	0				
flir	GCF_900478295.1	4	4	0	0				
flir	GCF_900637395.1	5	5	0	0				
flir	GCF_905120465.1	5	5	0	0				
flir	GCF_905120475.1	5	5	0	0				
flis	GCF_000012965.1	4	4	0	0				
flis	GCF_000021725.1	4	4	0	0				
flis	GCF_000024885.1	5	5	0	0				
flis	GCF_000092245.1	5	5	0	0				
flis	GCF_000147355.1	5	5	0	0				
flis	GCF_000155475.1	5	5	0	0				
flis	GCF_000162575.1	5	5	0	0				
flis	GCF_000183725.1	5	5	0	0				
flis	GCF_000194135.1	2	2	0	0				
flis	GCF_000196135.1	5	5	0	0				
flis	GCF_000200595.1	5	5	0	0				
flis	GCF_000242915.1	5	5	0	0				
flis	GCF_000254135.1	5	5	0	0				
flis	GCF_000259275.1	5	5	0	0				
flis	GCF_000265295.1	5	5	0	0				
flis	GCF_000420385.1	2	2	0	0				
flis	GCF_000445475.1	5	5	0	0				
flis	GCF_000507845.1	5	5	0	0				
flis	GCF_000518225.1	5	5	0	0				
flis	GCF_000568815.1	5	5	0	0				
flis	GCF_000597725.1	5	5	0	0				
flis	GCF_000686565.1	5	5	0	0				
flis	GCF_000687535.1	5	5	0	0				
flis	GCF_000736415.1	5	5	0	0				
flis	GCF_000744435.1	5	5	0	0				
flis	GCF_000762845.2	5	5	0	0				
flis	GCF_000762875.2	5	5	0	0				
flis	GCF_000763135.2	5	5	0	0				
flis	GCF_000765805.2	5	5	0	0				
flis	GCF_000765905.2	5	5	0	0				
flis	GCF_000813325.1	5	5	0	0				
flis	GCF_000816185.1	5	5	0	0				
flis	GCF_000816305.1	5	5	0	0				
flis	GCF_000816785.1	5	5	0	0				
flis	GCF_001282945.1	5	5	0	0				
flis	GCF_001283065.1	5	5	0	0				
flis	GCF_001298465.1	5	5	0	0				
flis	GCF_001457695.1	4	4	0	0				
flis	GCF_001602095.1	5	5	0	0				
flis	GCF_001687475.2	5	5	0	0				
flis	GCF_001693335.1	5	5	0	0				
flis	GCF_001723605.1	5	5	0	0				
flis	GCF_001956695.1	5	5	0	0				
flis	GCF_002021925.1	5	5	0	0				
flis	GCF_002080395.1	5	5	0	0				
flis	GCF_002104335.1	5	5	0	0				
flis	GCF_002119425.1	4	4	0	0				
flis	GCF_002139855.1	5	5	0	0				
flis	GCF_002139875.1	5	5	0	0				
flis	GCF_002139915.1	5	5	0	0				
flis	GCF_002139935.1	5	5	0	0				
flis	GCF_002238335.1	5	5	0	0				
flis	GCF_002335445.1	5	5	0	0				
flis	GCF_002837275.1	5	5	0	0				
flis	GCF_003063245.1	5	5	0	0				
flis	GCF_003063295.1	5	5	0	0				
flis	GCF_003245365.1	5	5	0	0				
flis	GCF_003316695.1	5	5	0	0				
flis	GCF_003346775.1	5	5	0	0				
flis	GCF_003346815.1	5	5	0	0				
flis	GCF_003355515.1	5	5	0	0				
flis	GCF_003364195.1	5	5	0	0				
flis	GCF_003364205.1	5	5	0	0				
flis	GCF_003364215.1	5	5	0	0				
flis	GCF_003364255.1	5	5	0	0				
flis	GCF_003364335.1	5	5	0	0				
flis	GCF_003544835.1	5	5	0	0				
flis	GCF_003544855.1	5	5	0	0				
flis	GCF_003544935.1	5	5	0	0				
flis	GCF_003660105.1	5	5	0	0				
flis	GCF_003660265.1	5	5	0	0				
flis	GCF_003660285.1	5	5	0	0				
flis	GCF_003660395.1	5	5	0	0				
flis	GCF_003667345.1	5	5	0	0				
flis	GCF_003670275.1	5	5	0	0				
flis	GCF_003752135.1	5	5	0	0				
flis	GCF_004214795.1	5	5	0	0				
flis	GCF_004214815.1	5	5	0	0				
flis	GCF_004299785.2	5	5	0	0				
flis	GCF_004323845.1	5	5	0	0				
flis	GCF_004803795.1	5	5	0	0				
flis	GCF_004803815.1	5	5	0	0				
flis	GCF_005217605.1	5	5	0	0				
flis	GCF_005406215.1	5	5	0	0				
flis	GCF_005406225.1	5	5	0	0				
flis	GCF_005843985.1	5	5	0	0				
flis	GCF_006459125.1	5	5	0	0				
flis	GCF_006864425.1	5	5	0	0				
flis	GCF_008245005.1	5	5	0	0				
flis	GCF_008245045.1	5	5	0	0				
flis	GCF_008693005.1	5	5	0	0				
flis	GCF_009068765.1	5	5	0	0				
flis	GCF_009192995.1	5	5	0	0				
flis	GCF_009258225.1	5	5	0	0				
flis	GCF_011769985.2	5	5	0	0				
flis	GCF_013177635.1	5	5	0	0				
flis	GCF_013177655.1	5	5	0	0				
flis	GCF_013201605.1	5	5	0	0				
flis	GCF_013201625.1	5	5	0	0				
flis	GCF_013201705.1	5	5	0	0				
flis	GCF_013201725.1	5	5	0	0				
flis	GCF_013201825.1	5	5	0	0				
flis	GCF_013201935.1	5	5	0	0				
flis	GCF_013283835.1	5	5	0	0				
flis	GCF_013372105.1	5	5	0	0				
flis	GCF_013372125.1	5	5	0	0				
flis	GCF_013372145.1	5	5	0	0				
flis	GCF_013372185.1	5	5	0	0				
flis	GCF_013372205.1	5	5	0	0				
flis	GCF_013372265.1	5	5	0	0				
flis	GCF_014253065.1	5	5	0	0				
flis	GCF_014466985.1	4	4	0	0				
flis	GCF_014905095.1	5	5	0	0				
flis	GCF_014905115.1	5	5	0	0				
flis	GCF_014905135.1	5	5	0	0				
flis	GCF_015100395.1	3	3	0	0				
flis	GCF_015265455.1	5	5	0	0				
flis	GCF_015265475.1	5	5	0	0				
flis	GCF_016106035.1	5	5	0	0				
flis	GCF_016593255.1	5	5	0	0				
flis	GCF_016806695.1	5	5	0	0				
flis	GCF_016937535.1	5	5	0	0				
flis	GCF_017357825.1	5	5	0	0				
flis	GCF_017979425.1	5	5	0	0				
flis	GCF_017979475.1	5	5	0	0				
flis	GCF_018145655.1	5	5	0	0				
flis	GCF_019711685.1	5	5	0	0				
flis	GCF_021300615.1	5	5	0	0				
flis	GCF_021300655.1	5	5	0	0				
flis	GCF_023646285.1	5	5	0	0				
flis	GCF_024267655.1	5	5	0	0				
flis	GCF_025770725.1	5	5	0	0				
flis	GCF_026000295.1	5	5	0	0				
flis	GCF_027859255.1	5	5	0	0				
flis	GCF_027943725.1	4	4	0	0				
flis	GCF_027946175.1	3	3	0	0				
flis	GCF_028649595.1	5	5	0	0				
flis	GCF_028751035.1	5	5	0	0				
flis	GCF_030249845.1	5	5	0	0				
flis	GCF_030296055.1	5	5	0	0				
flis	GCF_900115615.1	5	5	0	0				
flis	GCF_900187115.1	4	4	0	0				
flis	GCF_900461455.1	5	5	0	0				
flis	GCF_900475935.1	5	5	0	0				
flis	GCF_900476215.1	5	5	0	0				
flis	GCF_900478295.1	4	4	0	0				
flis	GCF_900637395.1	5	5	0	0				
flis	GCF_905120465.1	5	5	0	0				
flis	GCF_905120475.1	5	5	0	0				
fliw	GCF_000021725.1	4	4	0	0				
fliw	GCF_000147355.1	5	5	0	0				
fliw	GCF_000155475.1	5	5	0	0				
fliw	GCF_000162575.1	4	4	0	0				
fliw	GCF_000183725.1	5	5	0	0				
fliw	GCF_000196135.1	5	5	0	0				
fliw	GCF_000200595.1	5	5	0	0				
fliw	GCF_000242915.1	5	5	0	0				
fliw	GCF_000254135.1	4	4	0	0				
fliw	GCF_000259275.1	5	5	0	0				
fliw	GCF_000445475.1	5	5	0	0				
fliw	GCF_000507845.1	5	5	0	0				
fliw	GCF_000686565.1	0	0	0	0				
fliw	GCF_000687535.1	5	5	0	0				
fliw	GCF_000736415.1	5	5	0	0				
fliw	GCF_000762845.2	5	5	0	0				
fliw	GCF_000762875.2	0	0	0	0				
fliw	GCF_000763135.2	5	5	0	0				
fliw	GCF_000765805.2	0	0	0	0				
fliw	GCF_000765905.2	0	0	0	0				
fliw	GCF_000816185.1	5	5	0	0				
fliw	GCF_000816305.1	5	5	0	0				
fliw	GCF_000816785.1	5	5	0	0				
fliw	GCF_001282945.1	5	5	0	0				
fliw	GCF_001283065.1	5	5	0	0				
fliw	GCF_001298465.1	5	5	0	0				
fliw	GCF_001457695.1	3	3	0	0				
fliw	GCF_001602095.1	5	5	0	0				
fliw	GCF_001687475.2	4	4	0	0				
fliw	GCF_002021925.1	5	5	0	0				
fliw	GCF_002080395.1	4	4	0	0				
fliw	GCF_002104335.1	5	5	0	0				
fliw	GCF_002139855.1	5	5	0	0				
fliw	GCF_002139875.1	5	5	0	0				
fliw	GCF_002139915.1	5	5	0	0				
fliw	GCF_002139935.1	5	5	0	0				
fliw	GCF_002238335.1	5	5	0	0				
fliw	GCF_002335445.1	5	5	0	0				
fliw	GCF_003245365.1	5	5	0	0				
fliw	GCF_003364195.1	0	0	0	0				
fliw	GCF_003364255.1	5	5	0	0				
fliw	GCF_003364335.1	5	5	0	0				
fliw	GCF_003660265.1	5	5	0	0				
fliw	GCF_003660285.1	5	5	0	0				
fliw	GCF_003660395.1	5	5	0	0				
fliw	GCF_003670275.1	5	5	0	0				
fliw	GCF_003752135.1	5	5	0	0				
fliw	GCF_004323845.1	5	5	0	0				
fliw	GCF_004803795.1	5	5	0	0				
fliw	GCF_004803815.1	5	5	0	0				
fliw	GCF_005406215.1	4	4	0	0				
fliw	GCF_005406225.1	4	4	0	0				
fliw	GCF_005843985.1	5	5	0	0				
fliw	GCF_006864425.1	5	5	0	0				
fliw	GCF_008245005.1	4	4	0	0				
fliw	GCF_008245045.1	5	5	0	0				
fliw	GCF_008693005.1	5	5	0	0				
fliw	GCF_009068765.1	5	5	0	0				
fliw	GCF_009192995.1	5	5	0	0				
fliw	GCF_009258225.1	5	5	0	0				
fliw	GCF_013177655.1	5	5	0	0				
fliw	GCF_013201605.1	5	5	0	0				
fliw	GCF_013372105.1	5	5	0	0				
fliw	GCF_013372125.1	5	5	0	0				
fliw	GCF_013372145.1	5	5	0	0				
fliw	GCF_013372185.1	5	5	0	0				
fliw	GCF_013372205.1	5	5	0	0				
fliw	GCF_014253065.1	5	5	0	0				
fliw	GCF_014905095.1	5	5	0	0				
fliw	GCF_014905115.1	5	5	0	0				
fliw	GCF_014905135.1	5	5	0	0				
fliw	GCF_015265455.1	5	5	0	0				
fliw	GCF_015265475.1	5	5	0	0				
fliw	GCF_016806695.1	4	4	0	0				
fliw	GCF_016937535.1	5	5	0	0				
fliw	GCF_017357825.1	5	5	0	0				
fliw	GCF_017979425.1	5	5	0	0				
fliw	GCF_017979475.1	5	5	0	0				
fliw	GCF_018145655.1	5	5	0	0				
fliw	GCF_019711685.1	5	5	0	0				
fliw	GCF_021300615.1	5	5	0	0				
fliw	GCF_023646285.1	5	5	0	0				
fliw	GCF_026000295.1	5	5	0	0				
fliw	GCF_027859255.1	5	5	0	0				
fliw	GCF_028649595.1	5	5	0	0				
fliw	GCF_028751035.1	5	5	0	0				
fliw	GCF_030249845.1	5	5	0	0				
fliw	GCF_900461455.1	5	5	0	0				
fliw	GCF_900475935.1	5	5	0	0				
fliw	GCF_900476215.1	5	5	0	0				
fliw	GCF_900478295.1	4	4	0	0				
fliw	GCF_900637395.1	4	4	0	0				
fliw	GCF_905120465.1	5	5	0	0				
fliw	GCF_905120475.1	5	5	0	0				
fliy	GCF_000012965.1	4	3	1	0	A.butzleri:flim/flin			
fliy	GCF_000021725.1	4	3	1	0	A.butzleri:flim/flin			
fliy	GCF_000024885.1	5	4	1	0	A.butzleri:flim/flin			
fliy	GCF_000147355.1	5	4	1	0	A.butzleri:flim/flin			
fliy	GCF_000155475.1	5	4	1	0	A.butzleri:flim/flin			
fliy	GCF_000162575.1	5	4	1	0	A.butzleri:flim/flin			
fliy	GCF_000183725.1	5	4	1	0	A.butzleri:flim/flin			
fliy	GCF_000196135.1	5	4	1	0	A.butzleri:flim/flin			
fliy	GCF_000200595.1	5	4	1	0	A.butzleri:flim/flin			
fliy	GCF_000242915.1	5	4	1	0	A.butzleri:flim/flin			
fliy	GCF_000254135.1	5	4	1	0	A.butzleri:flim/flin			
fliy	GCF_000259275.1	5	4	1	0	A.butzleri:flim/flin			
fliy	GCF_000265295.1	5	4	1	0	A.butzleri:flim/flin			
fliy	GCF_000445475.1	5	4	1	0	A.butzleri:flim/flin			
fliy	GCF_000507845.1	5	4	1	0	A.butzleri:flim/flin			
fliy	GCF_000518225.1	5	4	1	0	A.butzleri:flim/flin			
fliy	GCF_000568815.1	5	4	1	0	A.butzleri:flim/flin			
fliy	GCF_000597725.1	5	4	1	0	A.butzleri:flim/flin			
fliy	GCF_000686565.1	5	4	1	0	A.butzleri:flim/flin			
fliy	GCF_000687535.1	5	4	1	0	A.butzleri:flim/flin			
fliy	GCF_000736415.1	5	4	1	0	A.butzleri:flim/flin			
fliy	GCF_000762845.2	5	4	1	0	A.butzleri:flim/flin			
fliy	GCF_000762875.2	5	4	1	0	A.butzleri:flim/flin			
fliy	GCF_000763135.2	5	4	1	0	A.butzleri:flim/flin			
fliy	GCF_000765805.2	5	4	1	0	A.butzleri:flim/flin			
fliy	GCF_000765905.2	5	4	1	0	A.butzleri:flim/flin			
fliy	GCF_000813325.1	5	4	1	0	A.butzleri:flim/flin			
fliy	GCF_000816185.1	5	4	1	0	A.butzleri:flim/flin			
fliy	GCF_000816305.1	5	4	1	0	A.butzleri:flim/flin			
fliy	GCF_000816785.1	5	4	1	0	A.butzleri:flim/flin			
fliy	GCF_001282945.1	5	4	1	0	A.butzleri:flim/flin			
fliy	GCF_001283065.1	5	4	1	0	A.butzleri:flim/flin			
fliy	GCF_001298465.1	5	4	1	0	A.butzleri:flim/flin			
fliy	GCF_001457695.1	4	3	1	0	A.butzleri:flim/flin			
fliy	GCF_001602095.1	5	4	1	0	A.butzleri:flim/flin			
fliy	GCF_001687475.2	5	4	1	0	A.butzleri:flim/flin			
fliy	GCF_001693335.1	5	4	1	0	A.butzleri:flim/flin			
fliy	GCF_001723605.1	5	4	1	0	A.butzleri:flim/flin			
fliy	GCF_002021925.1	5	4	1	0	A.butzleri:flim/flin			
fliy	GCF_002080395.1	5	4	1	0	A.butzleri:flim/flin			
fliy	GCF_002104335.1	5	4	1	0	A.butzleri:flim/flin			
fliy	GCF_002139855.1	5	4	1	0	A.butzleri:flim/flin			
fliy	GCF_002139875.1	5	4	1	0	A.butzleri:flim/flin			
fliy	GCF_002139915.1	5	4	1	0	A.butzleri:flim/flin			
fliy	GCF_002139935.1	5	4	1	0	A.butzleri:flim/flin			
fliy	GCF_002238335.1	5	4	1	0	A.butzleri:flim/flin			
fliy	GCF_002335445.1	5	4	1	0	A.butzleri:flim/flin			
fliy	GCF_003245365.1	5	4	1	0	A.butzleri:flim/flin			
fliy	GCF_003364195.1	5	4	1	0	A.butzleri:flim/flin			
fliy	GCF_003364205.1	5	4	1	0	A.butzleri:flim/flin			
fliy	GCF_003364215.1	5	4	1	0	A.butzleri:flim/flin			
fliy	GCF_003364255.1	5	4	1	0	A.butzleri:flim/flin			
fliy	GCF_003364335.1	5	4	1	0	A.butzleri:flim/flin			
fliy	GCF_003660265.1	5	4	1	0	A.butzleri:flim/flin			
fliy	GCF_003660285.1	5	4	1	0	A.butzleri:flim/flin			
fliy	GCF_003660395.1	5	4	1	0	A.butzleri:flim/flin			
fliy	GCF_003670275.1	5	4	1	0	A.butzleri:flim/flin			
fliy	GCF_003752135.1	5	4	1	0	A.butzleri:flim/flin			
fliy	GCF_004323845.1	5	4	1	0	A.butzleri:flim/flin			
fliy	GCF_004803795.1	5	4	1	0	A.butzleri:flim/flin			
fliy	GCF_004803815.1	5	4	1	0	A.butzleri:flim/flin			
fliy	GCF_005217605.1	5	4	1	0	A.butzleri:flim/flin			
fliy	GCF_005406215.1	5	4	1	0	A.butzleri:flim/flin			
fliy	GCF_005406225.1	5	4	1	0	A.butzleri:flim/flin			
fliy	GCF_005843985.1	5	4	1	0	A.butzleri:flim/flin			
fliy	GCF_006864425.1	5	4	1	0	A.butzleri:flim/flin			
fliy	GCF_008245005.1	5	4	1	0	A.butzleri:flim/flin			
fliy	GCF_008245045.1	5	4	1	0	A.butzleri:flim/flin			
fliy	GCF_008693005.1	5	4	1	0	A.butzleri:flim/flin			
fliy	GCF_009068765.1	5	4	1	0	A.butzleri:flim/flin			
fliy	GCF_009192995.1	5	4	1	0	A.butzleri:flim/flin			
fliy	GCF_009258225.1	5	4	1	0	A.butzleri:flim/flin			
fliy	GCF_011769985.2	5	4	1	0	A.butzleri:flim/flin			
fliy	GCF_013177655.1	5	4	1	0	A.butzleri:flim/flin			
fliy	GCF_013201605.1	5	4	1	0	A.butzleri:flim/flin			
fliy	GCF_013372105.1	5	4	1	0	A.butzleri:flim/flin			
fliy	GCF_013372125.1	5	4	1	0	A.butzleri:flim/flin			
fliy	GCF_013372145.1	5	4	1	0	A.butzleri:flim/flin			
fliy	GCF_013372185.1	5	4	1	0	A.butzleri:flim/flin			
fliy	GCF_013372205.1	5	4	1	0	A.butzleri:flim/flin			
fliy	GCF_014253065.1	5	4	1	0	A.butzleri:flim/flin			
fliy	GCF_014905095.1	5	4	1	0	A.butzleri:flim/flin			
fliy	GCF_014905115.1	5	4	1	0	A.butzleri:flim/flin			
fliy	GCF_014905135.1	5	4	1	0	A.butzleri:flim/flin			
fliy	GCF_015265455.1	5	4	1	0	A.butzleri:flim/flin			
fliy	GCF_015265475.1	5	4	1	0	A.butzleri:flim/flin			
fliy	GCF_016593255.1	5	4	1	0	A.butzleri:flim/flin			
fliy	GCF_016806695.1	5	4	1	0	A.butzleri:flim/flin			
fliy	GCF_016937535.1	5	4	1	0	A.butzleri:flim/flin			
fliy	GCF_017357825.1	5	4	1	0	A.butzleri:flim/flin			
fliy	GCF_017979425.1	5	4	1	0	A.butzleri:flim/flin			
fliy	GCF_017979475.1	5	4	1	0	A.butzleri:flim/flin			
fliy	GCF_018145655.1	5	4	1	0	A.butzleri:flim/flin			
fliy	GCF_019711685.1	5	4	1	0	A.butzleri:flim/flin			
fliy	GCF_021300615.1	5	4	1	0	A.butzleri:flim/flin			
fliy	GCF_021300655.1	5	4	1	0	A.butzleri:flim/flin			
fliy	GCF_023646285.1	5	4	1	0	A.butzleri:flim/flin			
fliy	GCF_025770725.1	5	4	1	0	A.butzleri:flim/flin			
fliy	GCF_026000295.1	5	4	1	0	A.butzleri:flim/flin			
fliy	GCF_027859255.1	5	4	1	0	A.butzleri:flim/flin			
fliy	GCF_028649595.1	5	4	1	0	A.butzleri:flim/flin			
fliy	GCF_028751035.1	5	4	1	0	A.butzleri:flim/flin			
fliy	GCF_030249845.1	5	4	1	0	A.butzleri:flim/flin			
fliy	GCF_030296055.1	5	4	1	0	A.butzleri:flim/flin			
fliy	GCF_900115615.1	5	4	1	0	A.butzleri:flim/flin			
fliy	GCF_900461455.1	5	4	1	0	A.butzleri:flim/flin			
fliy	GCF_900475935.1	5	4	1	0	A.butzleri:flim/flin			
fliy	GCF_900476215.1	5	4	1	0	A.butzleri:flim/flin			
fliy	GCF_900478295.1	4	3	1	0	A.butzleri:flim/flin			
fliy	GCF_900637395.1	5	4	1	0	A.butzleri:flim/flin			
fliy	GCF_905120465.1	5	4	1	0	A.butzleri:flim/flin			
fliy	GCF_905120475.1	5	4	1	0	A.butzleri:flim/flin			
pflb	GCF_000012965.1	4	1	0	3				
pflb	GCF_000024885.1	5	1	0	4				
pflb	GCF_000147355.1	4	1	0	3				
pflb	GCF_000155475.1	5	1	0	4				
pflb	GCF_000162575.1	5	1	0	4				
pflb	GCF_000183725.1	5	1	0	4				
pflb	GCF_000196135.1	5	1	0	4				
pflb	GCF_000200595.1	5	1	0	4				
pflb	GCF_000242915.1	5	1	0	4				
pflb	GCF_000254135.1	5	1	0	4				
pflb	GCF_000259275.1	4	1	0	3				
pflb	GCF_000265295.1	5	1	0	4				
pflb	GCF_000445475.1	5	1	0	4				
pflb	GCF_000507845.1	5	1	0	4				
pflb	GCF_000518225.1	5	1	0	4				
pflb	GCF_000568815.1	5	1	0	4				
pflb	GCF_000597725.1	5	1	0	4				
pflb	GCF_000686565.1	5	1	0	4				
pflb	GCF_000687535.1	5	1	0	4				
pflb	GCF_000736415.1	5	1	0	4				
pflb	GCF_000762845.2	5	1	0	4				
pflb	GCF_000762875.2	4	1	0	3				
pflb	GCF_000763135.2	5	1	0	4				
pflb	GCF_000765805.2	5	1	0	4				
pflb	GCF_000765905.2	5	1	0	4				
pflb	GCF_000813325.1	5	1	0	4				
pflb	GCF_000816185.1	5	1	0	4				
pflb	GCF_000816305.1	5	1	0	4				
pflb	GCF_000816785.1	5	1	0	4				
pflb	GCF_001282945.1	5	1	0	4				
pflb	GCF_001283065.1	5	1	0	4				
pflb	GCF_001298465.1	5	1	0	4				
pflb	GCF_001457695.1	4	0	0	4				
pflb	GCF_001602095.1	5	1	0	4				
pflb	GCF_001687475.2	5	1	0	4				
pflb	GCF_001693335.1	5	1	0	4				
pflb	GCF_001723605.1	5	1	0	4				
pflb	GCF_002021925.1	5	1	0	4				
pflb	GCF_002080395.1	5	1	0	4				
pflb	GCF_002104335.1	5	1	0	4				
pflb	GCF_002139855.1	5	1	0	4				
pflb	GCF_002139875.1	5	1	0	4				
pflb	GCF_002139915.1	5	1	0	4				
pflb	GCF_002139935.1	5	1	0	4				
pflb	GCF_002238335.1	5	1	0	4				
pflb	GCF_003063295.1	5	1	0	4				
pflb	GCF_003245365.1	5	1	0	4				
pflb	GCF_003316695.1	5	1	0	4				
pflb	GCF_003355515.1	5	1	0	4				
pflb	GCF_003364195.1	4	1	0	3				
pflb	GCF_003364205.1	5	1	0	4				
pflb	GCF_003364215.1	5	1	0	4				
pflb	GCF_003364255.1	5	1	0	4				
pflb	GCF_003364335.1	5	1	0	4				
pflb	GCF_003544835.1	4	1	0	3				
pflb	GCF_003660105.1	5	1	0	4				
pflb	GCF_003660265.1	5	1	0	4				
pflb	GCF_003660285.1	5	1	0	4				
pflb	GCF_003660395.1	5	1	0	4				
pflb	GCF_003670275.1	5	1	0	4				
pflb	GCF_004214815.1	5	1	0	4				
pflb	GCF_004299785.2	5	1	0	4				
pflb	GCF_004323845.1	5	1	0	4				
pflb	GCF_004803795.1	5	1	0	4				
pflb	GCF_004803815.1	5	1	0	4				
pflb	GCF_005217605.1	5	1	0	4				
pflb	GCF_005406215.1	5	1	0	4				
pflb	GCF_005406225.1	5	1	0	4				
pflb	GCF_006864425.1	5	1	0	4				
pflb	GCF_008245005.1	5	1	0	4				
pflb	GCF_008245045.1	5	1	0	4				
pflb	GCF_008693005.1	5	1	0	4				
pflb	GCF_009068765.1	5	1	0	4				
pflb	GCF_009192995.1	5	1	0	4				
pflb	GCF_009258225.1	5	1	0	4				
pflb	GCF_011769985.2	5	1	0	4				
pflb	GCF_013177655.1	5	1	0	4				
pflb	GCF_013201605.1	5	1	0	4				
pflb	GCF_013201625.1	5	1	0	4				
pflb	GCF_013372105.1	5	1	0	4				
pflb	GCF_013372125.1	5	1	0	4				
pflb	GCF_013372145.1	5	1	0	4				
pflb	GCF_013372205.1	5	1	0	4				
pflb	GCF_014253065.1	5	1	0	4				
pflb	GCF_014905095.1	5	1	0	4				
pflb	GCF_014905115.1	5	1	0	4				
pflb	GCF_014905135.1	5	1	0	4				
pflb	GCF_015265455.1	5	1	0	4				
pflb	GCF_015265475.1	5	1	0	4				
pflb	GCF_016593255.1	5	1	0	4				
pflb	GCF_016806695.1	5	1	0	4				
pflb	GCF_016937535.1	4	1	0	3				
pflb	GCF_017357825.1	5	1	0	4				
pflb	GCF_017979425.1	5	1	0	4				
pflb	GCF_017979475.1	5	1	0	4				
pflb	GCF_018145655.1	5	1	0	4				
pflb	GCF_019711685.1	5	1	0	4				
pflb	GCF_021300615.1	5	1	0	4				
pflb	GCF_021300655.1	5	1	0	4				
pflb	GCF_023646285.1	5	1	0	4				
pflb	GCF_025770725.1	5	1	0	4				
pflb	GCF_027859255.1	5	1	0	4				
pflb	GCF_028649595.1	5	1	0	4				
pflb	GCF_028751035.1	5	1	0	4				
pflb	GCF_030249845.1	5	1	0	4				
pflb	GCF_030296055.1	5	1	0	4				
pflb	GCF_900115615.1	5	1	0	4				
pflb	GCF_900187115.1	4	1	0	3				
pflb	GCF_900461455.1	4	1	0	3				
pflb	GCF_900475935.1	5	1	0	4				
pflb	GCF_900476215.1	4	1	0	3				
pflb	GCF_900478295.1	3	1	0	2				
pflb	GCF_900637395.1	5	1	0	4				
pflb	GCF_905120465.1	5	1	0	4				
pflb	GCF_905120475.1	5	1	0	4				
