tree	n_sites	ufboot	group_size	gtdb_span	n_gtdb_branches_contradicted	min_gcf_conflicting	recurrence	also_in	organisms	gtdb_extra	accessions
flgi	260	100.0	2	3	1	21.21	20	CONCAT,chea,flag,flgj,flgk,flgl,flha,flhb,flhf,flia,flid,flif,flig,flii,flim,flip,fliq,flis,pflb	Hydrogenimonas urashimensis; Hydrogenimonas cancrithermarum	Hydrogenimonas thermophila	GCF_016593255.1,GCF_030296055.1
flgj	74	100.0	2	3	1	21.21	20	CONCAT,chea,flag,flgi,flgk,flgl,flha,flhb,flhf,flia,flid,flif,flig,flii,flim,flip,fliq,flis,pflb	Hydrogenimonas urashimensis; Hydrogenimonas cancrithermarum	Hydrogenimonas thermophila	GCF_016593255.1,GCF_030296055.1
flgl	299	100.0	2	3	1	21.21	20	CONCAT,chea,flag,flgi,flgj,flgk,flha,flhb,flhf,flia,flid,flif,flig,flii,flim,flip,fliq,flis,pflb	Hydrogenimonas urashimensis; Hydrogenimonas cancrithermarum	Hydrogenimonas thermophila	GCF_016593255.1,GCF_030296055.1
flha	554	100.0	2	3	1	21.21	20	CONCAT,chea,flag,flgi,flgj,flgk,flgl,flhb,flhf,flia,flid,flif,flig,flii,flim,flip,fliq,flis,pflb	Hydrogenimonas urashimensis; Hydrogenimonas cancrithermarum	Hydrogenimonas thermophila	GCF_016593255.1,GCF_030296055.1
flia	223	100.0	2	3	1	21.21	20	CONCAT,chea,flag,flgi,flgj,flgk,flgl,flha,flhb,flhf,flid,flif,flig,flii,flim,flip,fliq,flis,pflb	Hydrogenimonas urashimensis; Hydrogenimonas cancrithermarum	Hydrogenimonas thermophila	GCF_016593255.1,GCF_030296055.1
flid	590	100.0	2	3	1	21.21	20	CONCAT,chea,flag,flgi,flgj,flgk,flgl,flha,flhb,flhf,flia,flif,flig,flii,flim,flip,fliq,flis,pflb	Hydrogenimonas urashimensis; Hydrogenimonas cancrithermarum	Hydrogenimonas thermophila	GCF_016593255.1,GCF_030296055.1
flif	501	100.0	2	3	1	21.21	20	CONCAT,chea,flag,flgi,flgj,flgk,flgl,flha,flhb,flhf,flia,flid,flig,flii,flim,flip,fliq,flis,pflb	Hydrogenimonas urashimensis; Hydrogenimonas cancrithermarum	Hydrogenimonas thermophila	GCF_016593255.1,GCF_030296055.1
flig	341	100.0	2	3	1	21.21	20	CONCAT,chea,flag,flgi,flgj,flgk,flgl,flha,flhb,flhf,flia,flid,flif,flii,flim,flip,fliq,flis,pflb	Hydrogenimonas urashimensis; Hydrogenimonas cancrithermarum	Hydrogenimonas thermophila	GCF_016593255.1,GCF_030296055.1
flip	243	100.0	2	3	1	21.21	20	CONCAT,chea,flag,flgi,flgj,flgk,flgl,flha,flhb,flhf,flia,flid,flif,flig,flii,flim,fliq,flis,pflb	Hydrogenimonas urashimensis; Hydrogenimonas cancrithermarum	Hydrogenimonas thermophila	GCF_016593255.1,GCF_030296055.1
flis	110	100.0	2	3	1	21.21	20	CONCAT,chea,flag,flgi,flgj,flgk,flgl,flha,flhb,flhf,flia,flid,flif,flig,flii,flim,flip,fliq,pflb	Hydrogenimonas urashimensis; Hydrogenimonas cancrithermarum	Hydrogenimonas thermophila	GCF_016593255.1,GCF_030296055.1
pflb	600	100.0	2	3	1	21.21	20	CONCAT,chea,flag,flgi,flgj,flgk,flgl,flha,flhb,flhf,flia,flid,flif,flig,flii,flim,flip,fliq,flis	Hydrogenimonas urashimensis; Hydrogenimonas cancrithermarum	Hydrogenimonas thermophila	GCF_016593255.1,GCF_030296055.1
CONCAT	None	100.0	2	3	1	21.21	20	chea,flag,flgi,flgj,flgk,flgl,flha,flhb,flhf,flia,flid,flif,flig,flii,flim,flip,fliq,flis,pflb	Hydrogenimonas urashimensis; Hydrogenimonas cancrithermarum	Hydrogenimonas thermophila	GCF_016593255.1,GCF_030296055.1
flgk	490	99.0	2	3	1	21.21	20	CONCAT,chea,flag,flgi,flgj,flgl,flha,flhb,flhf,flia,flid,flif,flig,flii,flim,flip,fliq,flis,pflb	Hydrogenimonas urashimensis; Hydrogenimonas cancrithermarum	Hydrogenimonas thermophila	GCF_016593255.1,GCF_030296055.1
flhb	302	99.0	2	3	1	21.21	20	CONCAT,chea,flag,flgi,flgj,flgk,flgl,flha,flhf,flia,flid,flif,flig,flii,flim,flip,fliq,flis,pflb	Hydrogenimonas urashimensis; Hydrogenimonas cancrithermarum	Hydrogenimonas thermophila	GCF_016593255.1,GCF_030296055.1
flim	303	99.0	2	3	1	21.21	20	CONCAT,chea,flag,flgi,flgj,flgk,flgl,flha,flhb,flhf,flia,flid,flif,flig,flii,flip,fliq,flis,pflb	Hydrogenimonas urashimensis; Hydrogenimonas cancrithermarum	Hydrogenimonas thermophila	GCF_016593255.1,GCF_030296055.1
fliq	86	99.0	2	3	1	21.21	20	CONCAT,chea,flag,flgi,flgj,flgk,flgl,flha,flhb,flhf,flia,flid,flif,flig,flii,flim,flip,flis,pflb	Hydrogenimonas urashimensis; Hydrogenimonas cancrithermarum	Hydrogenimonas thermophila	GCF_016593255.1,GCF_030296055.1
flag	63	98.0	2	3	1	21.21	20	CONCAT,chea,flgi,flgj,flgk,flgl,flha,flhb,flhf,flia,flid,flif,flig,flii,flim,flip,fliq,flis,pflb	Hydrogenimonas urashimensis; Hydrogenimonas cancrithermarum	Hydrogenimonas thermophila	GCF_016593255.1,GCF_030296055.1
flhf	311	98.0	2	3	1	21.21	20	CONCAT,chea,flag,flgi,flgj,flgk,flgl,flha,flhb,flia,flid,flif,flig,flii,flim,flip,fliq,flis,pflb	Hydrogenimonas urashimensis; Hydrogenimonas cancrithermarum	Hydrogenimonas thermophila	GCF_016593255.1,GCF_030296055.1
chea	781	96.0	2	3	1	21.21	20	CONCAT,flag,flgi,flgj,flgk,flgl,flha,flhb,flhf,flia,flid,flif,flig,flii,flim,flip,fliq,flis,pflb	Hydrogenimonas urashimensis; Hydrogenimonas cancrithermarum	Hydrogenimonas thermophila	GCF_016593255.1,GCF_030296055.1
flii	428	95.0	2	3	1	21.21	20	CONCAT,chea,flag,flgi,flgj,flgk,flgl,flha,flhb,flhf,flia,flid,flif,flig,flim,flip,fliq,flis,pflb	Hydrogenimonas urashimensis; Hydrogenimonas cancrithermarum	Hydrogenimonas thermophila	GCF_016593255.1,GCF_030296055.1
flha	554	100.0	2	5	2	9.09	17	CONCAT,flgc,flgg,flgh,flgi,flgs,flid,flif,flig,flih,flii,flin,flip,flis,fliy,pflb	Campylobacter mucosalis; Campylobacter suis	Campylobacter pinnipediorum; Campylobacter gastrosuis; Campylobacter majalis	GCF_013372205.1,GCF_905120475.1
flid	590	100.0	2	5	2	9.09	17	CONCAT,flgc,flgg,flgh,flgi,flgs,flha,flif,flig,flih,flii,flin,flip,flis,fliy,pflb	Campylobacter mucosalis; Campylobacter suis	Campylobacter pinnipediorum; Campylobacter gastrosuis; Campylobacter majalis	GCF_013372205.1,GCF_905120475.1
flig	341	100.0	2	5	2	9.09	17	CONCAT,flgc,flgg,flgh,flgi,flgs,flha,flid,flif,flih,flii,flin,flip,flis,fliy,pflb	Campylobacter mucosalis; Campylobacter suis	Campylobacter pinnipediorum; Campylobacter gastrosuis; Campylobacter majalis	GCF_013372205.1,GCF_905120475.1
flih	150	100.0	2	5	2	9.09	17	CONCAT,flgc,flgg,flgh,flgi,flgs,flha,flid,flif,flig,flii,flin,flip,flis,fliy,pflb	Campylobacter mucosalis; Campylobacter suis	Campylobacter pinnipediorum; Campylobacter gastrosuis; Campylobacter majalis	GCF_013372205.1,GCF_905120475.1
flii	428	100.0	2	5	2	9.09	17	CONCAT,flgc,flgg,flgh,flgi,flgs,flha,flid,flif,flig,flih,flin,flip,flis,fliy,pflb	Campylobacter mucosalis; Campylobacter suis	Campylobacter pinnipediorum; Campylobacter gastrosuis; Campylobacter majalis	GCF_013372205.1,GCF_905120475.1
flin	87	100.0	2	5	2	9.09	17	CONCAT,flgc,flgg,flgh,flgi,flgs,flha,flid,flif,flig,flih,flii,flip,flis,fliy,pflb	Campylobacter mucosalis; Campylobacter suis	Campylobacter pinnipediorum; Campylobacter gastrosuis; Campylobacter majalis	GCF_013372205.1,GCF_905120475.1
flip	243	100.0	2	5	2	9.09	17	CONCAT,flgc,flgg,flgh,flgi,flgs,flha,flid,flif,flig,flih,flii,flin,flis,fliy,pflb	Campylobacter mucosalis; Campylobacter suis	Campylobacter pinnipediorum; Campylobacter gastrosuis; Campylobacter majalis	GCF_013372205.1,GCF_905120475.1
fliy	194	100.0	2	5	2	9.09	17	CONCAT,flgc,flgg,flgh,flgi,flgs,flha,flid,flif,flig,flih,flii,flin,flip,flis,pflb	Campylobacter mucosalis; Campylobacter suis	Campylobacter pinnipediorum; Campylobacter gastrosuis; Campylobacter majalis	GCF_013372205.1,GCF_905120475.1
CONCAT	None	100.0	2	5	2	9.09	17	flgc,flgg,flgh,flgi,flgs,flha,flid,flif,flig,flih,flii,flin,flip,flis,fliy,pflb	Campylobacter mucosalis; Campylobacter suis	Campylobacter pinnipediorum; Campylobacter gastrosuis; Campylobacter majalis	GCF_013372205.1,GCF_905120475.1
flgi	260	99.0	2	5	2	9.09	17	CONCAT,flgc,flgg,flgh,flgs,flha,flid,flif,flig,flih,flii,flin,flip,flis,fliy,pflb	Campylobacter mucosalis; Campylobacter suis	Campylobacter pinnipediorum; Campylobacter gastrosuis; Campylobacter majalis	GCF_013372205.1,GCF_905120475.1
pflb	600	99.0	2	5	2	9.09	17	CONCAT,flgc,flgg,flgh,flgi,flgs,flha,flid,flif,flig,flih,flii,flin,flip,flis,fliy	Campylobacter mucosalis; Campylobacter suis	Campylobacter pinnipediorum; Campylobacter gastrosuis; Campylobacter majalis	GCF_013372205.1,GCF_905120475.1
flgg	262	98.0	2	5	2	9.09	17	CONCAT,flgc,flgh,flgi,flgs,flha,flid,flif,flig,flih,flii,flin,flip,flis,fliy,pflb	Campylobacter mucosalis; Campylobacter suis	Campylobacter pinnipediorum; Campylobacter gastrosuis; Campylobacter majalis	GCF_013372205.1,GCF_905120475.1
flis	110	98.0	2	5	2	9.09	17	CONCAT,flgc,flgg,flgh,flgi,flgs,flha,flid,flif,flig,flih,flii,flin,flip,fliy,pflb	Campylobacter mucosalis; Campylobacter suis	Campylobacter pinnipediorum; Campylobacter gastrosuis; Campylobacter majalis	GCF_013372205.1,GCF_905120475.1
flif	501	97.0	2	5	2	9.09	17	CONCAT,flgc,flgg,flgh,flgi,flgs,flha,flid,flig,flih,flii,flin,flip,flis,fliy,pflb	Campylobacter mucosalis; Campylobacter suis	Campylobacter pinnipediorum; Campylobacter gastrosuis; Campylobacter majalis	GCF_013372205.1,GCF_905120475.1
flgc	164	96.0	2	5	2	9.09	17	CONCAT,flgg,flgh,flgi,flgs,flha,flid,flif,flig,flih,flii,flin,flip,flis,fliy,pflb	Campylobacter mucosalis; Campylobacter suis	Campylobacter pinnipediorum; Campylobacter gastrosuis; Campylobacter majalis	GCF_013372205.1,GCF_905120475.1
flgh	173	96.0	2	5	2	9.09	17	CONCAT,flgc,flgg,flgi,flgs,flha,flid,flif,flig,flih,flii,flin,flip,flis,fliy,pflb	Campylobacter mucosalis; Campylobacter suis	Campylobacter pinnipediorum; Campylobacter gastrosuis; Campylobacter majalis	GCF_013372205.1,GCF_905120475.1
flgs	270	99.0	2	4	1	None	17	CONCAT,flgc,flgg,flgh,flgi,flha,flid,flif,flig,flih,flii,flin,flip,flis,fliy,pflb	Campylobacter mucosalis; Campylobacter suis	Campylobacter pinnipediorum; Campylobacter majalis	GCF_013372205.1,GCF_905120475.1
flgb	109	100.0	2	4	1	6.06	16	CONCAT,chev,flag,flgh,flgi,flgj,flgl,flha,flhf,flie,flif,flim,flip,fliy,pflb	Helicobacter saguini; Helicobacter didelphidarum	Helicobacter bilis; Helicobacter trogontum	GCF_000762875.2,GCF_003364195.1
flgh	173	100.0	2	4	1	6.06	16	CONCAT,chev,flag,flgb,flgi,flgj,flgl,flha,flhf,flie,flif,flim,flip,fliy,pflb	Helicobacter saguini; Helicobacter didelphidarum	Helicobacter bilis; Helicobacter trogontum	GCF_000762875.2,GCF_003364195.1
flgi	260	100.0	2	4	1	6.06	16	CONCAT,chev,flag,flgb,flgh,flgj,flgl,flha,flhf,flie,flif,flim,flip,fliy,pflb	Helicobacter saguini; Helicobacter didelphidarum	Helicobacter bilis; Helicobacter trogontum	GCF_000762875.2,GCF_003364195.1
flgj	74	100.0	2	4	1	6.06	16	CONCAT,chev,flag,flgb,flgh,flgi,flgl,flha,flhf,flie,flif,flim,flip,fliy,pflb	Helicobacter saguini; Helicobacter didelphidarum	Helicobacter bilis; Helicobacter trogontum	GCF_000762875.2,GCF_003364195.1
flif	501	100.0	2	4	1	6.06	16	CONCAT,chev,flag,flgb,flgh,flgi,flgj,flgl,flha,flhf,flie,flim,flip,fliy,pflb	Helicobacter saguini; Helicobacter didelphidarum	Helicobacter bilis; Helicobacter trogontum	GCF_000762875.2,GCF_003364195.1
fliy	194	100.0	2	4	1	6.06	16	CONCAT,chev,flag,flgb,flgh,flgi,flgj,flgl,flha,flhf,flie,flif,flim,flip,pflb	Helicobacter saguini; Helicobacter didelphidarum	Helicobacter bilis; Helicobacter trogontum	GCF_000762875.2,GCF_003364195.1
CONCAT	None	100.0	2	4	1	6.06	16	chev,flag,flgb,flgh,flgi,flgj,flgl,flha,flhf,flie,flif,flim,flip,fliy,pflb	Helicobacter saguini; Helicobacter didelphidarum	Helicobacter bilis; Helicobacter trogontum	GCF_000762875.2,GCF_003364195.1
chev	312	99.0	2	4	1	6.06	16	CONCAT,flag,flgb,flgh,flgi,flgj,flgl,flha,flhf,flie,flif,flim,flip,fliy,pflb	Helicobacter saguini; Helicobacter didelphidarum	Helicobacter bilis; Helicobacter trogontum	GCF_000762875.2,GCF_003364195.1
flag	63	99.0	2	4	1	6.06	16	CONCAT,chev,flgb,flgh,flgi,flgj,flgl,flha,flhf,flie,flif,flim,flip,fliy,pflb	Helicobacter saguini; Helicobacter didelphidarum	Helicobacter bilis; Helicobacter trogontum	GCF_000762875.2,GCF_003364195.1
flip	243	99.0	2	4	1	6.06	16	CONCAT,chev,flag,flgb,flgh,flgi,flgj,flgl,flha,flhf,flie,flif,flim,fliy,pflb	Helicobacter saguini; Helicobacter didelphidarum	Helicobacter bilis; Helicobacter trogontum	GCF_000762875.2,GCF_003364195.1
pflb	600	98.0	2	4	1	6.06	16	CONCAT,chev,flag,flgb,flgh,flgi,flgj,flgl,flha,flhf,flie,flif,flim,flip,fliy	Helicobacter saguini; Helicobacter didelphidarum	Helicobacter bilis; Helicobacter trogontum	GCF_000762875.2,GCF_003364195.1
flha	554	96.0	2	4	1	6.06	16	CONCAT,chev,flag,flgb,flgh,flgi,flgj,flgl,flhf,flie,flif,flim,flip,fliy,pflb	Helicobacter saguini; Helicobacter didelphidarum	Helicobacter bilis; Helicobacter trogontum	GCF_000762875.2,GCF_003364195.1
flhf	311	96.0	2	4	1	6.06	16	CONCAT,chev,flag,flgb,flgh,flgi,flgj,flgl,flha,flie,flif,flim,flip,fliy,pflb	Helicobacter saguini; Helicobacter didelphidarum	Helicobacter bilis; Helicobacter trogontum	GCF_000762875.2,GCF_003364195.1
flim	303	96.0	2	4	1	6.06	16	CONCAT,chev,flag,flgb,flgh,flgi,flgj,flgl,flha,flhf,flie,flif,flip,fliy,pflb	Helicobacter saguini; Helicobacter didelphidarum	Helicobacter bilis; Helicobacter trogontum	GCF_000762875.2,GCF_003364195.1
flgl	299	95.0	2	4	1	6.06	16	CONCAT,chev,flag,flgb,flgh,flgi,flgj,flha,flhf,flie,flif,flim,flip,fliy,pflb	Helicobacter saguini; Helicobacter didelphidarum	Helicobacter bilis; Helicobacter trogontum	GCF_000762875.2,GCF_003364195.1
flie	67	95.0	2	4	1	6.06	16	CONCAT,chev,flag,flgb,flgh,flgi,flgj,flgl,flha,flhf,flif,flim,flip,fliy,pflb	Helicobacter saguini; Helicobacter didelphidarum	Helicobacter bilis; Helicobacter trogontum	GCF_000762875.2,GCF_003364195.1
flgb	109	100.0	2	4	1	9.09	14	CONCAT,flga,flgd,flgg,flgh,flgi,flgk,flgl,flgr,flif,flis,fliy,pflb	Sulfurospirillum diekertiae; Sulfurospirillum oryzae	Sulfurospirillum multivorans; Sulfurospirillum halorespirans	GCF_011769985.2,GCF_025770725.1
flgd	154	100.0	2	4	1	9.09	14	CONCAT,flga,flgb,flgg,flgh,flgi,flgk,flgl,flgr,flif,flis,fliy,pflb	Sulfurospirillum diekertiae; Sulfurospirillum oryzae	Sulfurospirillum multivorans; Sulfurospirillum halorespirans	GCF_011769985.2,GCF_025770725.1
flgg	262	100.0	2	4	1	9.09	14	CONCAT,flga,flgb,flgd,flgh,flgi,flgk,flgl,flgr,flif,flis,fliy,pflb	Sulfurospirillum diekertiae; Sulfurospirillum oryzae	Sulfurospirillum multivorans; Sulfurospirillum halorespirans	GCF_011769985.2,GCF_025770725.1
flgg	262	100.0	2	4	1	4.17	14	CONCAT,flgi,flgk,flgl,flha,flhf,flid,flif,flii,flim,fliq,flir,flis	Poseidonibacter lekithochrous; Arcobacter roscoffensis	Poseidonibacter parvus; Poseidonibacter antarcticus	GCF_013283835.1,GCF_024267655.1
flgh	173	100.0	2	4	1	9.09	14	CONCAT,flga,flgb,flgd,flgg,flgi,flgk,flgl,flgr,flif,flis,fliy,pflb	Sulfurospirillum diekertiae; Sulfurospirillum oryzae	Sulfurospirillum multivorans; Sulfurospirillum halorespirans	GCF_011769985.2,GCF_025770725.1
flgk	490	100.0	2	4	1	4.17	14	CONCAT,flgg,flgi,flgl,flha,flhf,flid,flif,flii,flim,fliq,flir,flis	Poseidonibacter lekithochrous; Arcobacter roscoffensis	Poseidonibacter parvus; Poseidonibacter antarcticus	GCF_013283835.1,GCF_024267655.1
flgk	490	100.0	2	4	1	9.09	14	CONCAT,flga,flgb,flgd,flgg,flgh,flgi,flgl,flgr,flif,flis,fliy,pflb	Sulfurospirillum diekertiae; Sulfurospirillum oryzae	Sulfurospirillum multivorans; Sulfurospirillum halorespirans	GCF_011769985.2,GCF_025770725.1
flgl	299	100.0	2	4	1	4.17	14	CONCAT,flgg,flgi,flgk,flha,flhf,flid,flif,flii,flim,fliq,flir,flis	Poseidonibacter lekithochrous; Arcobacter roscoffensis	Poseidonibacter parvus; Poseidonibacter antarcticus	GCF_013283835.1,GCF_024267655.1
flgl	299	100.0	2	4	1	9.09	14	CONCAT,flga,flgb,flgd,flgg,flgh,flgi,flgk,flgr,flif,flis,fliy,pflb	Sulfurospirillum diekertiae; Sulfurospirillum oryzae	Sulfurospirillum multivorans; Sulfurospirillum halorespirans	GCF_011769985.2,GCF_025770725.1
flgr	429	100.0	2	4	1	9.09	14	CONCAT,flga,flgb,flgd,flgg,flgh,flgi,flgk,flgl,flif,flis,fliy,pflb	Sulfurospirillum diekertiae; Sulfurospirillum oryzae	Sulfurospirillum multivorans; Sulfurospirillum halorespirans	GCF_011769985.2,GCF_025770725.1
flif	501	100.0	2	4	1	4.17	14	CONCAT,flgg,flgi,flgk,flgl,flha,flhf,flid,flii,flim,fliq,flir,flis	Poseidonibacter lekithochrous; Arcobacter roscoffensis	Poseidonibacter parvus; Poseidonibacter antarcticus	GCF_013283835.1,GCF_024267655.1
flii	428	100.0	2	4	1	4.17	14	CONCAT,flgg,flgi,flgk,flgl,flha,flhf,flid,flif,flim,fliq,flir,flis	Poseidonibacter lekithochrous; Arcobacter roscoffensis	Poseidonibacter parvus; Poseidonibacter antarcticus	GCF_013283835.1,GCF_024267655.1
fliq	86	100.0	2	4	1	4.17	14	CONCAT,flgg,flgi,flgk,flgl,flha,flhf,flid,flif,flii,flim,flir,flis	Poseidonibacter lekithochrous; Arcobacter roscoffensis	Poseidonibacter parvus; Poseidonibacter antarcticus	GCF_013283835.1,GCF_024267655.1
flir	194	100.0	2	4	1	4.17	14	CONCAT,flgg,flgi,flgk,flgl,flha,flhf,flid,flif,flii,flim,fliq,flis	Poseidonibacter lekithochrous; Arcobacter roscoffensis	Poseidonibacter parvus; Poseidonibacter antarcticus	GCF_013283835.1,GCF_024267655.1
flis	110	100.0	2	4	1	4.17	14	CONCAT,flgg,flgi,flgk,flgl,flha,flhf,flid,flif,flii,flim,fliq,flir	Poseidonibacter lekithochrous; Arcobacter roscoffensis	Poseidonibacter parvus; Poseidonibacter antarcticus	GCF_013283835.1,GCF_024267655.1
flis	110	100.0	2	4	1	9.09	14	CONCAT,flga,flgb,flgd,flgg,flgh,flgi,flgk,flgl,flgr,flif,fliy,pflb	Sulfurospirillum diekertiae; Sulfurospirillum oryzae	Sulfurospirillum multivorans; Sulfurospirillum halorespirans	GCF_011769985.2,GCF_025770725.1
CONCAT	None	100.0	2	4	1	4.17	14	flgg,flgi,flgk,flgl,flha,flhf,flid,flif,flii,flim,fliq,flir,flis	Poseidonibacter lekithochrous; Arcobacter roscoffensis	Poseidonibacter parvus; Poseidonibacter antarcticus	GCF_013283835.1,GCF_024267655.1
CONCAT	None	100.0	2	4	1	9.09	14	flga,flgb,flgd,flgg,flgh,flgi,flgk,flgl,flgr,flif,flis,fliy,pflb	Sulfurospirillum diekertiae; Sulfurospirillum oryzae	Sulfurospirillum multivorans; Sulfurospirillum halorespirans	GCF_011769985.2,GCF_025770725.1
flid	590	99.0	2	4	1	4.17	14	CONCAT,flgg,flgi,flgk,flgl,flha,flhf,flif,flii,flim,fliq,flir,flis	Poseidonibacter lekithochrous; Arcobacter roscoffensis	Poseidonibacter parvus; Poseidonibacter antarcticus	GCF_013283835.1,GCF_024267655.1
flim	303	99.0	2	4	1	4.17	14	CONCAT,flgg,flgi,flgk,flgl,flha,flhf,flid,flif,flii,fliq,flir,flis	Poseidonibacter lekithochrous; Arcobacter roscoffensis	Poseidonibacter parvus; Poseidonibacter antarcticus	GCF_013283835.1,GCF_024267655.1
flga	177	98.0	2	4	1	9.09	14	CONCAT,flgb,flgd,flgg,flgh,flgi,flgk,flgl,flgr,flif,flis,fliy,pflb	Sulfurospirillum diekertiae; Sulfurospirillum oryzae	Sulfurospirillum multivorans; Sulfurospirillum halorespirans	GCF_011769985.2,GCF_025770725.1
flgi	260	98.0	2	4	1	9.09	14	CONCAT,flga,flgb,flgd,flgg,flgh,flgk,flgl,flgr,flif,flis,fliy,pflb	Sulfurospirillum diekertiae; Sulfurospirillum oryzae	Sulfurospirillum multivorans; Sulfurospirillum halorespirans	GCF_011769985.2,GCF_025770725.1
flha	554	98.0	2	4	1	4.17	14	CONCAT,flgg,flgi,flgk,flgl,flhf,flid,flif,flii,flim,fliq,flir,flis	Poseidonibacter lekithochrous; Arcobacter roscoffensis	Poseidonibacter parvus; Poseidonibacter antarcticus	GCF_013283835.1,GCF_024267655.1
flhf	311	98.0	2	4	1	4.17	14	CONCAT,flgg,flgi,flgk,flgl,flha,flid,flif,flii,flim,fliq,flir,flis	Poseidonibacter lekithochrous; Arcobacter roscoffensis	Poseidonibacter parvus; Poseidonibacter antarcticus	GCF_013283835.1,GCF_024267655.1
flif	501	98.0	2	4	1	9.09	14	CONCAT,flga,flgb,flgd,flgg,flgh,flgi,flgk,flgl,flgr,flis,fliy,pflb	Sulfurospirillum diekertiae; Sulfurospirillum oryzae	Sulfurospirillum multivorans; Sulfurospirillum halorespirans	GCF_011769985.2,GCF_025770725.1
pflb	600	98.0	2	4	1	9.09	14	CONCAT,flga,flgb,flgd,flgg,flgh,flgi,flgk,flgl,flgr,flif,flis,fliy	Sulfurospirillum diekertiae; Sulfurospirillum oryzae	Sulfurospirillum multivorans; Sulfurospirillum halorespirans	GCF_011769985.2,GCF_025770725.1
flgi	260	97.0	2	4	1	4.17	14	CONCAT,flgg,flgk,flgl,flha,flhf,flid,flif,flii,flim,fliq,flir,flis	Poseidonibacter lekithochrous; Arcobacter roscoffensis	Poseidonibacter parvus; Poseidonibacter antarcticus	GCF_013283835.1,GCF_024267655.1
fliy	194	95.0	2	4	1	9.09	14	CONCAT,flga,flgb,flgd,flgg,flgh,flgi,flgk,flgl,flgr,flif,flis,pflb	Sulfurospirillum diekertiae; Sulfurospirillum oryzae	Sulfurospirillum multivorans; Sulfurospirillum halorespirans	GCF_011769985.2,GCF_025770725.1
flgi	260	100.0	3	8	1	8.82	12	CONCAT,flga,flgc,flgk,flgl,flia,flig,flim,flip,fliy,pflb	Campylobacter concisus; Campylobacter curvus; Campylobacter anatolicus	Campylobacter pinnipediorum; Campylobacter mucosalis; Campylobacter gastrosuis; Campylobacter majalis; Campylobacter suis	GCF_001298465.1,GCF_013372125.1,GCF_018145655.1
flgk	490	100.0	3	8	1	8.82	12	CONCAT,flga,flgc,flgi,flgl,flia,flig,flim,flip,fliy,pflb	Campylobacter concisus; Campylobacter curvus; Campylobacter anatolicus	Campylobacter pinnipediorum; Campylobacter mucosalis; Campylobacter gastrosuis; Campylobacter majalis; Campylobacter suis	GCF_001298465.1,GCF_013372125.1,GCF_018145655.1
flgl	299	100.0	3	8	1	8.82	12	CONCAT,flga,flgc,flgi,flgk,flia,flig,flim,flip,fliy,pflb	Campylobacter concisus; Campylobacter curvus; Campylobacter anatolicus	Campylobacter pinnipediorum; Campylobacter mucosalis; Campylobacter gastrosuis; Campylobacter majalis; Campylobacter suis	GCF_001298465.1,GCF_013372125.1,GCF_018145655.1
flia	223	100.0	3	8	1	8.82	12	CONCAT,flga,flgc,flgi,flgk,flgl,flig,flim,flip,fliy,pflb	Campylobacter concisus; Campylobacter curvus; Campylobacter anatolicus	Campylobacter pinnipediorum; Campylobacter mucosalis; Campylobacter gastrosuis; Campylobacter majalis; Campylobacter suis	GCF_001298465.1,GCF_013372125.1,GCF_018145655.1
flig	341	100.0	3	8	1	8.82	12	CONCAT,flga,flgc,flgi,flgk,flgl,flia,flim,flip,fliy,pflb	Campylobacter concisus; Campylobacter curvus; Campylobacter anatolicus	Campylobacter pinnipediorum; Campylobacter mucosalis; Campylobacter gastrosuis; Campylobacter majalis; Campylobacter suis	GCF_001298465.1,GCF_013372125.1,GCF_018145655.1
flip	243	100.0	3	8	1	8.82	12	CONCAT,flga,flgc,flgi,flgk,flgl,flia,flig,flim,fliy,pflb	Campylobacter concisus; Campylobacter curvus; Campylobacter anatolicus	Campylobacter pinnipediorum; Campylobacter mucosalis; Campylobacter gastrosuis; Campylobacter majalis; Campylobacter suis	GCF_001298465.1,GCF_013372125.1,GCF_018145655.1
fliy	194	100.0	3	8	1	8.82	12	CONCAT,flga,flgc,flgi,flgk,flgl,flia,flig,flim,flip,pflb	Campylobacter concisus; Campylobacter curvus; Campylobacter anatolicus	Campylobacter pinnipediorum; Campylobacter mucosalis; Campylobacter gastrosuis; Campylobacter majalis; Campylobacter suis	GCF_001298465.1,GCF_013372125.1,GCF_018145655.1
CONCAT	None	100.0	3	8	1	8.82	12	flga,flgc,flgi,flgk,flgl,flia,flig,flim,flip,fliy,pflb	Campylobacter concisus; Campylobacter curvus; Campylobacter anatolicus	Campylobacter pinnipediorum; Campylobacter mucosalis; Campylobacter gastrosuis; Campylobacter majalis; Campylobacter suis	GCF_001298465.1,GCF_013372125.1,GCF_018145655.1
flgc	164	97.0	3	8	1	8.82	12	CONCAT,flga,flgi,flgk,flgl,flia,flig,flim,flip,fliy,pflb	Campylobacter concisus; Campylobacter curvus; Campylobacter anatolicus	Campylobacter pinnipediorum; Campylobacter mucosalis; Campylobacter gastrosuis; Campylobacter majalis; Campylobacter suis	GCF_001298465.1,GCF_013372125.1,GCF_018145655.1
flga	177	96.0	3	8	1	8.82	12	CONCAT,flgc,flgi,flgk,flgl,flia,flig,flim,flip,fliy,pflb	Campylobacter concisus; Campylobacter curvus; Campylobacter anatolicus	Campylobacter pinnipediorum; Campylobacter mucosalis; Campylobacter gastrosuis; Campylobacter majalis; Campylobacter suis	GCF_001298465.1,GCF_013372125.1,GCF_018145655.1
flim	303	96.0	3	8	1	8.82	12	CONCAT,flga,flgc,flgi,flgk,flgl,flia,flig,flip,fliy,pflb	Campylobacter concisus; Campylobacter curvus; Campylobacter anatolicus	Campylobacter pinnipediorum; Campylobacter mucosalis; Campylobacter gastrosuis; Campylobacter majalis; Campylobacter suis	GCF_001298465.1,GCF_013372125.1,GCF_018145655.1
pflb	600	95.0	3	8	1	8.82	12	CONCAT,flga,flgc,flgi,flgk,flgl,flia,flig,flim,flip,fliy	Campylobacter concisus; Campylobacter curvus; Campylobacter anatolicus	Campylobacter pinnipediorum; Campylobacter mucosalis; Campylobacter gastrosuis; Campylobacter majalis; Campylobacter suis	GCF_001298465.1,GCF_013372125.1,GCF_018145655.1
chea	781	100.0	2	3	1	5.88	12	CONCAT,flag,flga,flgg,flgr,flhf,flid,flig,flip,fliy,pflb	Campylobacter iguaniorum; Campylobacter hyointestinalis	Campylobacter fetus	GCF_000736415.1,GCF_013372145.1
flga	177	100.0	2	3	1	5.88	12	CONCAT,chea,flag,flgg,flgr,flhf,flid,flig,flip,fliy,pflb	Campylobacter iguaniorum; Campylobacter hyointestinalis	Campylobacter fetus	GCF_000736415.1,GCF_013372145.1
flgg	262	100.0	2	3	1	5.88	12	CONCAT,chea,flag,flga,flgr,flhf,flid,flig,flip,fliy,pflb	Campylobacter iguaniorum; Campylobacter hyointestinalis	Campylobacter fetus	GCF_000736415.1,GCF_013372145.1
flid	590	100.0	2	3	1	5.88	12	CONCAT,chea,flag,flga,flgg,flgr,flhf,flig,flip,fliy,pflb	Campylobacter iguaniorum; Campylobacter hyointestinalis	Campylobacter fetus	GCF_000736415.1,GCF_013372145.1
flig	341	100.0	2	3	1	5.88	12	CONCAT,chea,flag,flga,flgg,flgr,flhf,flid,flip,fliy,pflb	Campylobacter iguaniorum; Campylobacter hyointestinalis	Campylobacter fetus	GCF_000736415.1,GCF_013372145.1
pflb	600	100.0	2	3	1	5.88	12	CONCAT,chea,flag,flga,flgg,flgr,flhf,flid,flig,flip,fliy	Campylobacter iguaniorum; Campylobacter hyointestinalis	Campylobacter fetus	GCF_000736415.1,GCF_013372145.1
CONCAT	None	100.0	2	3	1	5.88	12	chea,flag,flga,flgg,flgr,flhf,flid,flig,flip,fliy,pflb	Campylobacter iguaniorum; Campylobacter hyointestinalis	Campylobacter fetus	GCF_000736415.1,GCF_013372145.1
flgr	429	99.0	2	3	1	5.88	12	CONCAT,chea,flag,flga,flgg,flhf,flid,flig,flip,fliy,pflb	Campylobacter iguaniorum; Campylobacter hyointestinalis	Campylobacter fetus	GCF_000736415.1,GCF_013372145.1
flhf	311	99.0	2	3	1	5.88	12	CONCAT,chea,flag,flga,flgg,flgr,flid,flig,flip,fliy,pflb	Campylobacter iguaniorum; Campylobacter hyointestinalis	Campylobacter fetus	GCF_000736415.1,GCF_013372145.1
fliy	194	99.0	2	3	1	5.88	12	CONCAT,chea,flag,flga,flgg,flgr,flhf,flid,flig,flip,pflb	Campylobacter iguaniorum; Campylobacter hyointestinalis	Campylobacter fetus	GCF_000736415.1,GCF_013372145.1
flag	63	97.0	2	3	1	5.88	12	CONCAT,chea,flga,flgg,flgr,flhf,flid,flig,flip,fliy,pflb	Campylobacter iguaniorum; Campylobacter hyointestinalis	Campylobacter fetus	GCF_000736415.1,GCF_013372145.1
flip	243	97.0	2	3	1	5.88	12	CONCAT,chea,flag,flga,flgg,flgr,flhf,flid,flig,fliy,pflb	Campylobacter iguaniorum; Campylobacter hyointestinalis	Campylobacter fetus	GCF_000736415.1,GCF_013372145.1
flgc	164	100.0	2	4	1	29.41	11	CONCAT,flgk,flha,flif,flih,flii,flim,fliq,fliy,pflb	Campylobacter porcelli; Campylobacter lanienae	Campylobacter vicugnae; Campylobacter devanensis	GCF_002139855.1,GCF_002139935.1
flgk	490	100.0	2	4	1	29.41	11	CONCAT,flgc,flha,flif,flih,flii,flim,fliq,fliy,pflb	Campylobacter porcelli; Campylobacter lanienae	Campylobacter vicugnae; Campylobacter devanensis	GCF_002139855.1,GCF_002139935.1
flih	150	100.0	2	4	1	29.41	11	CONCAT,flgc,flgk,flha,flif,flii,flim,fliq,fliy,pflb	Campylobacter porcelli; Campylobacter lanienae	Campylobacter vicugnae; Campylobacter devanensis	GCF_002139855.1,GCF_002139935.1
flim	303	100.0	2	4	1	29.41	11	CONCAT,flgc,flgk,flha,flif,flih,flii,fliq,fliy,pflb	Campylobacter porcelli; Campylobacter lanienae	Campylobacter vicugnae; Campylobacter devanensis	GCF_002139855.1,GCF_002139935.1
fliq	86	100.0	2	4	1	29.41	11	CONCAT,flgc,flgk,flha,flif,flih,flii,flim,fliy,pflb	Campylobacter porcelli; Campylobacter lanienae	Campylobacter vicugnae; Campylobacter devanensis	GCF_002139855.1,GCF_002139935.1
fliy	194	100.0	2	4	1	29.41	11	CONCAT,flgc,flgk,flha,flif,flih,flii,flim,fliq,pflb	Campylobacter porcelli; Campylobacter lanienae	Campylobacter vicugnae; Campylobacter devanensis	GCF_002139855.1,GCF_002139935.1
CONCAT	None	100.0	2	4	1	29.41	11	flgc,flgk,flha,flif,flih,flii,flim,fliq,fliy,pflb	Campylobacter porcelli; Campylobacter lanienae	Campylobacter vicugnae; Campylobacter devanensis	GCF_002139855.1,GCF_002139935.1
flif	501	99.0	2	4	1	29.41	11	CONCAT,flgc,flgk,flha,flih,flii,flim,fliq,fliy,pflb	Campylobacter porcelli; Campylobacter lanienae	Campylobacter vicugnae; Campylobacter devanensis	GCF_002139855.1,GCF_002139935.1
flii	428	99.0	2	4	1	29.41	11	CONCAT,flgc,flgk,flha,flif,flih,flim,fliq,fliy,pflb	Campylobacter porcelli; Campylobacter lanienae	Campylobacter vicugnae; Campylobacter devanensis	GCF_002139855.1,GCF_002139935.1
pflb	600	98.0	2	4	1	29.41	11	CONCAT,flgc,flgk,flha,flif,flih,flii,flim,fliq,fliy	Campylobacter porcelli; Campylobacter lanienae	Campylobacter vicugnae; Campylobacter devanensis	GCF_002139855.1,GCF_002139935.1
flha	554	97.0	2	4	1	29.41	11	CONCAT,flgc,flgk,flif,flih,flii,flim,fliq,fliy,pflb	Campylobacter porcelli; Campylobacter lanienae	Campylobacter vicugnae; Campylobacter devanensis	GCF_002139855.1,GCF_002139935.1
chea	781	100.0	4	14	3	0.0	10	CONCAT,flgi,flhf,flif,flig,flii,flip,flir,pflb	Sulfurimonas denitrificans; Sulfurimonas crateris; Sulfurimonas baltica; Sulfurimonas marisnigri	10 genomes	GCF_000012965.1,GCF_005217605.1,GCF_015265455.1,GCF_015265475.1
flig	341	100.0	4	14	3	0.0	10	CONCAT,chea,flgi,flhf,flif,flii,flip,flir,pflb	Sulfurimonas denitrificans; Sulfurimonas crateris; Sulfurimonas baltica; Sulfurimonas marisnigri	10 genomes	GCF_000012965.1,GCF_005217605.1,GCF_015265455.1,GCF_015265475.1
pflb	600	100.0	4	14	3	0.0	10	CONCAT,chea,flgi,flhf,flif,flig,flii,flip,flir	Sulfurimonas denitrificans; Sulfurimonas crateris; Sulfurimonas baltica; Sulfurimonas marisnigri	10 genomes	GCF_000012965.1,GCF_005217605.1,GCF_015265455.1,GCF_015265475.1
CONCAT	None	100.0	4	14	3	0.0	10	chea,flgi,flhf,flif,flig,flii,flip,flir,pflb	Sulfurimonas denitrificans; Sulfurimonas crateris; Sulfurimonas baltica; Sulfurimonas marisnigri	10 genomes	GCF_000012965.1,GCF_005217605.1,GCF_015265455.1,GCF_015265475.1
flif	501	99.0	4	14	3	0.0	10	CONCAT,chea,flgi,flhf,flig,flii,flip,flir,pflb	Sulfurimonas denitrificans; Sulfurimonas crateris; Sulfurimonas baltica; Sulfurimonas marisnigri	10 genomes	GCF_000012965.1,GCF_005217605.1,GCF_015265455.1,GCF_015265475.1
flir	194	99.0	4	14	3	0.0	10	CONCAT,chea,flgi,flhf,flif,flig,flii,flip,pflb	Sulfurimonas denitrificans; Sulfurimonas crateris; Sulfurimonas baltica; Sulfurimonas marisnigri	10 genomes	GCF_000012965.1,GCF_005217605.1,GCF_015265455.1,GCF_015265475.1
flip	243	98.0	4	14	3	0.0	10	CONCAT,chea,flgi,flhf,flif,flig,flii,flir,pflb	Sulfurimonas denitrificans; Sulfurimonas crateris; Sulfurimonas baltica; Sulfurimonas marisnigri	10 genomes	GCF_000012965.1,GCF_005217605.1,GCF_015265455.1,GCF_015265475.1
flgi	260	97.0	4	14	3	0.0	10	CONCAT,chea,flhf,flif,flig,flii,flip,flir,pflb	Sulfurimonas denitrificans; Sulfurimonas crateris; Sulfurimonas baltica; Sulfurimonas marisnigri	10 genomes	GCF_000012965.1,GCF_005217605.1,GCF_015265455.1,GCF_015265475.1
flii	428	97.0	4	14	3	0.0	10	CONCAT,chea,flgi,flhf,flif,flig,flip,flir,pflb	Sulfurimonas denitrificans; Sulfurimonas crateris; Sulfurimonas baltica; Sulfurimonas marisnigri	10 genomes	GCF_000012965.1,GCF_005217605.1,GCF_015265455.1,GCF_015265475.1
flhf	311	100.0	4	13	3	0.0	10	CONCAT,chea,flgi,flif,flig,flii,flip,flir,pflb	Sulfurimonas denitrificans; Sulfurimonas crateris; Sulfurimonas baltica; Sulfurimonas marisnigri	9 genomes	GCF_000012965.1,GCF_005217605.1,GCF_015265455.1,GCF_015265475.1
chea	781	100.0	4	5	1	21.21	10	CONCAT,flgg,flgk,flha,flhf,flif,flig,flii,pflb	Helicobacter pametensis; Helicobacter brantae; Helicobacter cholecystus; Helicobacter kayseriensis	Helicobacter enhydrae	GCF_000518225.1,GCF_003364205.1,GCF_003364215.1,GCF_021300655.1
flif	501	100.0	4	5	1	21.21	10	CONCAT,chea,flgg,flgk,flha,flhf,flig,flii,pflb	Helicobacter pametensis; Helicobacter brantae; Helicobacter cholecystus; Helicobacter kayseriensis	Helicobacter enhydrae	GCF_000518225.1,GCF_003364205.1,GCF_003364215.1,GCF_021300655.1
CONCAT	None	100.0	4	5	1	21.21	10	chea,flgg,flgk,flha,flhf,flif,flig,flii,pflb	Helicobacter pametensis; Helicobacter brantae; Helicobacter cholecystus; Helicobacter kayseriensis	Helicobacter enhydrae	GCF_000518225.1,GCF_003364205.1,GCF_003364215.1,GCF_021300655.1
flhf	311	99.0	4	5	1	21.21	10	CONCAT,chea,flgg,flgk,flha,flif,flig,flii,pflb	Helicobacter pametensis; Helicobacter brantae; Helicobacter cholecystus; Helicobacter kayseriensis	Helicobacter enhydrae	GCF_000518225.1,GCF_003364205.1,GCF_003364215.1,GCF_021300655.1
flig	341	99.0	4	5	1	21.21	10	CONCAT,chea,flgg,flgk,flha,flhf,flif,flii,pflb	Helicobacter pametensis; Helicobacter brantae; Helicobacter cholecystus; Helicobacter kayseriensis	Helicobacter enhydrae	GCF_000518225.1,GCF_003364205.1,GCF_003364215.1,GCF_021300655.1
pflb	600	99.0	4	5	1	21.21	10	CONCAT,chea,flgg,flgk,flha,flhf,flif,flig,flii	Helicobacter pametensis; Helicobacter brantae; Helicobacter cholecystus; Helicobacter kayseriensis	Helicobacter enhydrae	GCF_000518225.1,GCF_003364205.1,GCF_003364215.1,GCF_021300655.1
flgg	262	98.0	4	5	1	21.21	10	CONCAT,chea,flgk,flha,flhf,flif,flig,flii,pflb	Helicobacter pametensis; Helicobacter brantae; Helicobacter cholecystus; Helicobacter kayseriensis	Helicobacter enhydrae	GCF_000518225.1,GCF_003364205.1,GCF_003364215.1,GCF_021300655.1
flii	428	98.0	4	5	1	21.21	10	CONCAT,chea,flgg,flgk,flha,flhf,flif,flig,pflb	Helicobacter pametensis; Helicobacter brantae; Helicobacter cholecystus; Helicobacter kayseriensis	Helicobacter enhydrae	GCF_000518225.1,GCF_003364205.1,GCF_003364215.1,GCF_021300655.1
flha	554	97.0	4	5	1	21.21	10	CONCAT,chea,flgg,flgk,flhf,flif,flig,flii,pflb	Helicobacter pametensis; Helicobacter brantae; Helicobacter cholecystus; Helicobacter kayseriensis	Helicobacter enhydrae	GCF_000518225.1,GCF_003364205.1,GCF_003364215.1,GCF_021300655.1
flgk	490	96.0	4	5	1	21.21	10	CONCAT,chea,flgg,flha,flhf,flif,flig,flii,pflb	Helicobacter pametensis; Helicobacter brantae; Helicobacter cholecystus; Helicobacter kayseriensis	Helicobacter enhydrae	GCF_000518225.1,GCF_003364205.1,GCF_003364215.1,GCF_021300655.1
flgg	262	100.0	3	4	1	33.33	9	CONCAT,flgb,flgd,flgi,flgk,flid,flip,flir	Malaciobacter halophilus; Malaciobacter mytili; Malaciobacter marinus	Malaciobacter molluscorum	GCF_002837275.1,GCF_003346775.1,GCF_003544855.1
flgk	490	100.0	3	4	1	33.33	9	CONCAT,flgb,flgd,flgg,flgi,flid,flip,flir	Malaciobacter halophilus; Malaciobacter mytili; Malaciobacter marinus	Malaciobacter molluscorum	GCF_002837275.1,GCF_003346775.1,GCF_003544855.1
flid	590	100.0	3	4	1	33.33	9	CONCAT,flgb,flgd,flgg,flgi,flgk,flip,flir	Malaciobacter halophilus; Malaciobacter mytili; Malaciobacter marinus	Malaciobacter molluscorum	GCF_002837275.1,GCF_003346775.1,GCF_003544855.1
flip	243	100.0	3	4	1	33.33	9	CONCAT,flgb,flgd,flgg,flgi,flgk,flid,flir	Malaciobacter halophilus; Malaciobacter mytili; Malaciobacter marinus	Malaciobacter molluscorum	GCF_002837275.1,GCF_003346775.1,GCF_003544855.1
flir	194	100.0	3	4	1	33.33	9	CONCAT,flgb,flgd,flgg,flgi,flgk,flid,flip	Malaciobacter halophilus; Malaciobacter mytili; Malaciobacter marinus	Malaciobacter molluscorum	GCF_002837275.1,GCF_003346775.1,GCF_003544855.1
CONCAT	None	100.0	3	4	1	33.33	9	flgb,flgd,flgg,flgi,flgk,flid,flip,flir	Malaciobacter halophilus; Malaciobacter mytili; Malaciobacter marinus	Malaciobacter molluscorum	GCF_002837275.1,GCF_003346775.1,GCF_003544855.1
flgd	154	99.0	3	4	1	33.33	9	CONCAT,flgb,flgg,flgi,flgk,flid,flip,flir	Malaciobacter halophilus; Malaciobacter mytili; Malaciobacter marinus	Malaciobacter molluscorum	GCF_002837275.1,GCF_003346775.1,GCF_003544855.1
flgb	109	98.0	3	4	1	33.33	9	CONCAT,flgd,flgg,flgi,flgk,flid,flip,flir	Malaciobacter halophilus; Malaciobacter mytili; Malaciobacter marinus	Malaciobacter molluscorum	GCF_002837275.1,GCF_003346775.1,GCF_003544855.1
flgi	260	97.0	3	4	1	33.33	9	CONCAT,flgb,flgd,flgg,flgk,flid,flip,flir	Malaciobacter halophilus; Malaciobacter mytili; Malaciobacter marinus	Malaciobacter molluscorum	GCF_002837275.1,GCF_003346775.1,GCF_003544855.1
flga	177	100.0	3	4	1	9.09	8	CONCAT,flgk,flhf,flia,flid,flii,flis	Campylobacter pinnipediorum; Campylobacter gastrosuis; Campylobacter majalis	Campylobacter mucosalis	GCF_002021925.1,GCF_030249845.1,GCF_905120465.1
flgk	490	100.0	3	4	1	9.09	8	CONCAT,flga,flhf,flia,flid,flii,flis	Campylobacter pinnipediorum; Campylobacter gastrosuis; Campylobacter majalis	Campylobacter mucosalis	GCF_002021925.1,GCF_030249845.1,GCF_905120465.1
flha	554	100.0	3	4	1	18.18	8	CONCAT,flag,flga,flhb,flig,flip,fliq	Nitrosophilus labii; Nitrosophilus alvini; Nitrosophilus kaiyonis	Nitratiruptor tergarcus	GCF_014466985.1,GCF_015100395.1,GCF_027943725.1
flhf	311	100.0	3	4	1	9.09	8	CONCAT,flga,flgk,flia,flid,flii,flis	Campylobacter pinnipediorum; Campylobacter gastrosuis; Campylobacter majalis	Campylobacter mucosalis	GCF_002021925.1,GCF_030249845.1,GCF_905120465.1
flig	341	100.0	3	4	1	18.18	8	CONCAT,flag,flga,flha,flhb,flip,fliq	Nitrosophilus labii; Nitrosophilus alvini; Nitrosophilus kaiyonis	Nitratiruptor tergarcus	GCF_014466985.1,GCF_015100395.1,GCF_027943725.1
flii	428	100.0	3	4	1	9.09	8	CONCAT,flga,flgk,flhf,flia,flid,flis	Campylobacter pinnipediorum; Campylobacter gastrosuis; Campylobacter majalis	Campylobacter mucosalis	GCF_002021925.1,GCF_030249845.1,GCF_905120465.1
fliq	86	100.0	3	4	1	18.18	8	CONCAT,flag,flga,flha,flhb,flig,flip	Nitrosophilus labii; Nitrosophilus alvini; Nitrosophilus kaiyonis	Nitratiruptor tergarcus	GCF_014466985.1,GCF_015100395.1,GCF_027943725.1
CONCAT	None	100.0	3	4	1	18.18	8	flag,flga,flha,flhb,flig,flip,fliq	Nitrosophilus labii; Nitrosophilus alvini; Nitrosophilus kaiyonis	Nitratiruptor tergarcus	GCF_014466985.1,GCF_015100395.1,GCF_027943725.1
CONCAT	None	100.0	3	4	1	9.09	8	flga,flgk,flhf,flia,flid,flii,flis	Campylobacter pinnipediorum; Campylobacter gastrosuis; Campylobacter majalis	Campylobacter mucosalis	GCF_002021925.1,GCF_030249845.1,GCF_905120465.1
flag	63	99.0	3	4	1	18.18	8	CONCAT,flga,flha,flhb,flig,flip,fliq	Nitrosophilus labii; Nitrosophilus alvini; Nitrosophilus kaiyonis	Nitratiruptor tergarcus	GCF_014466985.1,GCF_015100395.1,GCF_027943725.1
flga	177	99.0	3	4	1	18.18	8	CONCAT,flag,flha,flhb,flig,flip,fliq	Nitrosophilus labii; Nitrosophilus alvini; Nitrosophilus kaiyonis	Nitratiruptor tergarcus	GCF_014466985.1,GCF_015100395.1,GCF_027943725.1
flhb	302	99.0	3	4	1	18.18	8	CONCAT,flag,flga,flha,flig,flip,fliq	Nitrosophilus labii; Nitrosophilus alvini; Nitrosophilus kaiyonis	Nitratiruptor tergarcus	GCF_014466985.1,GCF_015100395.1,GCF_027943725.1
flid	590	99.0	3	4	1	9.09	8	CONCAT,flga,flgk,flhf,flia,flii,flis	Campylobacter pinnipediorum; Campylobacter gastrosuis; Campylobacter majalis	Campylobacter mucosalis	GCF_002021925.1,GCF_030249845.1,GCF_905120465.1
flip	243	99.0	3	4	1	18.18	8	CONCAT,flag,flga,flha,flhb,flig,fliq	Nitrosophilus labii; Nitrosophilus alvini; Nitrosophilus kaiyonis	Nitratiruptor tergarcus	GCF_014466985.1,GCF_015100395.1,GCF_027943725.1
flis	110	99.0	3	4	1	9.09	8	CONCAT,flga,flgk,flhf,flia,flid,flii	Campylobacter pinnipediorum; Campylobacter gastrosuis; Campylobacter majalis	Campylobacter mucosalis	GCF_002021925.1,GCF_030249845.1,GCF_905120465.1
flia	223	98.0	3	4	1	9.09	8	CONCAT,flga,flgk,flhf,flid,flii,flis	Campylobacter pinnipediorum; Campylobacter gastrosuis; Campylobacter majalis	Campylobacter mucosalis	GCF_002021925.1,GCF_030249845.1,GCF_905120465.1
flgg	262	100.0	9	12	1	16.67	7	CONCAT,flgj,flgk,flgl,flif,flig	Arcobacter lacus; Aliarcobacter vitoriensis; Aliarcobacter trophiarum; Aliarcobacter skirrowii; Aliarcobacter cryaerophilus; Aliarcobacter thereius; Arcobacter porcinus; Aliarcobacter lanthieri; Aliarcobacter butzleri	Aliarcobacter faecis; Aliarcobacter cibarius; Arcobacter vandammei	GCF_003063295.1,GCF_003316695.1,GCF_003355515.1,GCF_003544835.1,GCF_003660105.1,GCF_004214815.1,GCF_004299785.2,GCF_013201625.1,GCF_900187115.1
flgj	74	100.0	9	12	1	16.67	7	CONCAT,flgg,flgk,flgl,flif,flig	Arcobacter lacus; Aliarcobacter vitoriensis; Aliarcobacter trophiarum; Aliarcobacter skirrowii; Aliarcobacter cryaerophilus; Aliarcobacter thereius; Arcobacter porcinus; Aliarcobacter lanthieri; Aliarcobacter butzleri	Aliarcobacter faecis; Aliarcobacter cibarius; Arcobacter vandammei	GCF_003063295.1,GCF_003316695.1,GCF_003355515.1,GCF_003544835.1,GCF_003660105.1,GCF_004214815.1,GCF_004299785.2,GCF_013201625.1,GCF_900187115.1
flgk	490	100.0	9	12	1	16.67	7	CONCAT,flgg,flgj,flgl,flif,flig	Arcobacter lacus; Aliarcobacter vitoriensis; Aliarcobacter trophiarum; Aliarcobacter skirrowii; Aliarcobacter cryaerophilus; Aliarcobacter thereius; Arcobacter porcinus; Aliarcobacter lanthieri; Aliarcobacter butzleri	Aliarcobacter faecis; Aliarcobacter cibarius; Arcobacter vandammei	GCF_003063295.1,GCF_003316695.1,GCF_003355515.1,GCF_003544835.1,GCF_003660105.1,GCF_004214815.1,GCF_004299785.2,GCF_013201625.1,GCF_900187115.1
flif	501	100.0	9	12	1	16.67	7	CONCAT,flgg,flgj,flgk,flgl,flig	Arcobacter lacus; Aliarcobacter vitoriensis; Aliarcobacter trophiarum; Aliarcobacter skirrowii; Aliarcobacter cryaerophilus; Aliarcobacter thereius; Arcobacter porcinus; Aliarcobacter lanthieri; Aliarcobacter butzleri	Aliarcobacter faecis; Aliarcobacter cibarius; Arcobacter vandammei	GCF_003063295.1,GCF_003316695.1,GCF_003355515.1,GCF_003544835.1,GCF_003660105.1,GCF_004214815.1,GCF_004299785.2,GCF_013201625.1,GCF_900187115.1
flig	341	100.0	9	12	1	16.67	7	CONCAT,flgg,flgj,flgk,flgl,flif	Arcobacter lacus; Aliarcobacter vitoriensis; Aliarcobacter trophiarum; Aliarcobacter skirrowii; Aliarcobacter cryaerophilus; Aliarcobacter thereius; Arcobacter porcinus; Aliarcobacter lanthieri; Aliarcobacter butzleri	Aliarcobacter faecis; Aliarcobacter cibarius; Arcobacter vandammei	GCF_003063295.1,GCF_003316695.1,GCF_003355515.1,GCF_003544835.1,GCF_003660105.1,GCF_004214815.1,GCF_004299785.2,GCF_013201625.1,GCF_900187115.1
CONCAT	None	100.0	9	12	1	16.67	7	flgg,flgj,flgk,flgl,flif,flig	Arcobacter lacus; Aliarcobacter vitoriensis; Aliarcobacter trophiarum; Aliarcobacter skirrowii; Aliarcobacter cryaerophilus; Aliarcobacter thereius; Arcobacter porcinus; Aliarcobacter lanthieri; Aliarcobacter butzleri	Aliarcobacter faecis; Aliarcobacter cibarius; Arcobacter vandammei	GCF_003063295.1,GCF_003316695.1,GCF_003355515.1,GCF_003544835.1,GCF_003660105.1,GCF_004214815.1,GCF_004299785.2,GCF_013201625.1,GCF_900187115.1
flgl	299	97.0	9	12	1	16.67	7	CONCAT,flgg,flgj,flgk,flif,flig	Arcobacter lacus; Aliarcobacter vitoriensis; Aliarcobacter trophiarum; Aliarcobacter skirrowii; Aliarcobacter cryaerophilus; Aliarcobacter thereius; Arcobacter porcinus; Aliarcobacter lanthieri; Aliarcobacter butzleri	Aliarcobacter faecis; Aliarcobacter cibarius; Arcobacter vandammei	GCF_003063295.1,GCF_003316695.1,GCF_003355515.1,GCF_003544835.1,GCF_003660105.1,GCF_004214815.1,GCF_004299785.2,GCF_013201625.1,GCF_900187115.1
chev	312	100.0	2	4	1	38.71	7	flgr,flha,flhb,flih,fliq,flir	Helicobacter felis; Helicobacter salomonis	Helicobacter labacensis; Helicobacter vulpis	GCF_000200595.1,GCF_017979425.1
flha	554	100.0	2	4	1	38.71	7	chev,flgr,flhb,flih,fliq,flir	Helicobacter felis; Helicobacter salomonis	Helicobacter labacensis; Helicobacter vulpis	GCF_000200595.1,GCF_017979425.1
flhb	302	100.0	2	4	1	38.71	7	chev,flgr,flha,flih,fliq,flir	Helicobacter felis; Helicobacter salomonis	Helicobacter labacensis; Helicobacter vulpis	GCF_000200595.1,GCF_017979425.1
fliq	86	100.0	2	4	1	38.71	7	chev,flgr,flha,flhb,flih,flir	Helicobacter felis; Helicobacter salomonis	Helicobacter labacensis; Helicobacter vulpis	GCF_000200595.1,GCF_017979425.1
flir	194	99.0	2	4	1	38.71	7	chev,flgr,flha,flhb,flih,fliq	Helicobacter felis; Helicobacter salomonis	Helicobacter labacensis; Helicobacter vulpis	GCF_000200595.1,GCF_017979425.1
flih	150	98.0	2	4	1	38.71	7	chev,flgr,flha,flhb,fliq,flir	Helicobacter felis; Helicobacter salomonis	Helicobacter labacensis; Helicobacter vulpis	GCF_000200595.1,GCF_017979425.1
flgr	429	95.0	2	4	1	38.71	7	chev,flha,flhb,flih,fliq,flir	Helicobacter felis; Helicobacter salomonis	Helicobacter labacensis; Helicobacter vulpis	GCF_000200595.1,GCF_017979425.1
flgi	260	100.0	8	153	4	0.0	6	flgg,flgh,flif,flir,flis	Hippea maritima; Hippea alviniae; Hippea jasoniae; Desulfurella amilsii; Nitrosophilus labii; Nitrosophilus alvini; Nitrosophilus kaiyonis; Nitratiruptor tergarcus	145 genomes	GCF_000194135.1,GCF_000420385.1,GCF_000744435.1,GCF_002119425.1,GCF_014466985.1,GCF_015100395.1,GCF_027943725.1,GCF_027946175.1
flir	194	100.0	8	153	4	0.0	6	flgg,flgh,flgi,flif,flis	Hippea maritima; Hippea alviniae; Hippea jasoniae; Desulfurella amilsii; Nitrosophilus labii; Nitrosophilus alvini; Nitrosophilus kaiyonis; Nitratiruptor tergarcus	145 genomes	GCF_000194135.1,GCF_000420385.1,GCF_000744435.1,GCF_002119425.1,GCF_014466985.1,GCF_015100395.1,GCF_027943725.1,GCF_027946175.1
flif	501	99.0	8	153	4	0.0	6	flgg,flgh,flgi,flir,flis	Hippea maritima; Hippea alviniae; Hippea jasoniae; Desulfurella amilsii; Nitrosophilus labii; Nitrosophilus alvini; Nitrosophilus kaiyonis; Nitratiruptor tergarcus	145 genomes	GCF_000194135.1,GCF_000420385.1,GCF_000744435.1,GCF_002119425.1,GCF_014466985.1,GCF_015100395.1,GCF_027943725.1,GCF_027946175.1
flis	110	95.0	8	153	4	0.0	6	flgg,flgh,flgi,flif,flir	Hippea maritima; Hippea alviniae; Hippea jasoniae; Desulfurella amilsii; Nitrosophilus labii; Nitrosophilus alvini; Nitrosophilus kaiyonis; Nitratiruptor tergarcus	145 genomes	GCF_000194135.1,GCF_000420385.1,GCF_000744435.1,GCF_002119425.1,GCF_014466985.1,GCF_015100395.1,GCF_027943725.1,GCF_027946175.1
flgg	262	100.0	8	152	4	0.0	6	flgh,flgi,flif,flir,flis	Hippea maritima; Hippea alviniae; Hippea jasoniae; Desulfurella amilsii; Nitrosophilus labii; Nitrosophilus alvini; Nitrosophilus kaiyonis; Nitratiruptor tergarcus	144 genomes	GCF_000194135.1,GCF_000420385.1,GCF_000744435.1,GCF_002119425.1,GCF_014466985.1,GCF_015100395.1,GCF_027943725.1,GCF_027946175.1
flgh	173	100.0	8	151	4	0.0	6	flgg,flgi,flif,flir,flis	Hippea maritima; Hippea alviniae; Hippea jasoniae; Desulfurella amilsii; Nitrosophilus labii; Nitrosophilus alvini; Nitrosophilus kaiyonis; Nitratiruptor tergarcus	143 genomes	GCF_000194135.1,GCF_000420385.1,GCF_000744435.1,GCF_002119425.1,GCF_014466985.1,GCF_015100395.1,GCF_027943725.1,GCF_027946175.1
flgg	262	100.0	2	8	1	8.82	6	flgl,flhb,flid,flih,flim	Helicobacter valdiviensis; Helicobacter ibis	6 genomes	GCF_003245365.1,GCF_027859255.1
flgl	299	100.0	2	8	1	8.82	6	flgg,flhb,flid,flih,flim	Helicobacter valdiviensis; Helicobacter ibis	6 genomes	GCF_003245365.1,GCF_027859255.1
flhb	302	100.0	2	8	1	8.82	6	flgg,flgl,flid,flih,flim	Helicobacter valdiviensis; Helicobacter ibis	6 genomes	GCF_003245365.1,GCF_027859255.1
flid	590	100.0	2	8	1	8.82	6	flgg,flgl,flhb,flih,flim	Helicobacter valdiviensis; Helicobacter ibis	6 genomes	GCF_003245365.1,GCF_027859255.1
flih	150	95.0	2	8	1	8.82	6	flgg,flgl,flhb,flid,flim	Helicobacter valdiviensis; Helicobacter ibis	6 genomes	GCF_003245365.1,GCF_027859255.1
flim	303	95.0	2	8	1	8.82	6	flgg,flgl,flhb,flid,flih	Helicobacter valdiviensis; Helicobacter ibis	6 genomes	GCF_003245365.1,GCF_027859255.1
flgd	154	100.0	4	8	1	25.81	6	CONCAT,flga,flgj,flid,flir	Helicobacter ailurogastricus; Helicobacter heilmannii; Helicobacter mehlei; Helicobacter suis	Helicobacter felis; Helicobacter labacensis; Helicobacter vulpis; Helicobacter salomonis	GCF_001282945.1,GCF_001283065.1,GCF_003660265.1,GCF_026000295.1
flir	194	100.0	4	8	1	25.81	6	CONCAT,flga,flgd,flgj,flid	Helicobacter ailurogastricus; Helicobacter heilmannii; Helicobacter mehlei; Helicobacter suis	Helicobacter felis; Helicobacter labacensis; Helicobacter vulpis; Helicobacter salomonis	GCF_001282945.1,GCF_001283065.1,GCF_003660265.1,GCF_026000295.1
flga	177	99.0	4	8	1	25.81	6	CONCAT,flgd,flgj,flid,flir	Helicobacter ailurogastricus; Helicobacter heilmannii; Helicobacter mehlei; Helicobacter suis	Helicobacter felis; Helicobacter labacensis; Helicobacter vulpis; Helicobacter salomonis	GCF_001282945.1,GCF_001283065.1,GCF_003660265.1,GCF_026000295.1
flgj	74	99.0	4	8	1	25.81	6	CONCAT,flga,flgd,flid,flir	Helicobacter ailurogastricus; Helicobacter heilmannii; Helicobacter mehlei; Helicobacter suis	Helicobacter felis; Helicobacter labacensis; Helicobacter vulpis; Helicobacter salomonis	GCF_001282945.1,GCF_001283065.1,GCF_003660265.1,GCF_026000295.1
flid	590	99.0	4	8	1	25.81	6	CONCAT,flga,flgd,flgj,flir	Helicobacter ailurogastricus; Helicobacter heilmannii; Helicobacter mehlei; Helicobacter suis	Helicobacter felis; Helicobacter labacensis; Helicobacter vulpis; Helicobacter salomonis	GCF_001282945.1,GCF_001283065.1,GCF_003660265.1,GCF_026000295.1
CONCAT	None	98.0	4	8	1	25.81	6	flga,flgd,flgj,flid,flir	Helicobacter ailurogastricus; Helicobacter heilmannii; Helicobacter mehlei; Helicobacter suis	Helicobacter felis; Helicobacter labacensis; Helicobacter vulpis; Helicobacter salomonis	GCF_001282945.1,GCF_001283065.1,GCF_003660265.1,GCF_026000295.1
flgd	154	100.0	2	3	1	43.75	6	chea,flgc,flha,flip,flir	Campylobacter showae; Campylobacter massiliensis	Campylobacter rectus	GCF_004803815.1,GCF_014253065.1
flha	554	100.0	2	3	1	43.75	6	chea,flgc,flgd,flip,flir	Campylobacter showae; Campylobacter massiliensis	Campylobacter rectus	GCF_004803815.1,GCF_014253065.1
flir	194	100.0	2	3	1	43.75	6	chea,flgc,flgd,flha,flip	Campylobacter showae; Campylobacter massiliensis	Campylobacter rectus	GCF_004803815.1,GCF_014253065.1
chea	781	99.0	2	3	1	43.75	6	flgc,flgd,flha,flip,flir	Campylobacter showae; Campylobacter massiliensis	Campylobacter rectus	GCF_004803815.1,GCF_014253065.1
flgc	164	99.0	2	3	1	43.75	6	chea,flgd,flha,flip,flir	Campylobacter showae; Campylobacter massiliensis	Campylobacter rectus	GCF_004803815.1,GCF_014253065.1
flip	243	95.0	2	3	1	43.75	6	chea,flgc,flgd,flha,flir	Campylobacter showae; Campylobacter massiliensis	Campylobacter rectus	GCF_004803815.1,GCF_014253065.1
pflb	600	100.0	7	12	3	0.0	5	CONCAT,flgb,flia,flih	Sulfurimonas autotrophica; Sulfurimonas hydrogeniphila; Sulfurimonas indica; Sulfurimonas marina; Sulfurimonas sediminis; Sulfurimonas paralvinellae; Sulfurimonas aquatica	Sulfurimonas gotlandica; Sulfurimonas hongkongensis; Sulfurimonas lithotrophica; Sulfurimonas baltica; Sulfurimonas marisnigri	GCF_000147355.1,GCF_009068765.1,GCF_009192995.1,GCF_014905095.1,GCF_014905115.1,GCF_014905135.1,GCF_017357825.1
CONCAT	None	100.0	7	12	3	0.0	5	flgb,flia,flih,pflb	Sulfurimonas autotrophica; Sulfurimonas hydrogeniphila; Sulfurimonas indica; Sulfurimonas marina; Sulfurimonas sediminis; Sulfurimonas paralvinellae; Sulfurimonas aquatica	Sulfurimonas gotlandica; Sulfurimonas hongkongensis; Sulfurimonas lithotrophica; Sulfurimonas baltica; Sulfurimonas marisnigri	GCF_000147355.1,GCF_009068765.1,GCF_009192995.1,GCF_014905095.1,GCF_014905115.1,GCF_014905135.1,GCF_017357825.1
flgb	109	99.0	7	12	3	0.0	5	CONCAT,flia,flih,pflb	Sulfurimonas autotrophica; Sulfurimonas hydrogeniphila; Sulfurimonas indica; Sulfurimonas marina; Sulfurimonas sediminis; Sulfurimonas paralvinellae; Sulfurimonas aquatica	Sulfurimonas gotlandica; Sulfurimonas hongkongensis; Sulfurimonas lithotrophica; Sulfurimonas baltica; Sulfurimonas marisnigri	GCF_000147355.1,GCF_009068765.1,GCF_009192995.1,GCF_014905095.1,GCF_014905115.1,GCF_014905135.1,GCF_017357825.1
flia	223	99.0	7	12	3	0.0	5	CONCAT,flgb,flih,pflb	Sulfurimonas autotrophica; Sulfurimonas hydrogeniphila; Sulfurimonas indica; Sulfurimonas marina; Sulfurimonas sediminis; Sulfurimonas paralvinellae; Sulfurimonas aquatica	Sulfurimonas gotlandica; Sulfurimonas hongkongensis; Sulfurimonas lithotrophica; Sulfurimonas baltica; Sulfurimonas marisnigri	GCF_000147355.1,GCF_009068765.1,GCF_009192995.1,GCF_014905095.1,GCF_014905115.1,GCF_014905135.1,GCF_017357825.1
flih	150	97.0	7	12	3	0.0	5	CONCAT,flgb,flia,pflb	Sulfurimonas autotrophica; Sulfurimonas hydrogeniphila; Sulfurimonas indica; Sulfurimonas marina; Sulfurimonas sediminis; Sulfurimonas paralvinellae; Sulfurimonas aquatica	Sulfurimonas gotlandica; Sulfurimonas hongkongensis; Sulfurimonas lithotrophica; Sulfurimonas baltica; Sulfurimonas marisnigri	GCF_000147355.1,GCF_009068765.1,GCF_009192995.1,GCF_014905095.1,GCF_014905115.1,GCF_014905135.1,GCF_017357825.1
flag	63	100.0	4	7	3	9.09	5	flgh,flgk,flgl,flid	Sulfurospirillum deleyianum; Sulfurospirillum barnesii; Sulfurospirillum multivorans; Sulfurospirillum halorespirans	Sulfurospirillum cavolei; Sulfurospirillum diekertiae; Sulfurospirillum oryzae	GCF_000024885.1,GCF_000265295.1,GCF_000568815.1,GCF_001723605.1
flgk	490	99.0	4	7	3	9.09	5	flag,flgh,flgl,flid	Sulfurospirillum deleyianum; Sulfurospirillum barnesii; Sulfurospirillum multivorans; Sulfurospirillum halorespirans	Sulfurospirillum cavolei; Sulfurospirillum diekertiae; Sulfurospirillum oryzae	GCF_000024885.1,GCF_000265295.1,GCF_000568815.1,GCF_001723605.1
flgl	299	99.0	4	7	3	9.09	5	flag,flgh,flgk,flid	Sulfurospirillum deleyianum; Sulfurospirillum barnesii; Sulfurospirillum multivorans; Sulfurospirillum halorespirans	Sulfurospirillum cavolei; Sulfurospirillum diekertiae; Sulfurospirillum oryzae	GCF_000024885.1,GCF_000265295.1,GCF_000568815.1,GCF_001723605.1
flgh	173	95.0	4	7	3	9.09	5	flag,flgk,flgl,flid	Sulfurospirillum deleyianum; Sulfurospirillum barnesii; Sulfurospirillum multivorans; Sulfurospirillum halorespirans	Sulfurospirillum cavolei; Sulfurospirillum diekertiae; Sulfurospirillum oryzae	GCF_000024885.1,GCF_000265295.1,GCF_000568815.1,GCF_001723605.1
chev	312	100.0	2	4	2	9.09	5	chea,flgl,flif,pflb	Campylobacter ornithocola; Campylobacter armoricus	Campylobacter subantarcticus; Campylobacter lari	GCF_013201605.1,GCF_013372105.1
flga	177	100.0	2	4	1	43.33	5	flgi,flha,flif,flih	Nautilia profundicola; Lebetimonas natsushimae	Caminibacter pacificus; Caminibacter mediatlanticus	GCF_000021725.1,GCF_002335445.1
flgc	164	100.0	2	4	2	9.09	5	flgj,flha,flig,pflb	Campylobacter gastrosuis; Campylobacter majalis	Campylobacter pinnipediorum; Campylobacter mucosalis	GCF_030249845.1,GCF_905120465.1
flgl	299	100.0	2	4	2	9.09	5	chea,chev,flif,pflb	Campylobacter ornithocola; Campylobacter armoricus	Campylobacter subantarcticus; Campylobacter lari	GCF_013201605.1,GCF_013372105.1
flif	501	100.0	2	4	1	43.33	5	flga,flgi,flha,flih	Nautilia profundicola; Lebetimonas natsushimae	Caminibacter pacificus; Caminibacter mediatlanticus	GCF_000021725.1,GCF_002335445.1
flig	341	100.0	2	4	2	9.09	5	flgc,flgj,flha,pflb	Campylobacter gastrosuis; Campylobacter majalis	Campylobacter pinnipediorum; Campylobacter mucosalis	GCF_030249845.1,GCF_905120465.1
flih	150	100.0	2	4	1	43.33	5	flga,flgi,flha,flif	Nautilia profundicola; Lebetimonas natsushimae	Caminibacter pacificus; Caminibacter mediatlanticus	GCF_000021725.1,GCF_002335445.1
flgi	260	99.0	2	4	1	43.33	5	flga,flha,flif,flih	Nautilia profundicola; Lebetimonas natsushimae	Caminibacter pacificus; Caminibacter mediatlanticus	GCF_000021725.1,GCF_002335445.1
flha	554	99.0	2	4	2	9.09	5	flgc,flgj,flig,pflb	Campylobacter gastrosuis; Campylobacter majalis	Campylobacter pinnipediorum; Campylobacter mucosalis	GCF_030249845.1,GCF_905120465.1
flid	590	99.0	4	6	2	9.09	5	flag,flgh,flgk,flgl	Sulfurospirillum deleyianum; Sulfurospirillum barnesii; Sulfurospirillum multivorans; Sulfurospirillum halorespirans	Sulfurospirillum cavolei; Sulfurospirillum oryzae	GCF_000024885.1,GCF_000265295.1,GCF_000568815.1,GCF_001723605.1
flgj	74	98.0	2	4	2	9.09	5	flgc,flha,flig,pflb	Campylobacter gastrosuis; Campylobacter majalis	Campylobacter pinnipediorum; Campylobacter mucosalis	GCF_030249845.1,GCF_905120465.1
flif	501	98.0	2	4	2	9.09	5	chea,chev,flgl,pflb	Campylobacter ornithocola; Campylobacter armoricus	Campylobacter subantarcticus; Campylobacter lari	GCF_013201605.1,GCF_013372105.1
chea	781	97.0	2	4	2	9.09	5	chev,flgl,flif,pflb	Campylobacter ornithocola; Campylobacter armoricus	Campylobacter subantarcticus; Campylobacter lari	GCF_013201605.1,GCF_013372105.1
pflb	600	97.0	2	4	2	9.09	5	flgc,flgj,flha,flig	Campylobacter gastrosuis; Campylobacter majalis	Campylobacter pinnipediorum; Campylobacter mucosalis	GCF_030249845.1,GCF_905120465.1
flha	554	95.0	2	4	1	43.33	5	flga,flgi,flif,flih	Nautilia profundicola; Lebetimonas natsushimae	Caminibacter pacificus; Caminibacter mediatlanticus	GCF_000021725.1,GCF_002335445.1
flgg	262	100.0	2	3	1	33.33	5	CONCAT,flgc,flif,flin	Aliarcobacter faecis; Arcobacter vandammei	Aliarcobacter cibarius	GCF_013201705.1,GCF_016106035.1
flin	87	100.0	2	3	1	33.33	5	CONCAT,flgc,flgg,flif	Aliarcobacter faecis; Arcobacter vandammei	Aliarcobacter cibarius	GCF_013201705.1,GCF_016106035.1
flgc	164	99.0	2	3	1	33.33	5	CONCAT,flgg,flif,flin	Aliarcobacter faecis; Arcobacter vandammei	Aliarcobacter cibarius	GCF_013201705.1,GCF_016106035.1
pflb	600	98.0	2	3	1	21.21	5	chea,chev,flgl,flif	Campylobacter ornithocola; Campylobacter armoricus	Campylobacter subantarcticus	GCF_013201605.1,GCF_013372105.1
CONCAT	None	96.0	2	3	1	33.33	5	flgc,flgg,flif,flin	Aliarcobacter faecis; Arcobacter vandammei	Aliarcobacter cibarius	GCF_013201705.1,GCF_016106035.1
flif	501	95.0	2	3	1	33.33	5	CONCAT,flgc,flgg,flin	Aliarcobacter faecis; Arcobacter vandammei	Aliarcobacter cibarius	GCF_013201705.1,GCF_016106035.1
flir	194	100.0	9	49	1	12.12	4	flgs,flia,flil	Sulfurospirillum deleyianum; Sulfurospirillum barnesii; Sulfurospirillum multivorans; Sulfurospirillum arcachonense; Sulfurospirillum cavolei; Sulfurospirillum halorespirans; Sulfurospirillum diekertiae; Sulfurospirillum tamanense; Sulfurospirillum oryzae	40 genomes	GCF_000024885.1,GCF_000265295.1,GCF_000568815.1,GCF_000597725.1,GCF_000813325.1,GCF_001723605.1,GCF_011769985.2,GCF_016937535.1,GCF_025770725.1
flia	223	99.0	9	49	1	12.12	4	flgs,flil,flir	Sulfurospirillum deleyianum; Sulfurospirillum barnesii; Sulfurospirillum multivorans; Sulfurospirillum arcachonense; Sulfurospirillum cavolei; Sulfurospirillum halorespirans; Sulfurospirillum diekertiae; Sulfurospirillum tamanense; Sulfurospirillum oryzae	40 genomes	GCF_000024885.1,GCF_000265295.1,GCF_000568815.1,GCF_000597725.1,GCF_000813325.1,GCF_001723605.1,GCF_011769985.2,GCF_016937535.1,GCF_025770725.1
flil	126	100.0	9	48	1	None	4	flgs,flia,flir	Sulfurospirillum deleyianum; Sulfurospirillum barnesii; Sulfurospirillum multivorans; Sulfurospirillum arcachonense; Sulfurospirillum cavolei; Sulfurospirillum halorespirans; Sulfurospirillum diekertiae; Sulfurospirillum tamanense; Sulfurospirillum oryzae	39 genomes	GCF_000024885.1,GCF_000265295.1,GCF_000568815.1,GCF_000597725.1,GCF_000813325.1,GCF_001723605.1,GCF_011769985.2,GCF_016937535.1,GCF_025770725.1
flgs	270	95.0	9	46	1	None	4	flia,flil,flir	Sulfurospirillum deleyianum; Sulfurospirillum barnesii; Sulfurospirillum multivorans; Sulfurospirillum arcachonense; Sulfurospirillum cavolei; Sulfurospirillum halorespirans; Sulfurospirillum diekertiae; Sulfurospirillum tamanense; Sulfurospirillum oryzae	37 genomes	GCF_000024885.1,GCF_000265295.1,GCF_000568815.1,GCF_000597725.1,GCF_000813325.1,GCF_001723605.1,GCF_011769985.2,GCF_016937535.1,GCF_025770725.1
chea	781	97.0	3	10	1	15.15	4	flgs,flhf,flim	Campylobacter helveticus; Campylobacter cuniculorum; Campylobacter upsaliensis	7 genomes	GCF_002080395.1,GCF_002104335.1,GCF_900637395.1
flgs	270	96.0	3	10	1	15.15	4	chea,flhf,flim	Campylobacter helveticus; Campylobacter cuniculorum; Campylobacter upsaliensis	7 genomes	GCF_002080395.1,GCF_002104335.1,GCF_900637395.1
flim	303	95.0	3	10	1	15.15	4	chea,flgs,flhf	Campylobacter helveticus; Campylobacter cuniculorum; Campylobacter upsaliensis	7 genomes	GCF_002080395.1,GCF_002104335.1,GCF_900637395.1
flhf	311	99.0	3	9	1	None	4	chea,flgs,flim	Campylobacter helveticus; Campylobacter cuniculorum; Campylobacter upsaliensis	6 genomes	GCF_002080395.1,GCF_002104335.1,GCF_900637395.1
flip	243	100.0	4	7	1	40.0	4	flgb,flgc,flgi	Aliarcobacter vitoriensis; Aliarcobacter trophiarum; Aliarcobacter cryaerophilus; Aliarcobacter lanthieri	Aliarcobacter skirrowii; Aliarcobacter thereius; Arcobacter porcinus	GCF_003316695.1,GCF_003355515.1,GCF_003660105.1,GCF_013201625.1
flgb	109	99.0	4	7	1	40.0	4	flgc,flgi,flip	Aliarcobacter vitoriensis; Aliarcobacter trophiarum; Aliarcobacter cryaerophilus; Aliarcobacter lanthieri	Aliarcobacter skirrowii; Aliarcobacter thereius; Arcobacter porcinus	GCF_003316695.1,GCF_003355515.1,GCF_003660105.1,GCF_013201625.1
flgc	164	98.0	4	7	1	40.0	4	flgb,flgi,flip	Aliarcobacter vitoriensis; Aliarcobacter trophiarum; Aliarcobacter cryaerophilus; Aliarcobacter lanthieri	Aliarcobacter skirrowii; Aliarcobacter thereius; Arcobacter porcinus	GCF_003316695.1,GCF_003355515.1,GCF_003660105.1,GCF_013201625.1
flgi	260	98.0	4	7	1	40.0	4	flgb,flgc,flip	Aliarcobacter vitoriensis; Aliarcobacter trophiarum; Aliarcobacter cryaerophilus; Aliarcobacter lanthieri	Aliarcobacter skirrowii; Aliarcobacter thereius; Arcobacter porcinus	GCF_003316695.1,GCF_003355515.1,GCF_003660105.1,GCF_013201625.1
flid	590	100.0	2	4	2	29.41	4	flgg,flip,flis	Campylobacter devanensis; Campylobacter lanienae	Campylobacter porcelli; Campylobacter vicugnae	GCF_002139915.1,GCF_002139935.1
flip	243	100.0	2	4	2	29.41	4	flgg,flid,flis	Campylobacter devanensis; Campylobacter lanienae	Campylobacter porcelli; Campylobacter vicugnae	GCF_002139915.1,GCF_002139935.1
flis	110	100.0	2	4	2	29.41	4	flgg,flid,flip	Campylobacter devanensis; Campylobacter lanienae	Campylobacter porcelli; Campylobacter vicugnae	GCF_002139915.1,GCF_002139935.1
chea	781	99.0	5	7	1	17.65	4	chev,flhb,flig	Sulfurospirillum multivorans; Sulfurospirillum cavolei; Sulfurospirillum halorespirans; Sulfurospirillum diekertiae; Sulfurospirillum oryzae	Sulfurospirillum deleyianum; Sulfurospirillum barnesii	GCF_000568815.1,GCF_000813325.1,GCF_001723605.1,GCF_011769985.2,GCF_025770725.1
chev	312	98.0	5	7	1	17.65	4	chea,flhb,flig	Sulfurospirillum multivorans; Sulfurospirillum cavolei; Sulfurospirillum halorespirans; Sulfurospirillum diekertiae; Sulfurospirillum oryzae	Sulfurospirillum deleyianum; Sulfurospirillum barnesii	GCF_000568815.1,GCF_000813325.1,GCF_001723605.1,GCF_011769985.2,GCF_025770725.1
flig	341	98.0	5	7	1	17.65	4	chea,chev,flhb	Sulfurospirillum multivorans; Sulfurospirillum cavolei; Sulfurospirillum halorespirans; Sulfurospirillum diekertiae; Sulfurospirillum oryzae	Sulfurospirillum deleyianum; Sulfurospirillum barnesii	GCF_000568815.1,GCF_000813325.1,GCF_001723605.1,GCF_011769985.2,GCF_025770725.1
flhb	302	97.0	5	7	1	17.65	4	chea,chev,flig	Sulfurospirillum multivorans; Sulfurospirillum cavolei; Sulfurospirillum halorespirans; Sulfurospirillum diekertiae; Sulfurospirillum oryzae	Sulfurospirillum deleyianum; Sulfurospirillum barnesii	GCF_000568815.1,GCF_000813325.1,GCF_001723605.1,GCF_011769985.2,GCF_025770725.1
flgg	262	96.0	2	4	2	29.41	4	flid,flip,flis	Campylobacter devanensis; Campylobacter lanienae	Campylobacter porcelli; Campylobacter vicugnae	GCF_002139915.1,GCF_002139935.1
flag	63	100.0	2	3	1	21.21	4	CONCAT,flgr,flid	Campylobacter subantarcticus; Campylobacter lari	Campylobacter ornithocola	GCF_000816305.1,GCF_013372185.1
flgk	490	100.0	7	8	1	8.82	4	CONCAT,flip,pflb	Helicobacter canadensis; Helicobacter rodentium; Helicobacter pullorum; Helicobacter turcicus; Helicobacter colisuis; Helicobacter ibis; Helicobacter winghamensis	Helicobacter valdiviensis	GCF_000162575.1,GCF_000687535.1,GCF_017979475.1,GCF_019711685.1,GCF_023646285.1,GCF_027859255.1,GCF_028751035.1
flgr	429	100.0	2	3	1	21.21	4	CONCAT,flag,flid	Campylobacter subantarcticus; Campylobacter lari	Campylobacter ornithocola	GCF_000816305.1,GCF_013372185.1
flha	554	100.0	2	3	1	47.83	4	flhf,flig,flih	Hippea alviniae; Hippea jasoniae	Hippea maritima	GCF_000420385.1,GCF_000744435.1
flhb	302	100.0	2	3	1	33.33	4	flid,flig,flir	Aliarcobacter cibarius; Arcobacter vandammei	Aliarcobacter faecis	GCF_013372265.1,GCF_016106035.1
flid	590	100.0	2	3	1	33.33	4	flhb,flig,flir	Aliarcobacter cibarius; Arcobacter vandammei	Aliarcobacter faecis	GCF_013372265.1,GCF_016106035.1
flid	590	100.0	2	3	1	21.21	4	CONCAT,flag,flgr	Campylobacter subantarcticus; Campylobacter lari	Campylobacter ornithocola	GCF_000816305.1,GCF_013372185.1
flih	150	100.0	2	3	1	47.83	4	flha,flhf,flig	Hippea alviniae; Hippea jasoniae	Hippea maritima	GCF_000420385.1,GCF_000744435.1
pflb	600	100.0	7	8	1	8.82	4	CONCAT,flgk,flip	Helicobacter canadensis; Helicobacter rodentium; Helicobacter pullorum; Helicobacter turcicus; Helicobacter colisuis; Helicobacter ibis; Helicobacter winghamensis	Helicobacter valdiviensis	GCF_000162575.1,GCF_000687535.1,GCF_017979475.1,GCF_019711685.1,GCF_023646285.1,GCF_027859255.1,GCF_028751035.1
flhf	311	99.0	2	3	1	47.83	4	flha,flig,flih	Hippea alviniae; Hippea jasoniae	Hippea maritima	GCF_000420385.1,GCF_000744435.1
flip	243	99.0	7	8	1	8.82	4	CONCAT,flgk,pflb	Helicobacter canadensis; Helicobacter rodentium; Helicobacter pullorum; Helicobacter turcicus; Helicobacter colisuis; Helicobacter ibis; Helicobacter winghamensis	Helicobacter valdiviensis	GCF_000162575.1,GCF_000687535.1,GCF_017979475.1,GCF_019711685.1,GCF_023646285.1,GCF_027859255.1,GCF_028751035.1
flir	194	99.0	2	3	1	33.33	4	flhb,flid,flig	Aliarcobacter cibarius; Arcobacter vandammei	Aliarcobacter faecis	GCF_013372265.1,GCF_016106035.1
flig	341	98.0	2	3	1	33.33	4	flhb,flid,flir	Aliarcobacter cibarius; Arcobacter vandammei	Aliarcobacter faecis	GCF_013372265.1,GCF_016106035.1
flig	341	97.0	2	3	1	47.83	4	flha,flhf,flih	Hippea alviniae; Hippea jasoniae	Hippea maritima	GCF_000420385.1,GCF_000744435.1
CONCAT	None	97.0	2	3	1	21.21	4	flag,flgr,flid	Campylobacter subantarcticus; Campylobacter lari	Campylobacter ornithocola	GCF_000816305.1,GCF_013372185.1
CONCAT	None	96.0	7	8	1	8.82	4	flgk,flip,pflb	Helicobacter canadensis; Helicobacter rodentium; Helicobacter pullorum; Helicobacter turcicus; Helicobacter colisuis; Helicobacter ibis; Helicobacter winghamensis	Helicobacter valdiviensis	GCF_000162575.1,GCF_000687535.1,GCF_017979475.1,GCF_019711685.1,GCF_023646285.1,GCF_027859255.1,GCF_028751035.1
flif	501	99.0	2	8	2	8.82	3	flgj,flii	Campylobacter curvus; Campylobacter anatolicus	6 genomes	GCF_013372125.1,GCF_018145655.1
flii	428	99.0	2	8	2	8.82	3	flgj,flif	Campylobacter curvus; Campylobacter anatolicus	6 genomes	GCF_013372125.1,GCF_018145655.1
flgj	74	98.0	2	8	2	8.82	3	flif,flii	Campylobacter curvus; Campylobacter anatolicus	6 genomes	GCF_013372125.1,GCF_018145655.1
flif	501	100.0	4	8	2	8.82	3	flgc,fliy	Helicobacter rodentium; Helicobacter turcicus; Helicobacter ibis; Helicobacter winghamensis	Helicobacter canadensis; Helicobacter valdiviensis; Helicobacter pullorum; Helicobacter colisuis	GCF_000687535.1,GCF_019711685.1,GCF_027859255.1,GCF_028751035.1
fliy	194	100.0	4	8	2	8.82	3	flgc,flif	Helicobacter rodentium; Helicobacter turcicus; Helicobacter ibis; Helicobacter winghamensis	Helicobacter canadensis; Helicobacter valdiviensis; Helicobacter pullorum; Helicobacter colisuis	GCF_000687535.1,GCF_019711685.1,GCF_027859255.1,GCF_028751035.1
flgc	164	99.0	4	8	2	8.82	3	flif,fliy	Helicobacter rodentium; Helicobacter turcicus; Helicobacter ibis; Helicobacter winghamensis	Helicobacter canadensis; Helicobacter valdiviensis; Helicobacter pullorum; Helicobacter colisuis	GCF_000687535.1,GCF_019711685.1,GCF_027859255.1,GCF_028751035.1
flhb	302	99.0	3	7	2	8.33	3	flgb,flid	Arcobacter aquimarinus; Arcobacter defluvii; Arcobacter cloacae	Arcobacter caeni; Arcobacter suis; Arcobacter ellisii; Arcobacter venerupis	GCF_013177635.1,GCF_013201725.1,GCF_013201935.1
flgb	109	96.0	3	7	2	8.33	3	flhb,flid	Arcobacter aquimarinus; Arcobacter defluvii; Arcobacter cloacae	Arcobacter caeni; Arcobacter suis; Arcobacter ellisii; Arcobacter venerupis	GCF_013177635.1,GCF_013201725.1,GCF_013201935.1
flgd	154	100.0	4	7	1	26.47	3	chea,flgj	Helicobacter canadensis; Helicobacter valdiviensis; Helicobacter pullorum; Helicobacter colisuis	Helicobacter rodentium; Helicobacter turcicus; Helicobacter winghamensis	GCF_000162575.1,GCF_003245365.1,GCF_017979475.1,GCF_023646285.1
flid	590	100.0	3	6	1	39.39	3	flgi,flii	Sulfurimonas indica; Sulfurimonas marina; Sulfurimonas paralvinellae	Sulfurimonas autotrophica; Sulfurimonas hydrogeniphila; Sulfurimonas sediminis	GCF_009192995.1,GCF_014905095.1,GCF_014905135.1
flii	428	100.0	3	6	1	39.39	3	flgi,flid	Sulfurimonas indica; Sulfurimonas marina; Sulfurimonas paralvinellae	Sulfurimonas autotrophica; Sulfurimonas hydrogeniphila; Sulfurimonas sediminis	GCF_009192995.1,GCF_014905095.1,GCF_014905135.1
flgj	74	99.0	4	7	1	26.47	3	chea,flgd	Helicobacter canadensis; Helicobacter valdiviensis; Helicobacter pullorum; Helicobacter colisuis	Helicobacter rodentium; Helicobacter turcicus; Helicobacter winghamensis	GCF_000162575.1,GCF_003245365.1,GCF_017979475.1,GCF_023646285.1
flgi	260	98.0	3	6	1	39.39	3	flid,flii	Sulfurimonas indica; Sulfurimonas marina; Sulfurimonas paralvinellae	Sulfurimonas autotrophica; Sulfurimonas hydrogeniphila; Sulfurimonas sediminis	GCF_009192995.1,GCF_014905095.1,GCF_014905135.1
chea	781	96.0	4	7	1	26.47	3	flgd,flgj	Helicobacter canadensis; Helicobacter valdiviensis; Helicobacter pullorum; Helicobacter colisuis	Helicobacter rodentium; Helicobacter turcicus; Helicobacter winghamensis	GCF_000162575.1,GCF_003245365.1,GCF_017979475.1,GCF_023646285.1
flgc	164	100.0	3	5	1	21.21	3	flgr,flia	Helicobacter enhydrae; Helicobacter brantae; Helicobacter cholecystus	Helicobacter pametensis; Helicobacter kayseriensis	GCF_001693335.1,GCF_003364205.1,GCF_003364215.1
flgl	299	100.0	2	4	2	9.09	3	flgi,flil	Campylobacter pinnipediorum; Campylobacter gastrosuis	Campylobacter mucosalis; Campylobacter majalis	GCF_002021925.1,GCF_030249845.1
flha	554	100.0	2	4	1	33.33	3	flgj,flii	Malaciobacter mytili; Malaciobacter molluscorum	Malaciobacter halophilus; Malaciobacter marinus	GCF_003346775.1,GCF_003544935.1
flii	428	100.0	2	4	1	33.33	3	flgj,flha	Malaciobacter mytili; Malaciobacter molluscorum	Malaciobacter halophilus; Malaciobacter marinus	GCF_003346775.1,GCF_003544935.1
flii	428	100.0	3	5	2	6.06	3	flgg,flid	Helicobacter bilis; Helicobacter muridarum; Helicobacter trogontum	Helicobacter saguini; Helicobacter didelphidarum	GCF_000686565.1,GCF_000765805.2,GCF_000765905.2
flil	126	100.0	2	4	2	9.09	3	flgi,flgl	Campylobacter pinnipediorum; Campylobacter gastrosuis	Campylobacter mucosalis; Campylobacter majalis	GCF_002021925.1,GCF_030249845.1
flgj	74	99.0	2	4	1	33.33	3	flha,flii	Malaciobacter mytili; Malaciobacter molluscorum	Malaciobacter halophilus; Malaciobacter marinus	GCF_003346775.1,GCF_003544935.1
flia	223	99.0	3	5	1	21.21	3	flgc,flgr	Helicobacter enhydrae; Helicobacter brantae; Helicobacter cholecystus	Helicobacter pametensis; Helicobacter kayseriensis	GCF_001693335.1,GCF_003364205.1,GCF_003364215.1
flgg	262	98.0	3	5	2	6.06	3	flid,flii	Helicobacter bilis; Helicobacter muridarum; Helicobacter trogontum	Helicobacter saguini; Helicobacter didelphidarum	GCF_000686565.1,GCF_000765805.2,GCF_000765905.2
flid	590	98.0	3	5	2	6.06	3	flgg,flii	Helicobacter bilis; Helicobacter muridarum; Helicobacter trogontum	Helicobacter saguini; Helicobacter didelphidarum	GCF_000686565.1,GCF_000765805.2,GCF_000765905.2
flgi	260	97.0	2	4	2	9.09	3	flgl,flil	Campylobacter pinnipediorum; Campylobacter gastrosuis	Campylobacter mucosalis; Campylobacter majalis	GCF_002021925.1,GCF_030249845.1
flgl	299	97.0	3	5	1	35.29	3	flgs,flif	Helicobacter japonicus; Helicobacter jaachi; Helicobacter marmotae	Helicobacter cinaedi; Helicobacter labetoulli	GCF_000762845.2,GCF_000763135.2,GCF_003364255.1
flgs	270	97.0	3	5	1	35.29	3	flgl,flif	Helicobacter japonicus; Helicobacter jaachi; Helicobacter marmotae	Helicobacter cinaedi; Helicobacter labetoulli	GCF_000762845.2,GCF_000763135.2,GCF_003364255.1
flif	501	97.0	3	5	1	35.29	3	flgl,flgs	Helicobacter japonicus; Helicobacter jaachi; Helicobacter marmotae	Helicobacter cinaedi; Helicobacter labetoulli	GCF_000762845.2,GCF_000763135.2,GCF_003364255.1
flgr	429	95.0	3	5	1	21.21	3	flgc,flia	Helicobacter enhydrae; Helicobacter brantae; Helicobacter cholecystus	Helicobacter pametensis; Helicobacter kayseriensis	GCF_001693335.1,GCF_003364205.1,GCF_003364215.1
chev	312	100.0	4	5	1	57.58	3	flgh,flip	Helicobacter cinaedi; Helicobacter japonicus; Helicobacter jaachi; Helicobacter labetoulli	Helicobacter marmotae	GCF_000155475.1,GCF_000762845.2,GCF_000763135.2,GCF_003670275.1
flha	554	100.0	3	4	1	9.09	3	flhf,flii	Sulfurospirillum multivorans; Sulfurospirillum halorespirans; Sulfurospirillum diekertiae	Sulfurospirillum oryzae	GCF_000568815.1,GCF_001723605.1,GCF_011769985.2
flii	428	99.0	3	4	1	9.09	3	flha,flhf	Sulfurospirillum multivorans; Sulfurospirillum halorespirans; Sulfurospirillum diekertiae	Sulfurospirillum oryzae	GCF_000568815.1,GCF_001723605.1,GCF_011769985.2
flid	590	98.0	3	4	1	None	3	flgb,flhb	Arcobacter aquimarinus; Arcobacter defluvii; Arcobacter cloacae	Arcobacter caeni	GCF_013177635.1,GCF_013201725.1,GCF_013201935.1
flhf	311	97.0	3	4	1	9.09	3	flha,flii	Sulfurospirillum multivorans; Sulfurospirillum halorespirans; Sulfurospirillum diekertiae	Sulfurospirillum oryzae	GCF_000568815.1,GCF_001723605.1,GCF_011769985.2
flgh	173	96.0	4	5	1	57.58	3	chev,flip	Helicobacter cinaedi; Helicobacter japonicus; Helicobacter jaachi; Helicobacter labetoulli	Helicobacter marmotae	GCF_000155475.1,GCF_000762845.2,GCF_000763135.2,GCF_003670275.1
flip	243	96.0	4	5	1	57.58	3	chev,flgh	Helicobacter cinaedi; Helicobacter japonicus; Helicobacter jaachi; Helicobacter labetoulli	Helicobacter marmotae	GCF_000155475.1,GCF_000762845.2,GCF_000763135.2,GCF_003670275.1
flid	590	100.0	2	14	6	0.0	2	flis	Sulfurimonas denitrificans; Sulfurimonas hongkongensis	12 genomes	GCF_000012965.1,GCF_000445475.1
flis	110	99.0	2	14	6	0.0	2	flid	Sulfurimonas denitrificans; Sulfurimonas hongkongensis	12 genomes	GCF_000012965.1,GCF_000445475.1
flgc	164	99.0	6	14	4	0.0	2	flga	Sulfurimonas denitrificans; Sulfurimonas gotlandica; Sulfurimonas hongkongensis; Sulfurimonas crateris; Sulfurimonas baltica; Sulfurimonas marisnigri	8 genomes	GCF_000012965.1,GCF_000242915.1,GCF_000445475.1,GCF_005217605.1,GCF_015265455.1,GCF_015265475.1
flga	177	97.0	6	14	4	0.0	2	flgc	Sulfurimonas denitrificans; Sulfurimonas gotlandica; Sulfurimonas hongkongensis; Sulfurimonas crateris; Sulfurimonas baltica; Sulfurimonas marisnigri	8 genomes	GCF_000012965.1,GCF_000242915.1,GCF_000445475.1,GCF_005217605.1,GCF_015265455.1,GCF_015265475.1
flip	243	100.0	3	10	2	15.15	2	fliq	Campylobacter helveticus; Campylobacter novaezeelandiae; Campylobacter upsaliensis	7 genomes	GCF_002080395.1,GCF_004323845.1,GCF_900637395.1
fliq	86	95.0	3	10	2	15.15	2	flip	Campylobacter helveticus; Campylobacter novaezeelandiae; Campylobacter upsaliensis	7 genomes	GCF_002080395.1,GCF_004323845.1,GCF_900637395.1
flgb	109	100.0	2	8	2	8.82	2	flhf	Campylobacter concisus; Campylobacter anatolicus	6 genomes	GCF_001298465.1,GCF_018145655.1
flgg	262	100.0	2	7	3	14.71	2	flis	Campylobacter insulaenigrae; Campylobacter armoricus	Campylobacter subantarcticus; Campylobacter peloridis; Campylobacter volucris; Campylobacter ornithocola; Campylobacter lari	GCF_000816185.1,GCF_013372105.1
flis	110	100.0	2	7	3	14.71	2	flgg	Campylobacter insulaenigrae; Campylobacter armoricus	Campylobacter subantarcticus; Campylobacter peloridis; Campylobacter volucris; Campylobacter ornithocola; Campylobacter lari	GCF_000816185.1,GCF_013372105.1
flhf	311	99.0	2	7	1	8.82	2	flgb	Campylobacter concisus; Campylobacter anatolicus	Campylobacter pinnipediorum; Campylobacter mucosalis; Campylobacter gastrosuis; Campylobacter majalis; Campylobacter suis	GCF_001298465.1,GCF_018145655.1
flia	223	99.0	3	8	2	25.81	2	flig	Helicobacter ailurogastricus; Helicobacter heilmannii; Helicobacter mehlei	Helicobacter felis; Helicobacter labacensis; Helicobacter vulpis; Helicobacter salomonis; Helicobacter suis	GCF_001282945.1,GCF_001283065.1,GCF_003660265.1
flig	341	97.0	3	8	2	25.81	2	flia	Helicobacter ailurogastricus; Helicobacter heilmannii; Helicobacter mehlei	Helicobacter felis; Helicobacter labacensis; Helicobacter vulpis; Helicobacter salomonis; Helicobacter suis	GCF_001282945.1,GCF_001283065.1,GCF_003660265.1
flig	341	97.0	3	8	3	8.82	2	flie	Helicobacter turcicus; Helicobacter ibis; Helicobacter winghamensis	Helicobacter canadensis; Helicobacter rodentium; Helicobacter valdiviensis; Helicobacter pullorum; Helicobacter colisuis	GCF_019711685.1,GCF_027859255.1,GCF_028751035.1
flie	67	96.0	3	8	3	8.82	2	flig	Helicobacter turcicus; Helicobacter ibis; Helicobacter winghamensis	Helicobacter canadensis; Helicobacter rodentium; Helicobacter valdiviensis; Helicobacter pullorum; Helicobacter colisuis	GCF_019711685.1,GCF_027859255.1,GCF_028751035.1
chev	312	100.0	3	7	1	23.53	2	flil	Campylobacter insulaenigrae; Campylobacter peloridis; Campylobacter volucris	Campylobacter subantarcticus; Campylobacter ornithocola; Campylobacter armoricus; Campylobacter lari	GCF_000816185.1,GCF_000816785.1,GCF_008245045.1
flgi	260	100.0	2	6	2	26.47	2	flis	Campylobacter coli; Campylobacter jejuni	Campylobacter hepaticus; Campylobacter aviculae; Campylobacter taeniopygiae; Campylobacter bilis	GCF_000254135.1,GCF_001457695.1
flil	126	98.0	3	7	1	23.53	2	chev	Campylobacter insulaenigrae; Campylobacter peloridis; Campylobacter volucris	Campylobacter subantarcticus; Campylobacter ornithocola; Campylobacter armoricus; Campylobacter lari	GCF_000816185.1,GCF_000816785.1,GCF_008245045.1
flis	110	98.0	2	6	2	26.47	2	flgi	Campylobacter coli; Campylobacter jejuni	Campylobacter hepaticus; Campylobacter aviculae; Campylobacter taeniopygiae; Campylobacter bilis	GCF_000254135.1,GCF_001457695.1
flig	341	100.0	2	5	3	9.09	2	flgs	Campylobacter subantarcticus; Campylobacter peloridis	Campylobacter ornithocola; Campylobacter armoricus; Campylobacter lari	GCF_000816305.1,GCF_000816785.1
flgd	154	99.0	3	6	2	0.0	2	chea	Sulfurimonas gotlandica; Sulfurimonas hongkongensis; Sulfurimonas lithotrophica	Sulfurimonas baltica; Sulfurimonas marisnigri; Sulfurimonas aquatica	GCF_000242915.1,GCF_000445475.1,GCF_009258225.1
chea	781	97.0	3	6	2	0.0	2	flgd	Sulfurimonas gotlandica; Sulfurimonas hongkongensis; Sulfurimonas lithotrophica	Sulfurimonas baltica; Sulfurimonas marisnigri; Sulfurimonas aquatica	GCF_000242915.1,GCF_000445475.1,GCF_009258225.1
flgs	270	97.0	2	5	3	9.09	2	flig	Campylobacter subantarcticus; Campylobacter peloridis	Campylobacter ornithocola; Campylobacter armoricus; Campylobacter lari	GCF_000816305.1,GCF_000816785.1
chev	312	100.0	4	6	1	26.47	2	flgk	Campylobacter coli; Campylobacter jejuni; Campylobacter hepaticus; Campylobacter bilis	Campylobacter aviculae; Campylobacter taeniopygiae	GCF_000254135.1,GCF_001457695.1,GCF_001687475.2,GCF_016806695.1
flgl	299	100.0	2	4	2	18.18	2	flie	Nitrosophilus alvini; Nitrosophilus kaiyonis	Nitrosophilus labii; Nitratiruptor tergarcus	GCF_015100395.1,GCF_027943725.1
flid	590	100.0	2	4	2	18.18	2	flgk	Nitrosophilus labii; Nitrosophilus alvini	Nitrosophilus kaiyonis; Nitratiruptor tergarcus	GCF_014466985.1,GCF_015100395.1
flie	67	100.0	2	4	2	18.18	2	flgl	Nitrosophilus alvini; Nitrosophilus kaiyonis	Nitrosophilus labii; Nitratiruptor tergarcus	GCF_015100395.1,GCF_027943725.1
flig	341	100.0	3	5	2	6.06	2	flin	Helicobacter saguini; Helicobacter muridarum; Helicobacter didelphidarum	Helicobacter bilis; Helicobacter trogontum	GCF_000762875.2,GCF_000765805.2,GCF_003364195.1
flih	150	100.0	3	5	2	21.21	2	flgd	Helicobacter pametensis; Helicobacter brantae; Helicobacter kayseriensis	Helicobacter enhydrae; Helicobacter cholecystus	GCF_000518225.1,GCF_003364205.1,GCF_021300655.1
flgk	490	99.0	2	4	2	18.18	2	flid	Nitrosophilus labii; Nitrosophilus alvini	Nitrosophilus kaiyonis; Nitratiruptor tergarcus	GCF_014466985.1,GCF_015100395.1
flgb	109	98.0	2	4	1	18.18	2	flgc	Nitrosophilus alvini; Nitratiruptor tergarcus	Nitrosophilus labii; Nitrosophilus kaiyonis	GCF_015100395.1,GCF_027946175.1
flin	87	97.0	3	5	2	6.06	2	flig	Helicobacter saguini; Helicobacter muridarum; Helicobacter didelphidarum	Helicobacter bilis; Helicobacter trogontum	GCF_000762875.2,GCF_000765805.2,GCF_003364195.1
flgc	164	95.0	2	4	1	18.18	2	flgb	Nitrosophilus alvini; Nitratiruptor tergarcus	Nitrosophilus labii; Nitrosophilus kaiyonis	GCF_015100395.1,GCF_027946175.1
chev	312	100.0	2	3	1	5.88	2	flgc	Campylobacter hyointestinalis; Campylobacter fetus	Campylobacter iguaniorum	GCF_013372145.1,GCF_900475935.1
flgi	260	100.0	2	3	1	43.75	2	flis	Campylobacter rectus; Campylobacter showae	Campylobacter massiliensis	GCF_004803795.1,GCF_004803815.1
flgl	299	100.0	3	4	2	29.41	2	chev	Campylobacter porcelli; Campylobacter devanensis; Campylobacter lanienae	Campylobacter vicugnae	GCF_002139855.1,GCF_002139915.1,GCF_002139935.1
flil	126	100.0	3	4	2	29.41	2	flgb	Campylobacter porcelli; Campylobacter vicugnae; Campylobacter lanienae	Campylobacter devanensis	GCF_002139855.1,GCF_002139875.1,GCF_002139935.1
flim	303	100.0	2	3	1	70.0	2	flii	Arcobacter caeni; Arcobacter venerupis	Arcobacter suis	GCF_003063245.1,GCF_013201665.1
flis	110	100.0	2	3	1	43.75	2	flgi	Campylobacter rectus; Campylobacter showae	Campylobacter massiliensis	GCF_004803795.1,GCF_004803815.1
chev	312	99.0	3	4	2	29.41	2	flgl	Campylobacter porcelli; Campylobacter devanensis; Campylobacter lanienae	Campylobacter vicugnae	GCF_002139855.1,GCF_002139915.1,GCF_002139935.1
flgb	109	99.0	3	4	2	29.41	2	flil	Campylobacter porcelli; Campylobacter vicugnae; Campylobacter lanienae	Campylobacter devanensis	GCF_002139855.1,GCF_002139875.1,GCF_002139935.1
flgc	164	99.0	2	3	1	47.83	2	flgk	Hippea maritima; Hippea jasoniae	Hippea alviniae	GCF_000194135.1,GCF_000744435.1
flgd	154	99.0	3	4	1	21.21	2	flih	Helicobacter pametensis; Helicobacter brantae; Helicobacter kayseriensis	Helicobacter enhydrae	GCF_000518225.1,GCF_003364205.1,GCF_021300655.1
flia	223	99.0	2	3	1	80.65	2	flga	Helicobacter anseris; Helicobacter anatolicus	Helicobacter mustelae	GCF_003364335.1,GCF_021300615.1
flii	428	99.0	2	3	1	70.0	2	flim	Arcobacter caeni; Arcobacter venerupis	Arcobacter suis	GCF_003063245.1,GCF_013201665.1
flgc	164	98.0	2	3	1	5.88	2	chev	Campylobacter hyointestinalis; Campylobacter fetus	Campylobacter iguaniorum	GCF_013372145.1,GCF_900475935.1
flgk	490	98.0	4	5	1	None	2	chev	Campylobacter coli; Campylobacter jejuni; Campylobacter hepaticus; Campylobacter bilis	Campylobacter aviculae	GCF_000254135.1,GCF_001457695.1,GCF_001687475.2,GCF_016806695.1
flid	590	98.0	2	3	1	35.29	2	flis	Campylobacter porcelli; Campylobacter vicugnae	Campylobacter devanensis	GCF_002139855.1,GCF_002139875.1
flis	110	98.0	2	3	1	35.29	2	flid	Campylobacter porcelli; Campylobacter vicugnae	Campylobacter devanensis	GCF_002139855.1,GCF_002139875.1
flga	177	97.0	2	3	1	80.65	2	flia	Helicobacter anseris; Helicobacter anatolicus	Helicobacter mustelae	GCF_003364335.1,GCF_021300615.1
flgk	490	97.0	2	3	1	47.83	2	flgc	Hippea maritima; Hippea jasoniae	Hippea alviniae	GCF_000194135.1,GCF_000744435.1
flii	428	100.0	7	150	4	None	1		Hippea maritima; Hippea alviniae; Hippea jasoniae; Desulfurella amilsii; Nitrosophilus labii; Nitrosophilus kaiyonis; Nitratiruptor tergarcus	143 genomes	GCF_000194135.1,GCF_000420385.1,GCF_000744435.1,GCF_002119425.1,GCF_014466985.1,GCF_027943725.1,GCF_027946175.1
flgd	154	100.0	6	137	4	0.0	1		Hippea maritima; Hippea alviniae; Hippea jasoniae; Desulfurella amilsii; Nitrosophilus labii; Nitrosophilus kaiyonis	131 genomes	GCF_000194135.1,GCF_000420385.1,GCF_000744435.1,GCF_002119425.1,GCF_014466985.1,GCF_027943725.1
fliq	86	99.0	2	29	4	16.67	1		Arcobacter nitrofigilis; Halarcobacter ebronensis	27 genomes	GCF_000092245.1,GCF_013201825.1
flhb	302	95.0	8	33	3	0.0	1		Poseidonibacter parvus; Malaciobacter halophilus; Malaciobacter mytili; Malaciobacter marinus; Malaciobacter molluscorum; Poseidonibacter antarcticus; Poseidonibacter lekithochrous; Arcobacter roscoffensis	25 genomes	GCF_001956695.1,GCF_002837275.1,GCF_003346775.1,GCF_003544855.1,GCF_003544935.1,GCF_003667345.1,GCF_013283835.1,GCF_024267655.1
flin	87	100.0	9	33	2	0.0	1		Arcobacter nitrofigilis; Malaciobacter halophilus; Malaciobacter mytili; Halarcobacter bivalviorum; Malaciobacter marinus; Malaciobacter molluscorum; Arcobacter arenosus; Halarcobacter anaerophilus; Halarcobacter ebronensis	24 genomes	GCF_000092245.1,GCF_002837275.1,GCF_003346775.1,GCF_003346815.1,GCF_003544855.1,GCF_003544935.1,GCF_005771535.1,GCF_006459125.1,GCF_013201825.1
flii	428	99.0	5	29	1	16.67	1		Arcobacter nitrofigilis; Halarcobacter bivalviorum; Arcobacter arenosus; Halarcobacter anaerophilus; Halarcobacter ebronensis	24 genomes	GCF_000092245.1,GCF_003346815.1,GCF_005771535.1,GCF_006459125.1,GCF_013201825.1
flgg	262	98.0	3	24	3	4.17	1		Poseidonibacter parvus; Poseidonibacter antarcticus; Malaciobacter pacificus	21 genomes	GCF_001956695.1,GCF_003667345.1,GCF_004214795.1
flhb	302	98.0	11	31	1	None	1		Helicobacter cinaedi; Helicobacter pametensis; Helicobacter japonicus; Helicobacter jaachi; Helicobacter himalayensis; Helicobacter enhydrae; Helicobacter brantae; Helicobacter cholecystus; Helicobacter marmotae; Helicobacter labetoulli; Helicobacter kayseriensis	20 genomes	GCF_000155475.1,GCF_000518225.1,GCF_000762845.2,GCF_000763135.2,GCF_001602095.1,GCF_001693335.1,GCF_003364205.1,GCF_003364215.1,GCF_003364255.1,GCF_003670275.1,GCF_021300655.1
flgh	173	98.0	3	19	3	25.0	1		Arcobacter lacus; Arcobacter defluvii; Aliarcobacter butzleri	16 genomes	GCF_003063295.1,GCF_013201725.1,GCF_900187115.1
fliq	86	95.0	2	14	3	0.0	1		Sulfurimonas crateris; Sulfurimonas lithotrophica	12 genomes	GCF_005217605.1,GCF_009258225.1
flgh	173	99.0	3	14	4	0.0	1		Sulfurimonas denitrificans; Sulfurimonas baltica; Sulfurimonas marisnigri	11 genomes	GCF_000012965.1,GCF_015265455.1,GCF_015265475.1
flgb	109	98.0	3	14	2	0.0	1		Sulfurimonas denitrificans; Sulfurimonas crateris; Sulfurimonas lithotrophica	11 genomes	GCF_000012965.1,GCF_005217605.1,GCF_009258225.1
flid	590	98.0	5	16	1	31.25	1		Helicobacter macacae; Helicobacter anseris; Helicobacter canis; Helicobacter anatolicus; Helicobacter mustelae	11 genomes	GCF_000507845.1,GCF_003364335.1,GCF_008693005.1,GCF_021300615.1,GCF_900476215.1
flil	126	97.0	3	14	4	0.0	1		Sulfurimonas crateris; Sulfurimonas baltica; Sulfurimonas marisnigri	11 genomes	GCF_005217605.1,GCF_015265455.1,GCF_015265475.1
fliq	86	95.0	3	14	5	0.0	1		Sulfurimonas denitrificans; Sulfurimonas gotlandica; Sulfurimonas hongkongensis	11 genomes	GCF_000012965.1,GCF_000242915.1,GCF_000445475.1
flih	150	99.0	9	19	1	58.82	1		Campylobacter insulaenigrae; Campylobacter subantarcticus; Campylobacter peloridis; Campylobacter avium; Campylobacter troglodytis; Campylobacter volucris; Campylobacter ornithocola; Campylobacter armoricus; Campylobacter lari	10 genomes	GCF_000816185.1,GCF_000816305.1,GCF_000816785.1,GCF_002238335.1,GCF_006864425.1,GCF_008245045.1,GCF_013201605.1,GCF_013372105.1,GCF_013372185.1
flgr	429	95.0	3	13	3	None	1		Sulfurimonas denitrificans; Sulfurimonas crateris; Sulfurimonas marisnigri	10 genomes	GCF_000012965.1,GCF_005217605.1,GCF_015265475.1
fliy	194	95.0	2	12	4	0.0	1		Sulfurimonas marina; Sulfurimonas aquatica	10 genomes	GCF_014905095.1,GCF_017357825.1
flie	67	99.0	3	12	4	16.67	1		Arcobacter lacus; Aliarcobacter cryaerophilus; Aliarcobacter butzleri	9 genomes	GCF_003063295.1,GCF_003660105.1,GCF_900187115.1
flgl	299	96.0	5	14	4	0.0	1		Sulfurimonas denitrificans; Sulfurimonas gotlandica; Sulfurimonas hongkongensis; Sulfurimonas crateris; Sulfurimonas lithotrophica	9 genomes	GCF_000012965.1,GCF_000242915.1,GCF_000445475.1,GCF_005217605.1,GCF_009258225.1
flgg	262	99.0	4	12	1	76.47	1		Campylobacter helveticus; Campylobacter avium; Campylobacter troglodytis; Campylobacter upsaliensis	8 genomes	GCF_002080395.1,GCF_002238335.1,GCF_006864425.1,GCF_900637395.1
flag	63	95.0	6	14	5	0.0	1		Sulfurimonas denitrificans; Sulfurimonas gotlandica; Sulfurimonas crateris; Sulfurimonas baltica; Sulfurimonas marisnigri; Sulfurimonas aquatica	8 genomes	GCF_000012965.1,GCF_000242915.1,GCF_005217605.1,GCF_015265455.1,GCF_015265475.1,GCF_017357825.1
flhf	311	99.0	4	11	4	0.0	1		Sulfurimonas autotrophica; Sulfurimonas hydrogeniphila; Sulfurimonas sediminis; Sulfurimonas aquatica	7 genomes	GCF_000147355.1,GCF_009068765.1,GCF_014905115.1,GCF_017357825.1
flgr	429	97.0	4	11	2	57.58	1		Campylobacter rectus; Campylobacter showae; Campylobacter curvus; Campylobacter massiliensis	7 genomes	GCF_004803795.1,GCF_004803815.1,GCF_013372125.1,GCF_014253065.1
flia	223	95.0	3	10	4	15.15	1		Campylobacter jejuni; Campylobacter helveticus; Campylobacter upsaliensis	7 genomes	GCF_001457695.1,GCF_002080395.1,GCF_900637395.1
flin	87	95.0	7	14	4	0.0	1		Sulfurimonas denitrificans; Sulfurimonas gotlandica; Sulfurimonas hongkongensis; Sulfurimonas crateris; Sulfurimonas lithotrophica; Sulfurimonas baltica; Sulfurimonas marisnigri	7 genomes	GCF_000012965.1,GCF_000242915.1,GCF_000445475.1,GCF_005217605.1,GCF_009258225.1,GCF_015265455.1,GCF_015265475.1
flgs	270	100.0	3	9	2	57.58	1		Campylobacter concisus; Campylobacter rectus; Campylobacter massiliensis	6 genomes	GCF_001298465.1,GCF_004803795.1,GCF_014253065.1
flig	341	100.0	2	7	2	26.47	1		Helicobacter rodentium; Helicobacter valdiviensis	Helicobacter canadensis; Helicobacter pullorum; Helicobacter turcicus; Helicobacter colisuis; Helicobacter winghamensis	GCF_000687535.1,GCF_003245365.1
flgi	260	99.0	2	7	3	14.71	1		Campylobacter volucris; Campylobacter armoricus	Campylobacter insulaenigrae; Campylobacter subantarcticus; Campylobacter peloridis; Campylobacter ornithocola; Campylobacter lari	GCF_008245045.1,GCF_013372105.1
flgb	109	97.0	2	7	4	9.09	1		Campylobacter volucris; Campylobacter lari	Campylobacter insulaenigrae; Campylobacter subantarcticus; Campylobacter peloridis; Campylobacter ornithocola; Campylobacter armoricus	GCF_008245045.1,GCF_013372185.1
flgd	154	96.0	2	7	5	9.09	1		Campylobacter subantarcticus; Campylobacter volucris	Campylobacter insulaenigrae; Campylobacter peloridis; Campylobacter ornithocola; Campylobacter armoricus; Campylobacter lari	GCF_000816305.1,GCF_008245045.1
flii	428	96.0	3	8	3	18.18	1		Campylobacter hepaticus; Campylobacter cuniculorum; Campylobacter bilis	Campylobacter coli; Campylobacter jejuni; Campylobacter novaezeelandiae; Campylobacter aviculae; Campylobacter taeniopygiae	GCF_001687475.2,GCF_002104335.1,GCF_016806695.1
flgi	260	100.0	4	8	2	8.82	1		Helicobacter canadensis; Helicobacter pullorum; Helicobacter colisuis; Helicobacter ibis	Helicobacter rodentium; Helicobacter valdiviensis; Helicobacter turcicus; Helicobacter winghamensis	GCF_000162575.1,GCF_017979475.1,GCF_023646285.1,GCF_027859255.1
flid	590	100.0	2	6	2	9.09	1		Sulfurospirillum cavolei; Sulfurospirillum oryzae	Sulfurospirillum deleyianum; Sulfurospirillum barnesii; Sulfurospirillum multivorans; Sulfurospirillum halorespirans	GCF_000813325.1,GCF_025770725.1
flgc	164	99.0	3	7	3	9.09	1		Sulfurospirillum cavolei; Sulfurospirillum diekertiae; Sulfurospirillum oryzae	Sulfurospirillum deleyianum; Sulfurospirillum barnesii; Sulfurospirillum multivorans; Sulfurospirillum halorespirans	GCF_000813325.1,GCF_011769985.2,GCF_025770725.1
fliq	86	99.0	3	7	2	14.71	1		Campylobacter insulaenigrae; Campylobacter volucris; Campylobacter armoricus	Campylobacter subantarcticus; Campylobacter peloridis; Campylobacter ornithocola; Campylobacter lari	GCF_000816185.1,GCF_008245045.1,GCF_013372105.1
flgj	74	98.0	2	6	3	26.47	1		Campylobacter jejuni; Campylobacter taeniopygiae	Campylobacter coli; Campylobacter hepaticus; Campylobacter aviculae; Campylobacter bilis	GCF_001457695.1,GCF_005406225.1
flis	110	98.0	2	6	2	39.39	1		Sulfurimonas indica; Sulfurimonas marina	Sulfurimonas autotrophica; Sulfurimonas hydrogeniphila; Sulfurimonas sediminis; Sulfurimonas paralvinellae	GCF_009192995.1,GCF_014905095.1
fliy	194	98.0	3	7	3	9.09	1		Sulfurospirillum multivorans; Sulfurospirillum cavolei; Sulfurospirillum halorespirans	Sulfurospirillum deleyianum; Sulfurospirillum barnesii; Sulfurospirillum diekertiae; Sulfurospirillum oryzae	GCF_000568815.1,GCF_000813325.1,GCF_001723605.1
flgh	173	97.0	6	10	4	15.15	1		Campylobacter coli; Campylobacter jejuni; Campylobacter hepaticus; Campylobacter helveticus; Campylobacter bilis; Campylobacter upsaliensis	Campylobacter cuniculorum; Campylobacter novaezeelandiae; Campylobacter aviculae; Campylobacter taeniopygiae	GCF_000254135.1,GCF_001457695.1,GCF_001687475.2,GCF_002080395.1,GCF_016806695.1,GCF_900637395.1
flim	303	97.0	2	6	2	39.39	1		Sulfurimonas marina; Sulfurimonas paralvinellae	Sulfurimonas autotrophica; Sulfurimonas hydrogeniphila; Sulfurimonas indica; Sulfurimonas sediminis	GCF_014905095.1,GCF_014905135.1
flip	243	97.0	3	7	4	9.09	1		Sulfurospirillum barnesii; Sulfurospirillum multivorans; Sulfurospirillum halorespirans	Sulfurospirillum deleyianum; Sulfurospirillum cavolei; Sulfurospirillum diekertiae; Sulfurospirillum oryzae	GCF_000265295.1,GCF_000568815.1,GCF_001723605.1
flgc	164	100.0	3	6	2	26.47	1		Campylobacter coli; Campylobacter hepaticus; Campylobacter bilis	Campylobacter jejuni; Campylobacter aviculae; Campylobacter taeniopygiae	GCF_000254135.1,GCF_001687475.2,GCF_016806695.1
flgc	164	100.0	5	8	2	25.81	1		Helicobacter felis; Helicobacter labacensis; Helicobacter vulpis; Helicobacter salomonis; Helicobacter suis	Helicobacter ailurogastricus; Helicobacter heilmannii; Helicobacter mehlei	GCF_000200595.1,GCF_003660285.1,GCF_003660395.1,GCF_017979425.1,GCF_026000295.1
flid	590	100.0	2	5	3	9.09	1		Campylobacter peloridis; Campylobacter ornithocola	Campylobacter subantarcticus; Campylobacter armoricus; Campylobacter lari	GCF_000816785.1,GCF_013201605.1
flif	501	100.0	4	7	2	8.33	1		Arcobacter caeni; Arcobacter suis; Arcobacter venerupis; Arcobacter defluvii	Arcobacter ellisii; Arcobacter aquimarinus; Arcobacter cloacae	GCF_003063245.1,GCF_003544815.1,GCF_013201665.1,GCF_013201725.1
CONCAT	None	100.0	4	7	1	8.33	1		Arcobacter ellisii; Arcobacter aquimarinus; Arcobacter defluvii; Arcobacter cloacae	Arcobacter caeni; Arcobacter suis; Arcobacter venerupis	GCF_003544915.1,GCF_013177635.1,GCF_013201725.1,GCF_013201935.1
flgd	154	99.0	2	5	3	79.41	1		Sulfurimonas hydrogeniphila; Sulfurimonas indica	Sulfurimonas autotrophica; Sulfurimonas sediminis; Sulfurimonas paralvinellae	GCF_009068765.1,GCF_009192995.1
flgh	173	99.0	5	8	1	55.88	1		Campylobacter porcelli; Campylobacter vicugnae; Campylobacter devanensis; Campylobacter lanienae; Campylobacter magnus	Campylobacter iguaniorum; Campylobacter hyointestinalis; Campylobacter fetus	GCF_002139855.1,GCF_002139875.1,GCF_002139915.1,GCF_002139935.1,GCF_028649595.1
flid	590	98.0	2	5	3	2.94	1		Sulfurimonas gotlandica; Sulfurimonas marisnigri	Sulfurimonas hongkongensis; Sulfurimonas baltica; Sulfurimonas aquatica	GCF_000242915.1,GCF_015265475.1
flgs	270	97.0	9	12	2	0.0	1		Sulfurimonas autotrophica; Sulfurimonas gotlandica; Sulfurimonas hongkongensis; Sulfurimonas hydrogeniphila; Sulfurimonas indica; Sulfurimonas marina; Sulfurimonas sediminis; Sulfurimonas paralvinellae; Sulfurimonas aquatica	Sulfurimonas lithotrophica; Sulfurimonas baltica; Sulfurimonas marisnigri	GCF_000147355.1,GCF_000242915.1,GCF_000445475.1,GCF_009068765.1,GCF_009192995.1,GCF_014905095.1,GCF_014905115.1,GCF_014905135.1,GCF_017357825.1
flia	223	97.0	5	8	2	8.82	1		Helicobacter canadensis; Helicobacter valdiviensis; Helicobacter pullorum; Helicobacter colisuis; Helicobacter ibis	Helicobacter rodentium; Helicobacter turcicus; Helicobacter winghamensis	GCF_000162575.1,GCF_003245365.1,GCF_017979475.1,GCF_023646285.1,GCF_027859255.1
flag	63	96.0	2	5	2	14.71	1		Campylobacter majalis; Campylobacter suis	Campylobacter pinnipediorum; Campylobacter mucosalis; Campylobacter gastrosuis	GCF_905120465.1,GCF_905120475.1
flgh	173	96.0	2	5	2	9.09	1		Campylobacter peloridis; Campylobacter lari	Campylobacter subantarcticus; Campylobacter ornithocola; Campylobacter armoricus	GCF_000816785.1,GCF_013372185.1
flin	87	96.0	2	5	2	21.21	1		Helicobacter enhydrae; Helicobacter brantae	Helicobacter pametensis; Helicobacter cholecystus; Helicobacter kayseriensis	GCF_001693335.1,GCF_003364205.1
fliq	86	95.0	4	7	1	36.36	1		Sulfurospirillum deleyianum; Sulfurospirillum barnesii; Sulfurospirillum cavolei; Sulfurospirillum diekertiae	Sulfurospirillum multivorans; Sulfurospirillum halorespirans; Sulfurospirillum oryzae	GCF_000024885.1,GCF_000265295.1,GCF_000813325.1,GCF_011769985.2
fliy	194	95.0	2	5	2	35.29	1		Helicobacter jaachi; Helicobacter marmotae	Helicobacter cinaedi; Helicobacter japonicus; Helicobacter labetoulli	GCF_000763135.2,GCF_003364255.1
flgb	109	100.0	3	5	2	21.21	1		Helicobacter pametensis; Helicobacter cholecystus; Helicobacter kayseriensis	Helicobacter enhydrae; Helicobacter brantae	GCF_000518225.1,GCF_003364215.1,GCF_021300655.1
flgd	154	100.0	2	4	2	38.71	1		Helicobacter felis; Helicobacter vulpis	Helicobacter labacensis; Helicobacter salomonis	GCF_000200595.1,GCF_003660395.1
flgj	74	100.0	5	7	4	9.09	1		Campylobacter subantarcticus; Campylobacter peloridis; Campylobacter volucris; Campylobacter ornithocola; Campylobacter armoricus	Campylobacter insulaenigrae; Campylobacter lari	GCF_000816305.1,GCF_000816785.1,GCF_008245045.1,GCF_013201605.1,GCF_013372105.1
flig	341	100.0	3	5	2	35.29	1		Helicobacter cinaedi; Helicobacter marmotae; Helicobacter labetoulli	Helicobacter japonicus; Helicobacter jaachi	GCF_000155475.1,GCF_003364255.1,GCF_003670275.1
flga	177	99.0	4	6	1	None	1		Helicobacter rodentium; Helicobacter valdiviensis; Helicobacter turcicus; Helicobacter winghamensis	Helicobacter canadensis; Helicobacter colisuis	GCF_000687535.1,GCF_003245365.1,GCF_019711685.1,GCF_028751035.1
flid	590	99.0	3	5	1	76.0	1		Aliarcobacter trophiarum; Aliarcobacter skirrowii; Aliarcobacter cryaerophilus	Aliarcobacter thereius; Arcobacter porcinus	GCF_003355515.1,GCF_003544835.1,GCF_003660105.1
flgd	154	98.0	5	7	2	5.88	1		Campylobacter porcelli; Campylobacter vicugnae; Campylobacter devanensis; Campylobacter lanienae; Campylobacter fetus	Campylobacter iguaniorum; Campylobacter hyointestinalis	GCF_002139855.1,GCF_002139875.1,GCF_002139915.1,GCF_002139935.1,GCF_900475935.1
flgk	490	98.0	4	6	1	39.39	1		Sulfurimonas autotrophica; Sulfurimonas hydrogeniphila; Sulfurimonas marina; Sulfurimonas sediminis	Sulfurimonas indica; Sulfurimonas paralvinellae	GCF_000147355.1,GCF_009068765.1,GCF_014905095.1,GCF_014905115.1
flil	126	98.0	3	5	2	35.29	1		Helicobacter cinaedi; Helicobacter japonicus; Helicobacter labetoulli	Helicobacter jaachi; Helicobacter marmotae	GCF_000155475.1,GCF_000762845.2,GCF_003670275.1
flil	126	98.0	9	11	2	46.67	1		Helicobacter felis; Helicobacter cetorum; Helicobacter mehlei; Helicobacter labacensis; Helicobacter vulpis; Helicobacter salomonis; Helicobacter suis; Helicobacter acinonychis; Helicobacter pylori	Helicobacter ailurogastricus; Helicobacter heilmannii	GCF_000200595.1,GCF_000259275.1,GCF_003660265.1,GCF_003660285.1,GCF_003660395.1,GCF_017979425.1,GCF_026000295.1,GCF_900461455.1,GCF_900478295.1
flgb	109	97.0	4	6	1	50.0	1		Campylobacter coli; Campylobacter jejuni; Campylobacter aviculae; Campylobacter taeniopygiae	Campylobacter hepaticus; Campylobacter bilis	GCF_000254135.1,GCF_001457695.1,GCF_005406215.1,GCF_005406225.1
flgd	154	97.0	2	4	1	None	1		Arcobacter caeni; Arcobacter defluvii	Arcobacter aquimarinus; Arcobacter cloacae	GCF_003063245.1,GCF_013201725.1
chev	312	96.0	4	6	1	64.71	1		Helicobacter canadensis; Helicobacter rodentium; Helicobacter pullorum; Helicobacter colisuis	Helicobacter turcicus; Helicobacter winghamensis	GCF_000162575.1,GCF_000687535.1,GCF_017979475.1,GCF_023646285.1
flgk	490	96.0	5	7	2	23.53	1		Campylobacter subantarcticus; Campylobacter volucris; Campylobacter ornithocola; Campylobacter armoricus; Campylobacter lari	Campylobacter insulaenigrae; Campylobacter peloridis	GCF_000816305.1,GCF_008245045.1,GCF_013201605.1,GCF_013372105.1,GCF_013372185.1
flih	150	96.0	2	4	1	45.0	1		Halarcobacter bivalviorum; Arcobacter arenosus	Halarcobacter anaerophilus; Halarcobacter ebronensis	GCF_003346815.1,GCF_005771535.1
flir	194	96.0	2	4	2	9.09	1		Campylobacter subantarcticus; Campylobacter armoricus	Campylobacter ornithocola; Campylobacter lari	GCF_000816305.1,GCF_013372105.1
flgd	154	95.0	3	5	3	9.09	1		Campylobacter pinnipediorum; Campylobacter gastrosuis; Campylobacter suis	Campylobacter mucosalis; Campylobacter majalis	GCF_002021925.1,GCF_030249845.1,GCF_905120475.1
flin	87	95.0	2	4	1	9.09	1		Campylobacter armoricus; Campylobacter lari	Campylobacter subantarcticus; Campylobacter ornithocola	GCF_013372105.1,GCF_013372185.1
flag	63	100.0	2	3	1	86.67	1		Helicobacter cetorum; Helicobacter acinonychis	Helicobacter pylori	GCF_000259275.1,GCF_900461455.1
flgd	154	100.0	2	3	1	90.91	1		Sulfurimonas autotrophica; Sulfurimonas sediminis	Sulfurimonas hydrogeniphila	GCF_000147355.1,GCF_014905115.1
flgg	262	100.0	3	4	1	43.33	1		Lebetimonas natsushimae; Caminibacter pacificus; Caminibacter mediatlanticus	Nautilia profundicola	GCF_002335445.1,GCF_003752135.1,GCF_005843985.1
flgh	173	100.0	2	3	1	90.91	1		Sulfurimonas autotrophica; Sulfurimonas hydrogeniphila	Sulfurimonas sediminis	GCF_000147355.1,GCF_009068765.1
flgi	260	100.0	2	3	1	60.0	1		Helicobacter labacensis; Helicobacter salomonis	Helicobacter vulpis	GCF_003660285.1,GCF_017979425.1
flhb	302	100.0	2	3	1	21.21	1		Campylobacter ornithocola; Campylobacter lari	Campylobacter subantarcticus	GCF_013201605.1,GCF_013372185.1
flid	590	100.0	2	3	1	66.67	1		Nitrosophilus kaiyonis; Nitratiruptor tergarcus	Nitrosophilus labii	GCF_027943725.1,GCF_027946175.1
flid	590	100.0	4	5	1	57.58	1		Helicobacter cinaedi; Helicobacter jaachi; Helicobacter marmotae; Helicobacter labetoulli	Helicobacter japonicus	GCF_000155475.1,GCF_000763135.2,GCF_003364255.1,GCF_003670275.1
flie	67	100.0	4	5	3	9.09	1		Campylobacter subantarcticus; Campylobacter peloridis; Campylobacter armoricus; Campylobacter lari	Campylobacter ornithocola	GCF_000816305.1,GCF_000816785.1,GCF_013372105.1,GCF_013372185.1
flih	150	100.0	2	3	1	None	1		Sulfurospirillum multivorans; Sulfurospirillum diekertiae	Sulfurospirillum oryzae	GCF_000568815.1,GCF_011769985.2
flii	428	100.0	3	4	2	38.71	1		Helicobacter felis; Helicobacter vulpis; Helicobacter salomonis	Helicobacter labacensis	GCF_000200595.1,GCF_003660395.1,GCF_017979425.1
flim	303	100.0	6	7	2	40.0	1		Aliarcobacter vitoriensis; Aliarcobacter skirrowii; Aliarcobacter cryaerophilus; Aliarcobacter thereius; Arcobacter porcinus; Aliarcobacter lanthieri	Aliarcobacter trophiarum	GCF_003316695.1,GCF_003544835.1,GCF_003660105.1,GCF_004214815.1,GCF_004299785.2,GCF_013201625.1
flin	87	100.0	4	5	1	77.42	1		Helicobacter mehlei; Helicobacter labacensis; Helicobacter vulpis; Helicobacter salomonis	Helicobacter felis	GCF_003660265.1,GCF_003660285.1,GCF_003660395.1,GCF_017979425.1
fliq	86	100.0	3	4	1	23.53	1		Campylobacter pinnipediorum; Campylobacter mucosalis; Campylobacter gastrosuis	Campylobacter majalis	GCF_002021925.1,GCF_013372205.1,GCF_030249845.1
flis	110	100.0	2	3	1	64.71	1		Sulfurimonas gotlandica; Sulfurimonas aquatica	Sulfurimonas hongkongensis	GCF_000242915.1,GCF_017357825.1
flgg	262	99.0	14	15	3	2.94	1		Sulfurimonas denitrificans; Sulfurimonas autotrophica; Sulfuricurvum kujiense; Sulfurimonas gotlandica; Sulfurimonas hongkongensis; Sulfurimonas crateris; Sulfurimonas hydrogeniphila; Sulfurimonas indica; Sulfurimonas lithotrophica; Sulfurimonas sediminis; Sulfurimonas paralvinellae; Sulfurimonas baltica; Sulfurimonas marisnigri; Sulfurimonas aquatica	Sulfurimonas marina	GCF_000012965.1,GCF_000147355.1,GCF_000183725.1,GCF_000242915.1,GCF_000445475.1,GCF_005217605.1,GCF_009068765.1,GCF_009192995.1,GCF_009258225.1,GCF_014905115.1,GCF_014905135.1,GCF_015265455.1,GCF_015265475.1,GCF_017357825.1
flie	67	99.0	3	4	1	38.71	1		Helicobacter felis; Helicobacter labacensis; Helicobacter vulpis	Helicobacter salomonis	GCF_000200595.1,GCF_003660285.1,GCF_003660395.1
chea	781	98.0	4	5	1	None	1		Helicobacter felis; Helicobacter ailurogastricus; Helicobacter heilmannii; Helicobacter salomonis	Helicobacter mehlei	GCF_000200595.1,GCF_001282945.1,GCF_001283065.1,GCF_017979425.1
flgd	154	98.0	7	8	1	None	1		Campylobacter coli; Campylobacter jejuni; Campylobacter helveticus; Campylobacter aviculae; Campylobacter taeniopygiae; Campylobacter bilis; Campylobacter upsaliensis	Campylobacter novaezeelandiae	GCF_000254135.1,GCF_001457695.1,GCF_002080395.1,GCF_005406215.1,GCF_005406225.1,GCF_016806695.1,GCF_900637395.1
flgl	299	98.0	9	10	1	15.15	1		Campylobacter coli; Campylobacter jejuni; Campylobacter hepaticus; Campylobacter helveticus; Campylobacter novaezeelandiae; Campylobacter aviculae; Campylobacter taeniopygiae; Campylobacter bilis; Campylobacter upsaliensis	Campylobacter cuniculorum	GCF_000254135.1,GCF_001457695.1,GCF_001687475.2,GCF_002080395.1,GCF_004323845.1,GCF_005406215.1,GCF_005406225.1,GCF_016806695.1,GCF_900637395.1
flhf	311	98.0	6	7	1	25.81	1		Helicobacter felis; Helicobacter ailurogastricus; Helicobacter heilmannii; Helicobacter labacensis; Helicobacter vulpis; Helicobacter salomonis	Helicobacter mehlei	GCF_000200595.1,GCF_001282945.1,GCF_001283065.1,GCF_003660285.1,GCF_003660395.1,GCF_017979425.1
flia	223	98.0	6	7	3	9.09	1		Campylobacter insulaenigrae; Campylobacter subantarcticus; Campylobacter peloridis; Campylobacter volucris; Campylobacter ornithocola; Campylobacter armoricus	Campylobacter lari	GCF_000816185.1,GCF_000816305.1,GCF_000816785.1,GCF_008245045.1,GCF_013201605.1,GCF_013372105.1
flig	341	98.0	9	10	2	15.15	1		Campylobacter coli; Campylobacter jejuni; Campylobacter hepaticus; Campylobacter helveticus; Campylobacter cuniculorum; Campylobacter aviculae; Campylobacter taeniopygiae; Campylobacter bilis; Campylobacter upsaliensis	Campylobacter novaezeelandiae	GCF_000254135.1,GCF_001457695.1,GCF_001687475.2,GCF_002080395.1,GCF_002104335.1,GCF_005406215.1,GCF_005406225.1,GCF_016806695.1,GCF_900637395.1
flim	303	98.0	6	7	1	44.12	1		Campylobacter subantarcticus; Campylobacter peloridis; Campylobacter volucris; Campylobacter ornithocola; Campylobacter armoricus; Campylobacter lari	Campylobacter insulaenigrae	GCF_000816305.1,GCF_000816785.1,GCF_008245045.1,GCF_013201605.1,GCF_013372105.1,GCF_013372185.1
fliq	86	98.0	2	3	1	70.0	1		Arcobacter suis; Arcobacter venerupis	Arcobacter caeni	GCF_003544815.1,GCF_013201665.1
flgc	164	97.0	2	3	1	62.07	1		Nautilia profundicola; Caminibacter pacificus	Caminibacter mediatlanticus	GCF_000021725.1,GCF_003752135.1
flie	67	97.0	2	3	1	73.53	1		Sulfurospirillum barnesii; Sulfurospirillum cavolei	Sulfurospirillum deleyianum	GCF_000265295.1,GCF_000813325.1
flis	110	97.0	4	5	1	77.42	1		Helicobacter pametensis; Helicobacter enhydrae; Helicobacter cholecystus; Helicobacter kayseriensis	Helicobacter brantae	GCF_000518225.1,GCF_001693335.1,GCF_003364215.1,GCF_021300655.1
flgc	164	96.0	4	5	2	35.29	1		Helicobacter japonicus; Helicobacter jaachi; Helicobacter marmotae; Helicobacter labetoulli	Helicobacter cinaedi	GCF_000762845.2,GCF_000763135.2,GCF_003364255.1,GCF_003670275.1
flhf	311	96.0	2	3	1	79.17	1		Malaciobacter marinus; Malaciobacter molluscorum	Malaciobacter halophilus	GCF_003544855.1,GCF_003544935.1
flip	243	96.0	5	6	1	26.47	1		Campylobacter jejuni; Campylobacter hepaticus; Campylobacter aviculae; Campylobacter taeniopygiae; Campylobacter bilis	Campylobacter coli	GCF_001457695.1,GCF_001687475.2,GCF_005406215.1,GCF_005406225.1,GCF_016806695.1
flim	303	95.0	3	4	1	45.0	1		Halarcobacter bivalviorum; Halarcobacter anaerophilus; Halarcobacter ebronensis	Arcobacter arenosus	GCF_003346815.1,GCF_006459125.1,GCF_013201825.1
