tree	n_sites	ufboot	group_size	gtdb_span	n_gtdb_branches_contradicted	min_gcf_conflicting	recurrence	also_in	organisms	gtdb_extra	accessions
flge	519	100.0	2	5	2	None	19	CONCAT,flgc,flgg,flgh,flgi,flgs,flha,flhf,flid,flif,flig,flih,flii,flin,flip,flis,fliy,pflb	Campylobacter mucosalis; Campylobacter suis	Campylobacter pinnipediorum; Campylobacter gastrosuis; Campylobacter majalis	GCF_013372205.1,GCF_905120475.1
flha	556	100.0	2	5	2	None	19	CONCAT,flgc,flge,flgg,flgh,flgi,flgs,flhf,flid,flif,flig,flih,flii,flin,flip,flis,fliy,pflb	Campylobacter mucosalis; Campylobacter suis	Campylobacter pinnipediorum; Campylobacter gastrosuis; Campylobacter majalis	GCF_013372205.1,GCF_905120475.1
flid	594	100.0	2	5	2	None	19	CONCAT,flgc,flge,flgg,flgh,flgi,flgs,flha,flhf,flif,flig,flih,flii,flin,flip,flis,fliy,pflb	Campylobacter mucosalis; Campylobacter suis	Campylobacter pinnipediorum; Campylobacter gastrosuis; Campylobacter majalis	GCF_013372205.1,GCF_905120475.1
flig	341	100.0	2	5	2	None	19	CONCAT,flgc,flge,flgg,flgh,flgi,flgs,flha,flhf,flid,flif,flih,flii,flin,flip,flis,fliy,pflb	Campylobacter mucosalis; Campylobacter suis	Campylobacter pinnipediorum; Campylobacter gastrosuis; Campylobacter majalis	GCF_013372205.1,GCF_905120475.1
flih	150	100.0	2	5	2	None	19	CONCAT,flgc,flge,flgg,flgh,flgi,flgs,flha,flhf,flid,flif,flig,flii,flin,flip,flis,fliy,pflb	Campylobacter mucosalis; Campylobacter suis	Campylobacter pinnipediorum; Campylobacter gastrosuis; Campylobacter majalis	GCF_013372205.1,GCF_905120475.1
flii	429	100.0	2	5	2	None	19	CONCAT,flgc,flge,flgg,flgh,flgi,flgs,flha,flhf,flid,flif,flig,flih,flin,flip,flis,fliy,pflb	Campylobacter mucosalis; Campylobacter suis	Campylobacter pinnipediorum; Campylobacter gastrosuis; Campylobacter majalis	GCF_013372205.1,GCF_905120475.1
flin	72	100.0	2	5	2	None	19	CONCAT,flgc,flge,flgg,flgh,flgi,flgs,flha,flhf,flid,flif,flig,flih,flii,flip,flis,fliy,pflb	Campylobacter mucosalis; Campylobacter suis	Campylobacter pinnipediorum; Campylobacter gastrosuis; Campylobacter majalis	GCF_013372205.1,GCF_905120475.1
flip	243	100.0	2	5	2	None	19	CONCAT,flgc,flge,flgg,flgh,flgi,flgs,flha,flhf,flid,flif,flig,flih,flii,flin,flis,fliy,pflb	Campylobacter mucosalis; Campylobacter suis	Campylobacter pinnipediorum; Campylobacter gastrosuis; Campylobacter majalis	GCF_013372205.1,GCF_905120475.1
fliy	194	100.0	2	5	2	None	19	CONCAT,flgc,flge,flgg,flgh,flgi,flgs,flha,flhf,flid,flif,flig,flih,flii,flin,flip,flis,pflb	Campylobacter mucosalis; Campylobacter suis	Campylobacter pinnipediorum; Campylobacter gastrosuis; Campylobacter majalis	GCF_013372205.1,GCF_905120475.1
pflb	589	100.0	2	5	2	None	19	CONCAT,flgc,flge,flgg,flgh,flgi,flgs,flha,flhf,flid,flif,flig,flih,flii,flin,flip,flis,fliy	Campylobacter mucosalis; Campylobacter suis	Campylobacter pinnipediorum; Campylobacter gastrosuis; Campylobacter majalis	GCF_013372205.1,GCF_905120475.1
CONCAT	None	100.0	2	5	2	None	19	flgc,flge,flgg,flgh,flgi,flgs,flha,flhf,flid,flif,flig,flih,flii,flin,flip,flis,fliy,pflb	Campylobacter mucosalis; Campylobacter suis	Campylobacter pinnipediorum; Campylobacter gastrosuis; Campylobacter majalis	GCF_013372205.1,GCF_905120475.1
flgi	258	99.0	2	5	2	None	19	CONCAT,flgc,flge,flgg,flgh,flgs,flha,flhf,flid,flif,flig,flih,flii,flin,flip,flis,fliy,pflb	Campylobacter mucosalis; Campylobacter suis	Campylobacter pinnipediorum; Campylobacter gastrosuis; Campylobacter majalis	GCF_013372205.1,GCF_905120475.1
flif	439	99.0	2	5	2	None	19	CONCAT,flgc,flge,flgg,flgh,flgi,flgs,flha,flhf,flid,flig,flih,flii,flin,flip,flis,fliy,pflb	Campylobacter mucosalis; Campylobacter suis	Campylobacter pinnipediorum; Campylobacter gastrosuis; Campylobacter majalis	GCF_013372205.1,GCF_905120475.1
flis	110	99.0	2	5	2	None	19	CONCAT,flgc,flge,flgg,flgh,flgi,flgs,flha,flhf,flid,flif,flig,flih,flii,flin,flip,fliy,pflb	Campylobacter mucosalis; Campylobacter suis	Campylobacter pinnipediorum; Campylobacter gastrosuis; Campylobacter majalis	GCF_013372205.1,GCF_905120475.1
flgg	262	97.0	2	5	2	None	19	CONCAT,flgc,flge,flgh,flgi,flgs,flha,flhf,flid,flif,flig,flih,flii,flin,flip,flis,fliy,pflb	Campylobacter mucosalis; Campylobacter suis	Campylobacter pinnipediorum; Campylobacter gastrosuis; Campylobacter majalis	GCF_013372205.1,GCF_905120475.1
flgh	171	96.0	2	5	2	None	19	CONCAT,flgc,flge,flgg,flgi,flgs,flha,flhf,flid,flif,flig,flih,flii,flin,flip,flis,fliy,pflb	Campylobacter mucosalis; Campylobacter suis	Campylobacter pinnipediorum; Campylobacter gastrosuis; Campylobacter majalis	GCF_013372205.1,GCF_905120475.1
flhf	310	96.0	2	5	2	None	19	CONCAT,flgc,flge,flgg,flgh,flgi,flgs,flha,flid,flif,flig,flih,flii,flin,flip,flis,fliy,pflb	Campylobacter mucosalis; Campylobacter suis	Campylobacter pinnipediorum; Campylobacter gastrosuis; Campylobacter majalis	GCF_013372205.1,GCF_905120475.1
flgc	164	95.0	2	5	2	None	19	CONCAT,flge,flgg,flgh,flgi,flgs,flha,flhf,flid,flif,flig,flih,flii,flin,flip,flis,fliy,pflb	Campylobacter mucosalis; Campylobacter suis	Campylobacter pinnipediorum; Campylobacter gastrosuis; Campylobacter majalis	GCF_013372205.1,GCF_905120475.1
flgs	270	99.0	2	4	1	None	19	CONCAT,flgc,flge,flgg,flgh,flgi,flha,flhf,flid,flif,flig,flih,flii,flin,flip,flis,fliy,pflb	Campylobacter mucosalis; Campylobacter suis	Campylobacter pinnipediorum; Campylobacter majalis	GCF_013372205.1,GCF_905120475.1
flgk	492	100.0	2	4	1	None	14	CONCAT,flgg,flgi,flha,flhf,flid,flif,flii,flik,flim,fliq,flir,flis	Poseidonibacter lekithochrous; Arcobacter roscoffensis	Poseidonibacter parvus; Poseidonibacter antarcticus	GCF_013283835.1,GCF_024267655.1
flif	439	100.0	2	4	1	None	14	CONCAT,flgg,flgi,flgk,flha,flhf,flid,flii,flik,flim,fliq,flir,flis	Poseidonibacter lekithochrous; Arcobacter roscoffensis	Poseidonibacter parvus; Poseidonibacter antarcticus	GCF_013283835.1,GCF_024267655.1
flim	301	100.0	2	4	1	None	14	CONCAT,flgg,flgi,flgk,flha,flhf,flid,flif,flii,flik,fliq,flir,flis	Poseidonibacter lekithochrous; Arcobacter roscoffensis	Poseidonibacter parvus; Poseidonibacter antarcticus	GCF_013283835.1,GCF_024267655.1
fliq	86	100.0	2	4	1	None	14	CONCAT,flgg,flgi,flgk,flha,flhf,flid,flif,flii,flik,flim,flir,flis	Poseidonibacter lekithochrous; Arcobacter roscoffensis	Poseidonibacter parvus; Poseidonibacter antarcticus	GCF_013283835.1,GCF_024267655.1
flir	211	100.0	2	4	1	None	14	CONCAT,flgg,flgi,flgk,flha,flhf,flid,flif,flii,flik,flim,fliq,flis	Poseidonibacter lekithochrous; Arcobacter roscoffensis	Poseidonibacter parvus; Poseidonibacter antarcticus	GCF_013283835.1,GCF_024267655.1
flis	110	100.0	2	4	1	None	14	CONCAT,flgg,flgi,flgk,flha,flhf,flid,flif,flii,flik,flim,fliq,flir	Poseidonibacter lekithochrous; Arcobacter roscoffensis	Poseidonibacter parvus; Poseidonibacter antarcticus	GCF_013283835.1,GCF_024267655.1
CONCAT	None	100.0	2	4	1	None	14	flgg,flgi,flgk,flha,flhf,flid,flif,flii,flik,flim,fliq,flir,flis	Poseidonibacter lekithochrous; Arcobacter roscoffensis	Poseidonibacter parvus; Poseidonibacter antarcticus	GCF_013283835.1,GCF_024267655.1
flgg	262	99.0	2	4	1	None	14	CONCAT,flgi,flgk,flha,flhf,flid,flif,flii,flik,flim,fliq,flir,flis	Poseidonibacter lekithochrous; Arcobacter roscoffensis	Poseidonibacter parvus; Poseidonibacter antarcticus	GCF_013283835.1,GCF_024267655.1
flid	594	99.0	2	4	1	None	14	CONCAT,flgg,flgi,flgk,flha,flhf,flif,flii,flik,flim,fliq,flir,flis	Poseidonibacter lekithochrous; Arcobacter roscoffensis	Poseidonibacter parvus; Poseidonibacter antarcticus	GCF_013283835.1,GCF_024267655.1
flik	97	99.0	2	4	1	None	14	CONCAT,flgg,flgi,flgk,flha,flhf,flid,flif,flii,flim,fliq,flir,flis	Poseidonibacter lekithochrous; Arcobacter roscoffensis	Poseidonibacter parvus; Poseidonibacter antarcticus	GCF_013283835.1,GCF_024267655.1
flgi	258	98.0	2	4	1	None	14	CONCAT,flgg,flgk,flha,flhf,flid,flif,flii,flik,flim,fliq,flir,flis	Poseidonibacter lekithochrous; Arcobacter roscoffensis	Poseidonibacter parvus; Poseidonibacter antarcticus	GCF_013283835.1,GCF_024267655.1
flha	556	98.0	2	4	1	None	14	CONCAT,flgg,flgi,flgk,flhf,flid,flif,flii,flik,flim,fliq,flir,flis	Poseidonibacter lekithochrous; Arcobacter roscoffensis	Poseidonibacter parvus; Poseidonibacter antarcticus	GCF_013283835.1,GCF_024267655.1
flhf	310	98.0	2	4	1	None	14	CONCAT,flgg,flgi,flgk,flha,flid,flif,flii,flik,flim,fliq,flir,flis	Poseidonibacter lekithochrous; Arcobacter roscoffensis	Poseidonibacter parvus; Poseidonibacter antarcticus	GCF_013283835.1,GCF_024267655.1
flii	429	97.0	2	4	1	None	14	CONCAT,flgg,flgi,flgk,flha,flhf,flid,flif,flik,flim,fliq,flir,flis	Poseidonibacter lekithochrous; Arcobacter roscoffensis	Poseidonibacter parvus; Poseidonibacter antarcticus	GCF_013283835.1,GCF_024267655.1
chea	721	100.0	2	3	1	None	12	CONCAT,flga,flge,flgg,flgr,flhf,flid,flig,flip,fliy,pflb	Campylobacter iguaniorum; Campylobacter hyointestinalis	Campylobacter fetus	GCF_000736415.1,GCF_013372145.1
flge	519	100.0	2	3	1	None	12	CONCAT,chea,flga,flgg,flgr,flhf,flid,flig,flip,fliy,pflb	Campylobacter iguaniorum; Campylobacter hyointestinalis	Campylobacter fetus	GCF_000736415.1,GCF_013372145.1
flid	594	100.0	2	3	1	None	12	CONCAT,chea,flga,flge,flgg,flgr,flhf,flig,flip,fliy,pflb	Campylobacter iguaniorum; Campylobacter hyointestinalis	Campylobacter fetus	GCF_000736415.1,GCF_013372145.1
flig	341	100.0	2	3	1	None	12	CONCAT,chea,flga,flge,flgg,flgr,flhf,flid,flip,fliy,pflb	Campylobacter iguaniorum; Campylobacter hyointestinalis	Campylobacter fetus	GCF_000736415.1,GCF_013372145.1
fliy	194	100.0	2	3	1	None	12	CONCAT,chea,flga,flge,flgg,flgr,flhf,flid,flig,flip,pflb	Campylobacter iguaniorum; Campylobacter hyointestinalis	Campylobacter fetus	GCF_000736415.1,GCF_013372145.1
pflb	589	100.0	2	3	1	None	12	CONCAT,chea,flga,flge,flgg,flgr,flhf,flid,flig,flip,fliy	Campylobacter iguaniorum; Campylobacter hyointestinalis	Campylobacter fetus	GCF_000736415.1,GCF_013372145.1
CONCAT	None	100.0	2	3	1	None	12	chea,flga,flge,flgg,flgr,flhf,flid,flig,flip,fliy,pflb	Campylobacter iguaniorum; Campylobacter hyointestinalis	Campylobacter fetus	GCF_000736415.1,GCF_013372145.1
flgg	262	99.0	2	3	1	None	12	CONCAT,chea,flga,flge,flgr,flhf,flid,flig,flip,fliy,pflb	Campylobacter iguaniorum; Campylobacter hyointestinalis	Campylobacter fetus	GCF_000736415.1,GCF_013372145.1
flip	243	98.0	2	3	1	None	12	CONCAT,chea,flga,flge,flgg,flgr,flhf,flid,flig,fliy,pflb	Campylobacter iguaniorum; Campylobacter hyointestinalis	Campylobacter fetus	GCF_000736415.1,GCF_013372145.1
flgr	429	97.0	2	3	1	None	12	CONCAT,chea,flga,flge,flgg,flhf,flid,flig,flip,fliy,pflb	Campylobacter iguaniorum; Campylobacter hyointestinalis	Campylobacter fetus	GCF_000736415.1,GCF_013372145.1
flhf	310	97.0	2	3	1	None	12	CONCAT,chea,flga,flge,flgg,flgr,flid,flig,flip,fliy,pflb	Campylobacter iguaniorum; Campylobacter hyointestinalis	Campylobacter fetus	GCF_000736415.1,GCF_013372145.1
flga	184	96.0	2	3	1	None	12	CONCAT,chea,flge,flgg,flgr,flhf,flid,flig,flip,fliy,pflb	Campylobacter iguaniorum; Campylobacter hyointestinalis	Campylobacter fetus	GCF_000736415.1,GCF_013372145.1
chev	312	100.0	3	5	1	None	11	CONCAT,flga,flgd,flge,flgh,flgk,flia,flid,flip,fliw	Helicobacter cinaedi; Helicobacter jaachi; Helicobacter labetoulli	Helicobacter japonicus; Helicobacter marmotae	GCF_000155475.1,GCF_000763135.2,GCF_003670275.1
flgk	492	100.0	3	5	1	None	11	CONCAT,chev,flga,flgd,flge,flgh,flia,flid,flip,fliw	Helicobacter cinaedi; Helicobacter jaachi; Helicobacter labetoulli	Helicobacter japonicus; Helicobacter marmotae	GCF_000155475.1,GCF_000763135.2,GCF_003670275.1
flip	243	100.0	3	5	1	None	11	CONCAT,chev,flga,flgd,flge,flgh,flgk,flia,flid,fliw	Helicobacter cinaedi; Helicobacter jaachi; Helicobacter labetoulli	Helicobacter japonicus; Helicobacter marmotae	GCF_000155475.1,GCF_000763135.2,GCF_003670275.1
fliw	113	100.0	3	5	1	None	11	CONCAT,chev,flga,flgd,flge,flgh,flgk,flia,flid,flip	Helicobacter cinaedi; Helicobacter jaachi; Helicobacter labetoulli	Helicobacter japonicus; Helicobacter marmotae	GCF_000155475.1,GCF_000763135.2,GCF_003670275.1
CONCAT	None	100.0	3	5	1	None	11	chev,flga,flgd,flge,flgh,flgk,flia,flid,flip,fliw	Helicobacter cinaedi; Helicobacter jaachi; Helicobacter labetoulli	Helicobacter japonicus; Helicobacter marmotae	GCF_000155475.1,GCF_000763135.2,GCF_003670275.1
flge	519	99.0	3	5	1	None	11	CONCAT,chev,flga,flgd,flgh,flgk,flia,flid,flip,fliw	Helicobacter cinaedi; Helicobacter jaachi; Helicobacter labetoulli	Helicobacter japonicus; Helicobacter marmotae	GCF_000155475.1,GCF_000763135.2,GCF_003670275.1
flia	223	99.0	3	5	1	None	11	CONCAT,chev,flga,flgd,flge,flgh,flgk,flid,flip,fliw	Helicobacter cinaedi; Helicobacter jaachi; Helicobacter labetoulli	Helicobacter japonicus; Helicobacter marmotae	GCF_000155475.1,GCF_000763135.2,GCF_003670275.1
flga	184	98.0	3	5	1	None	11	CONCAT,chev,flgd,flge,flgh,flgk,flia,flid,flip,fliw	Helicobacter cinaedi; Helicobacter jaachi; Helicobacter labetoulli	Helicobacter japonicus; Helicobacter marmotae	GCF_000155475.1,GCF_000763135.2,GCF_003670275.1
flgh	171	98.0	3	5	1	None	11	CONCAT,chev,flga,flgd,flge,flgk,flia,flid,flip,fliw	Helicobacter cinaedi; Helicobacter jaachi; Helicobacter labetoulli	Helicobacter japonicus; Helicobacter marmotae	GCF_000155475.1,GCF_000763135.2,GCF_003670275.1
flid	594	97.0	3	5	1	None	11	CONCAT,chev,flga,flgd,flge,flgh,flgk,flia,flip,fliw	Helicobacter cinaedi; Helicobacter jaachi; Helicobacter labetoulli	Helicobacter japonicus; Helicobacter marmotae	GCF_000155475.1,GCF_000763135.2,GCF_003670275.1
flga	184	100.0	3	4	1	None	11	CONCAT,flge,flgh,flgi,flgk,flhf,flia,flid,flii,flis	Campylobacter pinnipediorum; Campylobacter gastrosuis; Campylobacter majalis	Campylobacter mucosalis	GCF_002021925.1,GCF_030249845.1,GCF_905120465.1
flge	519	100.0	3	4	1	None	11	CONCAT,flga,flgh,flgi,flgk,flhf,flia,flid,flii,flis	Campylobacter pinnipediorum; Campylobacter gastrosuis; Campylobacter majalis	Campylobacter mucosalis	GCF_002021925.1,GCF_030249845.1,GCF_905120465.1
flgi	258	100.0	3	4	1	None	11	CONCAT,flga,flge,flgh,flgk,flhf,flia,flid,flii,flis	Campylobacter pinnipediorum; Campylobacter gastrosuis; Campylobacter majalis	Campylobacter mucosalis	GCF_002021925.1,GCF_030249845.1,GCF_905120465.1
flgk	492	100.0	3	4	1	None	11	CONCAT,flga,flge,flgh,flgi,flhf,flia,flid,flii,flis	Campylobacter pinnipediorum; Campylobacter gastrosuis; Campylobacter majalis	Campylobacter mucosalis	GCF_002021925.1,GCF_030249845.1,GCF_905120465.1
flhf	310	100.0	3	4	1	None	11	CONCAT,flga,flge,flgh,flgi,flgk,flia,flid,flii,flis	Campylobacter pinnipediorum; Campylobacter gastrosuis; Campylobacter majalis	Campylobacter mucosalis	GCF_002021925.1,GCF_030249845.1,GCF_905120465.1
flid	594	100.0	3	4	1	None	11	CONCAT,flga,flge,flgh,flgi,flgk,flhf,flia,flii,flis	Campylobacter pinnipediorum; Campylobacter gastrosuis; Campylobacter majalis	Campylobacter mucosalis	GCF_002021925.1,GCF_030249845.1,GCF_905120465.1
flii	429	100.0	3	4	1	None	11	CONCAT,flga,flge,flgh,flgi,flgk,flhf,flia,flid,flis	Campylobacter pinnipediorum; Campylobacter gastrosuis; Campylobacter majalis	Campylobacter mucosalis	GCF_002021925.1,GCF_030249845.1,GCF_905120465.1
CONCAT	None	100.0	3	4	1	None	11	flga,flge,flgh,flgi,flgk,flhf,flia,flid,flii,flis	Campylobacter pinnipediorum; Campylobacter gastrosuis; Campylobacter majalis	Campylobacter mucosalis	GCF_002021925.1,GCF_030249845.1,GCF_905120465.1
flgd	165	99.0	3	4	1	None	11	CONCAT,chev,flga,flge,flgh,flgk,flia,flid,flip,fliw	Helicobacter cinaedi; Helicobacter jaachi; Helicobacter labetoulli	Helicobacter marmotae	GCF_000155475.1,GCF_000763135.2,GCF_003670275.1
flis	110	99.0	3	4	1	None	11	CONCAT,flga,flge,flgh,flgi,flgk,flhf,flia,flid,flii	Campylobacter pinnipediorum; Campylobacter gastrosuis; Campylobacter majalis	Campylobacter mucosalis	GCF_002021925.1,GCF_030249845.1,GCF_905120465.1
flia	223	97.0	3	4	1	None	11	CONCAT,flga,flge,flgh,flgi,flgk,flhf,flid,flii,flis	Campylobacter pinnipediorum; Campylobacter gastrosuis; Campylobacter majalis	Campylobacter mucosalis	GCF_002021925.1,GCF_030249845.1,GCF_905120465.1
flgh	171	96.0	3	4	1	None	11	CONCAT,flga,flge,flgi,flgk,flhf,flia,flid,flii,flis	Campylobacter pinnipediorum; Campylobacter gastrosuis; Campylobacter majalis	Campylobacter mucosalis	GCF_002021925.1,GCF_030249845.1,GCF_905120465.1
chea	721	100.0	2	3	1	None	10	flag,flga,flgc,flgd,flha,flik,flip,flir,fliw	Campylobacter showae; Campylobacter massiliensis	Campylobacter rectus	GCF_004803815.1,GCF_014253065.1
flgd	165	100.0	2	3	1	None	10	chea,flag,flga,flgc,flha,flik,flip,flir,fliw	Campylobacter showae; Campylobacter massiliensis	Campylobacter rectus	GCF_004803815.1,GCF_014253065.1
flha	556	100.0	2	3	1	None	10	chea,flag,flga,flgc,flgd,flik,flip,flir,fliw	Campylobacter showae; Campylobacter massiliensis	Campylobacter rectus	GCF_004803815.1,GCF_014253065.1
flik	97	100.0	2	3	1	None	10	chea,flag,flga,flgc,flgd,flha,flip,flir,fliw	Campylobacter showae; Campylobacter massiliensis	Campylobacter rectus	GCF_004803815.1,GCF_014253065.1
flir	211	100.0	2	3	1	None	10	chea,flag,flga,flgc,flgd,flha,flik,flip,fliw	Campylobacter showae; Campylobacter massiliensis	Campylobacter rectus	GCF_004803815.1,GCF_014253065.1
fliw	113	100.0	2	3	1	None	10	chea,flag,flga,flgc,flgd,flha,flik,flip,flir	Campylobacter showae; Campylobacter massiliensis	Campylobacter rectus	GCF_004803815.1,GCF_014253065.1
flgc	164	99.0	2	3	1	None	10	chea,flag,flga,flgd,flha,flik,flip,flir,fliw	Campylobacter showae; Campylobacter massiliensis	Campylobacter rectus	GCF_004803815.1,GCF_014253065.1
flga	184	96.0	2	3	1	None	10	chea,flag,flgc,flgd,flha,flik,flip,flir,fliw	Campylobacter showae; Campylobacter massiliensis	Campylobacter rectus	GCF_004803815.1,GCF_014253065.1
flag	51	95.0	2	3	1	None	10	chea,flga,flgc,flgd,flha,flik,flip,flir,fliw	Campylobacter showae; Campylobacter massiliensis	Campylobacter rectus	GCF_004803815.1,GCF_014253065.1
flip	243	95.0	2	3	1	None	10	chea,flag,flga,flgc,flgd,flha,flik,flir,fliw	Campylobacter showae; Campylobacter massiliensis	Campylobacter rectus	GCF_004803815.1,GCF_014253065.1
flgg	262	100.0	7	10	1	None	9	CONCAT,flgj,flgk,flgl,flha,flif,flig,flih	Aliarcobacter vitoriensis; Aliarcobacter trophiarum; Aliarcobacter skirrowii; Aliarcobacter cryaerophilus; Aliarcobacter thereius; Arcobacter porcinus; Aliarcobacter lanthieri	Aliarcobacter faecis; Aliarcobacter cibarius; Arcobacter vandammei	GCF_003316695.1,GCF_003355515.1,GCF_003544835.1,GCF_003660105.1,GCF_004214815.1,GCF_004299785.2,GCF_013201625.1
flha	556	100.0	7	10	1	None	9	CONCAT,flgg,flgj,flgk,flgl,flif,flig,flih	Aliarcobacter vitoriensis; Aliarcobacter trophiarum; Aliarcobacter skirrowii; Aliarcobacter cryaerophilus; Aliarcobacter thereius; Arcobacter porcinus; Aliarcobacter lanthieri	Aliarcobacter faecis; Aliarcobacter cibarius; Arcobacter vandammei	GCF_003316695.1,GCF_003355515.1,GCF_003544835.1,GCF_003660105.1,GCF_004214815.1,GCF_004299785.2,GCF_013201625.1
flif	439	100.0	7	10	1	None	9	CONCAT,flgg,flgj,flgk,flgl,flha,flig,flih	Aliarcobacter vitoriensis; Aliarcobacter trophiarum; Aliarcobacter skirrowii; Aliarcobacter cryaerophilus; Aliarcobacter thereius; Arcobacter porcinus; Aliarcobacter lanthieri	Aliarcobacter faecis; Aliarcobacter cibarius; Arcobacter vandammei	GCF_003316695.1,GCF_003355515.1,GCF_003544835.1,GCF_003660105.1,GCF_004214815.1,GCF_004299785.2,GCF_013201625.1
flig	341	100.0	7	10	1	None	9	CONCAT,flgg,flgj,flgk,flgl,flha,flif,flih	Aliarcobacter vitoriensis; Aliarcobacter trophiarum; Aliarcobacter skirrowii; Aliarcobacter cryaerophilus; Aliarcobacter thereius; Arcobacter porcinus; Aliarcobacter lanthieri	Aliarcobacter faecis; Aliarcobacter cibarius; Arcobacter vandammei	GCF_003316695.1,GCF_003355515.1,GCF_003544835.1,GCF_003660105.1,GCF_004214815.1,GCF_004299785.2,GCF_013201625.1
flih	150	100.0	7	10	1	None	9	CONCAT,flgg,flgj,flgk,flgl,flha,flif,flig	Aliarcobacter vitoriensis; Aliarcobacter trophiarum; Aliarcobacter skirrowii; Aliarcobacter cryaerophilus; Aliarcobacter thereius; Arcobacter porcinus; Aliarcobacter lanthieri	Aliarcobacter faecis; Aliarcobacter cibarius; Arcobacter vandammei	GCF_003316695.1,GCF_003355515.1,GCF_003544835.1,GCF_003660105.1,GCF_004214815.1,GCF_004299785.2,GCF_013201625.1
CONCAT	None	100.0	7	10	1	None	9	flgg,flgj,flgk,flgl,flha,flif,flig,flih	Aliarcobacter vitoriensis; Aliarcobacter trophiarum; Aliarcobacter skirrowii; Aliarcobacter cryaerophilus; Aliarcobacter thereius; Arcobacter porcinus; Aliarcobacter lanthieri	Aliarcobacter faecis; Aliarcobacter cibarius; Arcobacter vandammei	GCF_003316695.1,GCF_003355515.1,GCF_003544835.1,GCF_003660105.1,GCF_004214815.1,GCF_004299785.2,GCF_013201625.1
flgk	492	99.0	7	10	1	None	9	CONCAT,flgg,flgj,flgl,flha,flif,flig,flih	Aliarcobacter vitoriensis; Aliarcobacter trophiarum; Aliarcobacter skirrowii; Aliarcobacter cryaerophilus; Aliarcobacter thereius; Arcobacter porcinus; Aliarcobacter lanthieri	Aliarcobacter faecis; Aliarcobacter cibarius; Arcobacter vandammei	GCF_003316695.1,GCF_003355515.1,GCF_003544835.1,GCF_003660105.1,GCF_004214815.1,GCF_004299785.2,GCF_013201625.1
flgj	78	96.0	7	10	1	None	9	CONCAT,flgg,flgk,flgl,flha,flif,flig,flih	Aliarcobacter vitoriensis; Aliarcobacter trophiarum; Aliarcobacter skirrowii; Aliarcobacter cryaerophilus; Aliarcobacter thereius; Arcobacter porcinus; Aliarcobacter lanthieri	Aliarcobacter faecis; Aliarcobacter cibarius; Arcobacter vandammei	GCF_003316695.1,GCF_003355515.1,GCF_003544835.1,GCF_003660105.1,GCF_004214815.1,GCF_004299785.2,GCF_013201625.1
flgl	216	96.0	7	10	1	None	9	CONCAT,flgg,flgj,flgk,flha,flif,flig,flih	Aliarcobacter vitoriensis; Aliarcobacter trophiarum; Aliarcobacter skirrowii; Aliarcobacter cryaerophilus; Aliarcobacter thereius; Arcobacter porcinus; Aliarcobacter lanthieri	Aliarcobacter faecis; Aliarcobacter cibarius; Arcobacter vandammei	GCF_003316695.1,GCF_003355515.1,GCF_003544835.1,GCF_003660105.1,GCF_004214815.1,GCF_004299785.2,GCF_013201625.1
flgg	262	100.0	3	4	1	None	9	CONCAT,flgb,flgd,flgi,flgk,flid,flip,flir	Malaciobacter halophilus; Malaciobacter mytili; Malaciobacter marinus	Malaciobacter molluscorum	GCF_002837275.1,GCF_003346775.1,GCF_003544855.1
flgk	492	100.0	3	4	1	None	9	CONCAT,flgb,flgd,flgg,flgi,flid,flip,flir	Malaciobacter halophilus; Malaciobacter mytili; Malaciobacter marinus	Malaciobacter molluscorum	GCF_002837275.1,GCF_003346775.1,GCF_003544855.1
flid	594	100.0	3	4	1	None	9	CONCAT,flgb,flgd,flgg,flgi,flgk,flip,flir	Malaciobacter halophilus; Malaciobacter mytili; Malaciobacter marinus	Malaciobacter molluscorum	GCF_002837275.1,GCF_003346775.1,GCF_003544855.1
flir	211	100.0	3	4	1	None	9	CONCAT,flgb,flgd,flgg,flgi,flgk,flid,flip	Malaciobacter halophilus; Malaciobacter mytili; Malaciobacter marinus	Malaciobacter molluscorum	GCF_002837275.1,GCF_003346775.1,GCF_003544855.1
flgb	109	99.0	3	4	1	None	9	CONCAT,flgd,flgg,flgi,flgk,flid,flip,flir	Malaciobacter halophilus; Malaciobacter mytili; Malaciobacter marinus	Malaciobacter molluscorum	GCF_002837275.1,GCF_003346775.1,GCF_003544855.1
flgd	165	99.0	3	4	1	None	9	CONCAT,flgb,flgg,flgi,flgk,flid,flip,flir	Malaciobacter halophilus; Malaciobacter mytili; Malaciobacter marinus	Malaciobacter molluscorum	GCF_002837275.1,GCF_003346775.1,GCF_003544855.1
flgi	258	99.0	3	4	1	None	9	CONCAT,flgb,flgd,flgg,flgk,flid,flip,flir	Malaciobacter halophilus; Malaciobacter mytili; Malaciobacter marinus	Malaciobacter molluscorum	GCF_002837275.1,GCF_003346775.1,GCF_003544855.1
flip	243	99.0	3	4	1	None	9	CONCAT,flgb,flgd,flgg,flgi,flgk,flid,flir	Malaciobacter halophilus; Malaciobacter mytili; Malaciobacter marinus	Malaciobacter molluscorum	GCF_002837275.1,GCF_003346775.1,GCF_003544855.1
CONCAT	None	98.0	3	4	1	None	9	flgb,flgd,flgg,flgi,flgk,flid,flip,flir	Malaciobacter halophilus; Malaciobacter mytili; Malaciobacter marinus	Malaciobacter molluscorum	GCF_002837275.1,GCF_003346775.1,GCF_003544855.1
flgg	262	100.0	2	8	1	None	8	flgl,flhb,flhf,flid,flih,flim,fliw	Helicobacter valdiviensis; Helicobacter ibis	6 genomes	GCF_003245365.1,GCF_027859255.1
flgl	216	100.0	2	8	1	None	8	flgg,flhb,flhf,flid,flih,flim,fliw	Helicobacter valdiviensis; Helicobacter ibis	6 genomes	GCF_003245365.1,GCF_027859255.1
flhb	268	100.0	2	8	1	None	8	flgg,flgl,flhf,flid,flih,flim,fliw	Helicobacter valdiviensis; Helicobacter ibis	6 genomes	GCF_003245365.1,GCF_027859255.1
flid	594	100.0	2	8	1	None	8	flgg,flgl,flhb,flhf,flih,flim,fliw	Helicobacter valdiviensis; Helicobacter ibis	6 genomes	GCF_003245365.1,GCF_027859255.1
flhf	310	98.0	2	8	1	None	8	flgg,flgl,flhb,flid,flih,flim,fliw	Helicobacter valdiviensis; Helicobacter ibis	6 genomes	GCF_003245365.1,GCF_027859255.1
fliw	113	98.0	2	8	1	None	8	flgg,flgl,flhb,flhf,flid,flih,flim	Helicobacter valdiviensis; Helicobacter ibis	6 genomes	GCF_003245365.1,GCF_027859255.1
flih	150	96.0	2	8	1	None	8	flgg,flgl,flhb,flhf,flid,flim,fliw	Helicobacter valdiviensis; Helicobacter ibis	6 genomes	GCF_003245365.1,GCF_027859255.1
flim	301	96.0	2	8	1	None	8	flgg,flgl,flhb,flhf,flid,flih,fliw	Helicobacter valdiviensis; Helicobacter ibis	6 genomes	GCF_003245365.1,GCF_027859255.1
flgb	109	100.0	3	4	1	None	8	flgk,flhb,flhf,flif,flih,flil,fliy	Campylobacter porcelli; Campylobacter vicugnae; Campylobacter lanienae	Campylobacter devanensis	GCF_002139855.1,GCF_002139875.1,GCF_002139935.1
flgk	492	100.0	3	4	1	None	8	flgb,flhb,flhf,flif,flih,flil,fliy	Campylobacter porcelli; Campylobacter vicugnae; Campylobacter lanienae	Campylobacter devanensis	GCF_002139855.1,GCF_002139875.1,GCF_002139935.1
flha	556	100.0	3	4	1	None	8	CONCAT,flag,flhb,flig,flin,flip,fliq	Nitrosophilus labii; Nitrosophilus alvini; Nitrosophilus kaiyonis	Nitratiruptor tergarcus	GCF_014466985.1,GCF_015100395.1,GCF_027943725.1
flif	439	100.0	3	4	1	None	8	flgb,flgk,flhb,flhf,flih,flil,fliy	Campylobacter porcelli; Campylobacter vicugnae; Campylobacter lanienae	Campylobacter devanensis	GCF_002139855.1,GCF_002139875.1,GCF_002139935.1
flig	341	100.0	3	4	1	None	8	CONCAT,flag,flha,flhb,flin,flip,fliq	Nitrosophilus labii; Nitrosophilus alvini; Nitrosophilus kaiyonis	Nitratiruptor tergarcus	GCF_014466985.1,GCF_015100395.1,GCF_027943725.1
flil	133	100.0	3	4	1	None	8	flgb,flgk,flhb,flhf,flif,flih,fliy	Campylobacter porcelli; Campylobacter vicugnae; Campylobacter lanienae	Campylobacter devanensis	GCF_002139855.1,GCF_002139875.1,GCF_002139935.1
flip	243	100.0	3	4	1	None	8	CONCAT,flag,flha,flhb,flig,flin,fliq	Nitrosophilus labii; Nitrosophilus alvini; Nitrosophilus kaiyonis	Nitratiruptor tergarcus	GCF_014466985.1,GCF_015100395.1,GCF_027943725.1
fliq	86	100.0	3	4	1	None	8	CONCAT,flag,flha,flhb,flig,flin,flip	Nitrosophilus labii; Nitrosophilus alvini; Nitrosophilus kaiyonis	Nitratiruptor tergarcus	GCF_014466985.1,GCF_015100395.1,GCF_027943725.1
CONCAT	None	100.0	3	4	1	None	8	flag,flha,flhb,flig,flin,flip,fliq	Nitrosophilus labii; Nitrosophilus alvini; Nitrosophilus kaiyonis	Nitratiruptor tergarcus	GCF_014466985.1,GCF_015100395.1,GCF_027943725.1
flih	150	99.0	3	4	1	None	8	flgb,flgk,flhb,flhf,flif,flil,fliy	Campylobacter porcelli; Campylobacter vicugnae; Campylobacter lanienae	Campylobacter devanensis	GCF_002139855.1,GCF_002139875.1,GCF_002139935.1
fliy	194	99.0	3	4	1	None	8	flgb,flgk,flhb,flhf,flif,flih,flil	Campylobacter porcelli; Campylobacter vicugnae; Campylobacter lanienae	Campylobacter devanensis	GCF_002139855.1,GCF_002139875.1,GCF_002139935.1
flin	72	98.0	3	4	1	None	8	CONCAT,flag,flha,flhb,flig,flip,fliq	Nitrosophilus labii; Nitrosophilus alvini; Nitrosophilus kaiyonis	Nitratiruptor tergarcus	GCF_014466985.1,GCF_015100395.1,GCF_027943725.1
flag	51	97.0	3	4	1	None	8	CONCAT,flha,flhb,flig,flin,flip,fliq	Nitrosophilus labii; Nitrosophilus alvini; Nitrosophilus kaiyonis	Nitratiruptor tergarcus	GCF_014466985.1,GCF_015100395.1,GCF_027943725.1
flhb	268	97.0	3	4	1	None	8	flgb,flgk,flhf,flif,flih,flil,fliy	Campylobacter porcelli; Campylobacter vicugnae; Campylobacter lanienae	Campylobacter devanensis	GCF_002139855.1,GCF_002139875.1,GCF_002139935.1
flhf	310	96.0	3	4	1	None	8	flgb,flgk,flhb,flif,flih,flil,fliy	Campylobacter porcelli; Campylobacter vicugnae; Campylobacter lanienae	Campylobacter devanensis	GCF_002139855.1,GCF_002139875.1,GCF_002139935.1
flhb	268	95.0	3	4	1	None	8	CONCAT,flag,flha,flig,flin,flip,fliq	Nitrosophilus labii; Nitrosophilus alvini; Nitrosophilus kaiyonis	Nitratiruptor tergarcus	GCF_014466985.1,GCF_015100395.1,GCF_027943725.1
flii	429	100.0	9	41	1	None	7	CONCAT,chev,flgk,flip,flir,pflb	Helicobacter canadensis; Wolinella succinogenes; Helicobacter rodentium; Helicobacter valdiviensis; Helicobacter pullorum; Helicobacter turcicus; Helicobacter colisuis; Helicobacter ibis; Helicobacter winghamensis	32 genomes	GCF_000162575.1,GCF_000196135.1,GCF_000687535.1,GCF_003245365.1,GCF_017979475.1,GCF_019711685.1,GCF_023646285.1,GCF_027859255.1,GCF_028751035.1
CONCAT	None	100.0	9	41	1	None	7	chev,flgk,flii,flip,flir,pflb	Helicobacter canadensis; Wolinella succinogenes; Helicobacter rodentium; Helicobacter valdiviensis; Helicobacter pullorum; Helicobacter turcicus; Helicobacter colisuis; Helicobacter ibis; Helicobacter winghamensis	32 genomes	GCF_000162575.1,GCF_000196135.1,GCF_000687535.1,GCF_003245365.1,GCF_017979475.1,GCF_019711685.1,GCF_023646285.1,GCF_027859255.1,GCF_028751035.1
flgk	492	99.0	9	41	1	None	7	CONCAT,chev,flii,flip,flir,pflb	Helicobacter canadensis; Wolinella succinogenes; Helicobacter rodentium; Helicobacter valdiviensis; Helicobacter pullorum; Helicobacter turcicus; Helicobacter colisuis; Helicobacter ibis; Helicobacter winghamensis	32 genomes	GCF_000162575.1,GCF_000196135.1,GCF_000687535.1,GCF_003245365.1,GCF_017979475.1,GCF_019711685.1,GCF_023646285.1,GCF_027859255.1,GCF_028751035.1
flir	211	98.0	9	41	1	None	7	CONCAT,chev,flgk,flii,flip,pflb	Helicobacter canadensis; Wolinella succinogenes; Helicobacter rodentium; Helicobacter valdiviensis; Helicobacter pullorum; Helicobacter turcicus; Helicobacter colisuis; Helicobacter ibis; Helicobacter winghamensis	32 genomes	GCF_000162575.1,GCF_000196135.1,GCF_000687535.1,GCF_003245365.1,GCF_017979475.1,GCF_019711685.1,GCF_023646285.1,GCF_027859255.1,GCF_028751035.1
pflb	589	96.0	9	40	1	None	7	CONCAT,chev,flgk,flii,flip,flir	Helicobacter canadensis; Wolinella succinogenes; Helicobacter rodentium; Helicobacter valdiviensis; Helicobacter pullorum; Helicobacter turcicus; Helicobacter colisuis; Helicobacter ibis; Helicobacter winghamensis	31 genomes	GCF_000162575.1,GCF_000196135.1,GCF_000687535.1,GCF_003245365.1,GCF_017979475.1,GCF_019711685.1,GCF_023646285.1,GCF_027859255.1,GCF_028751035.1
flip	243	99.0	9	39	1	None	7	CONCAT,chev,flgk,flii,flir,pflb	Helicobacter canadensis; Wolinella succinogenes; Helicobacter rodentium; Helicobacter valdiviensis; Helicobacter pullorum; Helicobacter turcicus; Helicobacter colisuis; Helicobacter ibis; Helicobacter winghamensis	30 genomes	GCF_000162575.1,GCF_000196135.1,GCF_000687535.1,GCF_003245365.1,GCF_017979475.1,GCF_019711685.1,GCF_023646285.1,GCF_027859255.1,GCF_028751035.1
chev	312	99.0	9	32	1	None	7	CONCAT,flgk,flii,flip,flir,pflb	Helicobacter canadensis; Wolinella succinogenes; Helicobacter rodentium; Helicobacter valdiviensis; Helicobacter pullorum; Helicobacter turcicus; Helicobacter colisuis; Helicobacter ibis; Helicobacter winghamensis	23 genomes	GCF_000162575.1,GCF_000196135.1,GCF_000687535.1,GCF_003245365.1,GCF_017979475.1,GCF_019711685.1,GCF_023646285.1,GCF_027859255.1,GCF_028751035.1
flgd	165	100.0	4	8	1	None	7	CONCAT,flgj,flgk,flgl,flid,flim	Helicobacter ailurogastricus; Helicobacter heilmannii; Helicobacter mehlei; Helicobacter suis	Helicobacter felis; Helicobacter labacensis; Helicobacter vulpis; Helicobacter salomonis	GCF_001282945.1,GCF_001283065.1,GCF_003660265.1,GCF_026000295.1
flgd	165	100.0	3	7	2	None	7	flgb,flgc,flgg,flgi,flgk,flgl	Sulfurospirillum cavolei; Sulfurospirillum diekertiae; Sulfurospirillum oryzae	Sulfurospirillum deleyianum; Sulfurospirillum barnesii; Sulfurospirillum multivorans; Sulfurospirillum halorespirans	GCF_000813325.1,GCF_011769985.2,GCF_025770725.1
flgg	262	100.0	3	7	2	None	7	flgb,flgc,flgd,flgi,flgk,flgl	Sulfurospirillum cavolei; Sulfurospirillum diekertiae; Sulfurospirillum oryzae	Sulfurospirillum deleyianum; Sulfurospirillum barnesii; Sulfurospirillum multivorans; Sulfurospirillum halorespirans	GCF_000813325.1,GCF_011769985.2,GCF_025770725.1
flgi	258	100.0	3	7	2	None	7	flgb,flgc,flgd,flgg,flgk,flgl	Sulfurospirillum cavolei; Sulfurospirillum diekertiae; Sulfurospirillum oryzae	Sulfurospirillum deleyianum; Sulfurospirillum barnesii; Sulfurospirillum multivorans; Sulfurospirillum halorespirans	GCF_000813325.1,GCF_011769985.2,GCF_025770725.1
flgk	492	100.0	3	7	2	None	7	flgb,flgc,flgd,flgg,flgi,flgl	Sulfurospirillum cavolei; Sulfurospirillum diekertiae; Sulfurospirillum oryzae	Sulfurospirillum deleyianum; Sulfurospirillum barnesii; Sulfurospirillum multivorans; Sulfurospirillum halorespirans	GCF_000813325.1,GCF_011769985.2,GCF_025770725.1
flgl	216	100.0	3	7	2	None	7	flgb,flgc,flgd,flgg,flgi,flgk	Sulfurospirillum cavolei; Sulfurospirillum diekertiae; Sulfurospirillum oryzae	Sulfurospirillum deleyianum; Sulfurospirillum barnesii; Sulfurospirillum multivorans; Sulfurospirillum halorespirans	GCF_000813325.1,GCF_011769985.2,GCF_025770725.1
flgc	164	99.0	3	7	2	None	7	flgb,flgd,flgg,flgi,flgk,flgl	Sulfurospirillum cavolei; Sulfurospirillum diekertiae; Sulfurospirillum oryzae	Sulfurospirillum deleyianum; Sulfurospirillum barnesii; Sulfurospirillum multivorans; Sulfurospirillum halorespirans	GCF_000813325.1,GCF_011769985.2,GCF_025770725.1
flgj	78	99.0	4	8	1	None	7	CONCAT,flgd,flgk,flgl,flid,flim	Helicobacter ailurogastricus; Helicobacter heilmannii; Helicobacter mehlei; Helicobacter suis	Helicobacter felis; Helicobacter labacensis; Helicobacter vulpis; Helicobacter salomonis	GCF_001282945.1,GCF_001283065.1,GCF_003660265.1,GCF_026000295.1
flgl	216	99.0	4	8	1	None	7	CONCAT,flgd,flgj,flgk,flid,flim	Helicobacter ailurogastricus; Helicobacter heilmannii; Helicobacter mehlei; Helicobacter suis	Helicobacter felis; Helicobacter labacensis; Helicobacter vulpis; Helicobacter salomonis	GCF_001282945.1,GCF_001283065.1,GCF_003660265.1,GCF_026000295.1
flid	594	99.0	4	8	1	None	7	CONCAT,flgd,flgj,flgk,flgl,flim	Helicobacter ailurogastricus; Helicobacter heilmannii; Helicobacter mehlei; Helicobacter suis	Helicobacter felis; Helicobacter labacensis; Helicobacter vulpis; Helicobacter salomonis	GCF_001282945.1,GCF_001283065.1,GCF_003660265.1,GCF_026000295.1
CONCAT	None	99.0	4	8	1	None	7	flgd,flgj,flgk,flgl,flid,flim	Helicobacter ailurogastricus; Helicobacter heilmannii; Helicobacter mehlei; Helicobacter suis	Helicobacter felis; Helicobacter labacensis; Helicobacter vulpis; Helicobacter salomonis	GCF_001282945.1,GCF_001283065.1,GCF_003660265.1,GCF_026000295.1
flgb	109	98.0	3	7	2	None	7	flgc,flgd,flgg,flgi,flgk,flgl	Sulfurospirillum cavolei; Sulfurospirillum diekertiae; Sulfurospirillum oryzae	Sulfurospirillum deleyianum; Sulfurospirillum barnesii; Sulfurospirillum multivorans; Sulfurospirillum halorespirans	GCF_000813325.1,GCF_011769985.2,GCF_025770725.1
flgk	492	97.0	4	8	1	None	7	CONCAT,flgd,flgj,flgl,flid,flim	Helicobacter ailurogastricus; Helicobacter heilmannii; Helicobacter mehlei; Helicobacter suis	Helicobacter felis; Helicobacter labacensis; Helicobacter vulpis; Helicobacter salomonis	GCF_001282945.1,GCF_001283065.1,GCF_003660265.1,GCF_026000295.1
flim	301	97.0	4	8	1	None	7	CONCAT,flgd,flgj,flgk,flgl,flid	Helicobacter ailurogastricus; Helicobacter heilmannii; Helicobacter mehlei; Helicobacter suis	Helicobacter felis; Helicobacter labacensis; Helicobacter vulpis; Helicobacter salomonis	GCF_001282945.1,GCF_001283065.1,GCF_003660265.1,GCF_026000295.1
flid	594	100.0	2	4	2	None	7	chea,flgg,flgl,flip,flis,fliw	Campylobacter devanensis; Campylobacter lanienae	Campylobacter porcelli; Campylobacter vicugnae	GCF_002139915.1,GCF_002139935.1
flip	243	100.0	2	4	2	None	7	chea,flgg,flgl,flid,flis,fliw	Campylobacter devanensis; Campylobacter lanienae	Campylobacter porcelli; Campylobacter vicugnae	GCF_002139915.1,GCF_002139935.1
flis	110	100.0	2	4	2	None	7	chea,flgg,flgl,flid,flip,fliw	Campylobacter devanensis; Campylobacter lanienae	Campylobacter porcelli; Campylobacter vicugnae	GCF_002139915.1,GCF_002139935.1
fliw	113	99.0	2	4	2	None	7	chea,flgg,flgl,flid,flip,flis	Campylobacter devanensis; Campylobacter lanienae	Campylobacter porcelli; Campylobacter vicugnae	GCF_002139915.1,GCF_002139935.1
flgg	262	98.0	2	4	2	None	7	chea,flgl,flid,flip,flis,fliw	Campylobacter devanensis; Campylobacter lanienae	Campylobacter porcelli; Campylobacter vicugnae	GCF_002139915.1,GCF_002139935.1
chea	721	95.0	2	4	2	None	7	flgg,flgl,flid,flip,flis,fliw	Campylobacter devanensis; Campylobacter lanienae	Campylobacter porcelli; Campylobacter vicugnae	GCF_002139915.1,GCF_002139935.1
flgl	216	95.0	2	4	2	None	7	chea,flgg,flid,flip,flis,fliw	Campylobacter devanensis; Campylobacter lanienae	Campylobacter porcelli; Campylobacter vicugnae	GCF_002139915.1,GCF_002139935.1
flip	243	100.0	4	10	2	None	6	flgb,flgc,flgh,flgi,flhb	Aliarcobacter vitoriensis; Aliarcobacter trophiarum; Aliarcobacter cryaerophilus; Aliarcobacter lanthieri	6 genomes	GCF_003316695.1,GCF_003355515.1,GCF_003660105.1,GCF_013201625.1
flgb	109	99.0	4	10	2	None	6	flgc,flgh,flgi,flhb,flip	Aliarcobacter vitoriensis; Aliarcobacter trophiarum; Aliarcobacter cryaerophilus; Aliarcobacter lanthieri	6 genomes	GCF_003316695.1,GCF_003355515.1,GCF_003660105.1,GCF_013201625.1
flgi	258	98.0	4	10	2	None	6	flgb,flgc,flgh,flhb,flip	Aliarcobacter vitoriensis; Aliarcobacter trophiarum; Aliarcobacter cryaerophilus; Aliarcobacter lanthieri	6 genomes	GCF_003316695.1,GCF_003355515.1,GCF_003660105.1,GCF_013201625.1
flgh	171	97.0	4	10	2	None	6	flgb,flgc,flgi,flhb,flip	Aliarcobacter vitoriensis; Aliarcobacter trophiarum; Aliarcobacter cryaerophilus; Aliarcobacter lanthieri	6 genomes	GCF_003316695.1,GCF_003355515.1,GCF_003660105.1,GCF_013201625.1
flgc	164	96.0	4	10	2	None	6	flgb,flgh,flgi,flhb,flip	Aliarcobacter vitoriensis; Aliarcobacter trophiarum; Aliarcobacter cryaerophilus; Aliarcobacter lanthieri	6 genomes	GCF_003316695.1,GCF_003355515.1,GCF_003660105.1,GCF_013201625.1
flhb	268	96.0	4	10	2	None	6	flgb,flgc,flgh,flgi,flip	Aliarcobacter vitoriensis; Aliarcobacter trophiarum; Aliarcobacter cryaerophilus; Aliarcobacter lanthieri	6 genomes	GCF_003316695.1,GCF_003355515.1,GCF_003660105.1,GCF_013201625.1
chev	312	100.0	2	4	1	None	6	flha,flhb,flih,flil,fliq	Helicobacter felis; Helicobacter salomonis	Helicobacter labacensis; Helicobacter vulpis	GCF_000200595.1,GCF_017979425.1
flga	184	100.0	2	4	1	None	6	flge,flgi,flha,flif,flih	Nautilia profundicola; Lebetimonas natsushimae	Caminibacter pacificus; Caminibacter mediatlanticus	GCF_000021725.1,GCF_002335445.1
flha	556	100.0	2	4	1	None	6	chev,flhb,flih,flil,fliq	Helicobacter felis; Helicobacter salomonis	Helicobacter labacensis; Helicobacter vulpis	GCF_000200595.1,GCF_017979425.1
flih	150	100.0	2	4	1	None	6	chev,flha,flhb,flil,fliq	Helicobacter felis; Helicobacter salomonis	Helicobacter labacensis; Helicobacter vulpis	GCF_000200595.1,GCF_017979425.1
fliq	86	100.0	2	4	1	None	6	chev,flha,flhb,flih,flil	Helicobacter felis; Helicobacter salomonis	Helicobacter labacensis; Helicobacter vulpis	GCF_000200595.1,GCF_017979425.1
flgi	258	99.0	2	4	1	None	6	flga,flge,flha,flif,flih	Nautilia profundicola; Lebetimonas natsushimae	Caminibacter pacificus; Caminibacter mediatlanticus	GCF_000021725.1,GCF_002335445.1
flhb	268	99.0	2	4	1	None	6	chev,flha,flih,flil,fliq	Helicobacter felis; Helicobacter salomonis	Helicobacter labacensis; Helicobacter vulpis	GCF_000200595.1,GCF_017979425.1
flih	150	99.0	2	4	1	None	6	flga,flge,flgi,flha,flif	Nautilia profundicola; Lebetimonas natsushimae	Caminibacter pacificus; Caminibacter mediatlanticus	GCF_000021725.1,GCF_002335445.1
flha	556	98.0	2	4	1	None	6	flga,flge,flgi,flif,flih	Nautilia profundicola; Lebetimonas natsushimae	Caminibacter pacificus; Caminibacter mediatlanticus	GCF_000021725.1,GCF_002335445.1
flif	439	98.0	2	4	1	None	6	flga,flge,flgi,flha,flih	Nautilia profundicola; Lebetimonas natsushimae	Caminibacter pacificus; Caminibacter mediatlanticus	GCF_000021725.1,GCF_002335445.1
flge	519	96.0	2	4	1	None	6	flga,flgi,flha,flif,flih	Nautilia profundicola; Lebetimonas natsushimae	Caminibacter pacificus; Caminibacter mediatlanticus	GCF_000021725.1,GCF_002335445.1
flil	133	96.0	2	4	1	None	6	chev,flha,flhb,flih,fliq	Helicobacter felis; Helicobacter salomonis	Helicobacter labacensis; Helicobacter vulpis	GCF_000200595.1,GCF_017979425.1
flag	51	100.0	2	3	1	None	6	CONCAT,flgg,flid,flif,flir	Hippea maritima; Hippea alviniae	Hippea jasoniae	GCF_000194135.1,GCF_000420385.1
flgg	262	100.0	2	3	1	None	6	flgc,flha,flhf,flif,flik	Aliarcobacter faecis; Arcobacter vandammei	Aliarcobacter cibarius	GCF_013201705.1,GCF_016106035.1
flgg	262	100.0	2	3	1	None	6	CONCAT,flag,flid,flif,flir	Hippea maritima; Hippea alviniae	Hippea jasoniae	GCF_000194135.1,GCF_000420385.1
flha	556	100.0	2	3	1	None	6	flgc,flgg,flhf,flif,flik	Aliarcobacter faecis; Arcobacter vandammei	Aliarcobacter cibarius	GCF_013201705.1,GCF_016106035.1
flid	594	100.0	2	3	1	None	6	CONCAT,flag,flgg,flif,flir	Hippea maritima; Hippea alviniae	Hippea jasoniae	GCF_000194135.1,GCF_000420385.1
flif	439	100.0	2	3	1	None	6	CONCAT,flag,flgg,flid,flir	Hippea maritima; Hippea alviniae	Hippea jasoniae	GCF_000194135.1,GCF_000420385.1
CONCAT	None	100.0	2	3	1	None	6	flag,flgg,flid,flif,flir	Hippea maritima; Hippea alviniae	Hippea jasoniae	GCF_000194135.1,GCF_000420385.1
flhf	310	99.0	2	3	1	None	6	flgc,flgg,flha,flif,flik	Aliarcobacter faecis; Arcobacter vandammei	Aliarcobacter cibarius	GCF_013201705.1,GCF_016106035.1
flif	439	98.0	2	3	1	None	6	flgc,flgg,flha,flhf,flik	Aliarcobacter faecis; Arcobacter vandammei	Aliarcobacter cibarius	GCF_013201705.1,GCF_016106035.1
flgc	164	97.0	2	3	1	None	6	flgg,flha,flhf,flif,flik	Aliarcobacter faecis; Arcobacter vandammei	Aliarcobacter cibarius	GCF_013201705.1,GCF_016106035.1
flik	97	96.0	2	3	1	None	6	flgc,flgg,flha,flhf,flif	Aliarcobacter faecis; Arcobacter vandammei	Aliarcobacter cibarius	GCF_013201705.1,GCF_016106035.1
flir	211	96.0	2	3	1	None	6	CONCAT,flag,flgg,flid,flif	Hippea maritima; Hippea alviniae	Hippea jasoniae	GCF_000194135.1,GCF_000420385.1
flge	519	100.0	4	6	1	None	5	flgh,flgk,flgl,flid	Sulfurospirillum deleyianum; Sulfurospirillum barnesii; Sulfurospirillum multivorans; Sulfurospirillum halorespirans	Sulfurospirillum diekertiae; Sulfurospirillum oryzae	GCF_000024885.1,GCF_000265295.1,GCF_000568815.1,GCF_001723605.1
flgk	492	100.0	4	6	1	None	5	flge,flgh,flgl,flid	Sulfurospirillum deleyianum; Sulfurospirillum barnesii; Sulfurospirillum multivorans; Sulfurospirillum halorespirans	Sulfurospirillum diekertiae; Sulfurospirillum oryzae	GCF_000024885.1,GCF_000265295.1,GCF_000568815.1,GCF_001723605.1
flgh	171	97.0	4	6	1	None	5	flge,flgk,flgl,flid	Sulfurospirillum deleyianum; Sulfurospirillum barnesii; Sulfurospirillum multivorans; Sulfurospirillum halorespirans	Sulfurospirillum diekertiae; Sulfurospirillum oryzae	GCF_000024885.1,GCF_000265295.1,GCF_000568815.1,GCF_001723605.1
flgl	216	96.0	4	6	1	None	5	flge,flgh,flgk,flid	Sulfurospirillum deleyianum; Sulfurospirillum barnesii; Sulfurospirillum multivorans; Sulfurospirillum halorespirans	Sulfurospirillum diekertiae; Sulfurospirillum oryzae	GCF_000024885.1,GCF_000265295.1,GCF_000568815.1,GCF_001723605.1
chev	312	100.0	2	3	1	None	5	flgc,flgl,flhb,fliw	Campylobacter hyointestinalis; Campylobacter fetus	Campylobacter iguaniorum	GCF_013372145.1,GCF_900475935.1
flgl	216	100.0	2	3	1	None	5	flhb,flid,flig,flir	Aliarcobacter cibarius; Arcobacter vandammei	Aliarcobacter faecis	GCF_013372265.1,GCF_016106035.1
flhb	268	100.0	2	3	1	None	5	chev,flgc,flgl,fliw	Campylobacter hyointestinalis; Campylobacter fetus	Campylobacter iguaniorum	GCF_013372145.1,GCF_900475935.1
flih	150	100.0	2	3	1	None	5	flga,flhf,flig,flin	Hippea alviniae; Hippea jasoniae	Hippea maritima	GCF_000420385.1,GCF_000744435.1
flga	184	99.0	2	3	1	None	5	flhf,flig,flih,flin	Hippea alviniae; Hippea jasoniae	Hippea maritima	GCF_000420385.1,GCF_000744435.1
flgg	262	99.0	2	3	1	None	5	flgh,flgk,flha,flhf	Campylobacter subantarcticus; Campylobacter ornithocola	Campylobacter lari	GCF_000816305.1,GCF_013201605.1
flgh	171	99.0	2	3	1	None	5	flgg,flgk,flha,flhf	Campylobacter subantarcticus; Campylobacter ornithocola	Campylobacter lari	GCF_000816305.1,GCF_013201605.1
flgl	216	99.0	2	3	1	None	5	chev,flgc,flhb,fliw	Campylobacter hyointestinalis; Campylobacter fetus	Campylobacter iguaniorum	GCF_013372145.1,GCF_900475935.1
flhb	268	99.0	2	3	1	None	5	flgl,flid,flig,flir	Aliarcobacter cibarius; Arcobacter vandammei	Aliarcobacter faecis	GCF_013372265.1,GCF_016106035.1
flhf	310	99.0	2	3	1	None	5	flgg,flgh,flgk,flha	Campylobacter subantarcticus; Campylobacter ornithocola	Campylobacter lari	GCF_000816305.1,GCF_013201605.1
flid	594	99.0	4	5	1	None	5	flge,flgh,flgk,flgl	Sulfurospirillum deleyianum; Sulfurospirillum barnesii; Sulfurospirillum multivorans; Sulfurospirillum halorespirans	Sulfurospirillum oryzae	GCF_000024885.1,GCF_000265295.1,GCF_000568815.1,GCF_001723605.1
flid	594	99.0	2	3	1	None	5	flgl,flhb,flig,flir	Aliarcobacter cibarius; Arcobacter vandammei	Aliarcobacter faecis	GCF_013372265.1,GCF_016106035.1
flin	72	99.0	2	3	1	None	5	flga,flhf,flig,flih	Hippea alviniae; Hippea jasoniae	Hippea maritima	GCF_000420385.1,GCF_000744435.1
flir	211	99.0	2	3	1	None	5	flgl,flhb,flid,flig	Aliarcobacter cibarius; Arcobacter vandammei	Aliarcobacter faecis	GCF_013372265.1,GCF_016106035.1
flgc	164	98.0	2	3	1	None	5	chev,flgl,flhb,fliw	Campylobacter hyointestinalis; Campylobacter fetus	Campylobacter iguaniorum	GCF_013372145.1,GCF_900475935.1
flha	556	98.0	2	3	1	None	5	flgg,flgh,flgk,flhf	Campylobacter subantarcticus; Campylobacter ornithocola	Campylobacter lari	GCF_000816305.1,GCF_013201605.1
flig	341	98.0	2	3	1	None	5	flgl,flhb,flid,flir	Aliarcobacter cibarius; Arcobacter vandammei	Aliarcobacter faecis	GCF_013372265.1,GCF_016106035.1
flig	341	98.0	2	3	1	None	5	flga,flhf,flih,flin	Hippea alviniae; Hippea jasoniae	Hippea maritima	GCF_000420385.1,GCF_000744435.1
flgk	492	97.0	2	3	1	None	5	flgg,flgh,flha,flhf	Campylobacter subantarcticus; Campylobacter ornithocola	Campylobacter lari	GCF_000816305.1,GCF_013201605.1
flhf	310	97.0	2	3	1	None	5	flga,flig,flih,flin	Hippea alviniae; Hippea jasoniae	Hippea maritima	GCF_000420385.1,GCF_000744435.1
fliw	113	97.0	2	3	1	None	5	chev,flgc,flgl,flhb	Campylobacter hyointestinalis; Campylobacter fetus	Campylobacter iguaniorum	GCF_013372145.1,GCF_900475935.1
flif	439	100.0	2	16	2	None	4	flie,flig,fliq	Arcobacter caeni; Arcobacter defluvii	14 genomes	GCF_003063245.1,GCF_013201725.1
flie	67	97.0	2	16	2	None	4	flif,flig,fliq	Arcobacter caeni; Arcobacter defluvii	14 genomes	GCF_003063245.1,GCF_013201725.1
fliq	86	97.0	2	16	2	None	4	flie,flif,flig	Arcobacter caeni; Arcobacter defluvii	14 genomes	GCF_003063245.1,GCF_013201725.1
flig	341	96.0	2	16	2	None	4	flie,flif,fliq	Arcobacter caeni; Arcobacter defluvii	14 genomes	GCF_003063245.1,GCF_013201725.1
flig	341	98.0	3	8	2	None	4	flia,flir,pflb	Helicobacter ailurogastricus; Helicobacter heilmannii; Helicobacter mehlei	Helicobacter felis; Helicobacter labacensis; Helicobacter vulpis; Helicobacter salomonis; Helicobacter suis	GCF_001282945.1,GCF_001283065.1,GCF_003660265.1
flia	223	97.0	3	8	2	None	4	flig,flir,pflb	Helicobacter ailurogastricus; Helicobacter heilmannii; Helicobacter mehlei	Helicobacter felis; Helicobacter labacensis; Helicobacter vulpis; Helicobacter salomonis; Helicobacter suis	GCF_001282945.1,GCF_001283065.1,GCF_003660265.1
flir	211	95.0	3	8	2	None	4	flia,flig,pflb	Helicobacter ailurogastricus; Helicobacter heilmannii; Helicobacter mehlei	Helicobacter felis; Helicobacter labacensis; Helicobacter vulpis; Helicobacter salomonis; Helicobacter suis	GCF_001282945.1,GCF_001283065.1,GCF_003660265.1
flgd	165	100.0	4	8	2	None	4	chea,flag,flgj	Helicobacter canadensis; Helicobacter valdiviensis; Helicobacter pullorum; Helicobacter colisuis	Helicobacter rodentium; Helicobacter turcicus; Helicobacter ibis; Helicobacter winghamensis	GCF_000162575.1,GCF_003245365.1,GCF_017979475.1,GCF_023646285.1
flid	594	100.0	3	7	2	None	4	flgi,flii,flim	Sulfurimonas indica; Sulfurimonas marina; Sulfurimonas paralvinellae	Sulfurimonas autotrophica; Sulfurimonas hydrogeniphila; Sulfurimonas sediminis; Sulfurimonas aquatica	GCF_009192995.1,GCF_014905095.1,GCF_014905135.1
flii	429	100.0	3	7	2	None	4	flgi,flid,flim	Sulfurimonas indica; Sulfurimonas marina; Sulfurimonas paralvinellae	Sulfurimonas autotrophica; Sulfurimonas hydrogeniphila; Sulfurimonas sediminis; Sulfurimonas aquatica	GCF_009192995.1,GCF_014905095.1,GCF_014905135.1
flag	51	98.0	4	8	2	None	4	chea,flgd,flgj	Helicobacter canadensis; Helicobacter valdiviensis; Helicobacter pullorum; Helicobacter colisuis	Helicobacter rodentium; Helicobacter turcicus; Helicobacter ibis; Helicobacter winghamensis	GCF_000162575.1,GCF_003245365.1,GCF_017979475.1,GCF_023646285.1
flgj	78	98.0	4	8	2	None	4	chea,flag,flgd	Helicobacter canadensis; Helicobacter valdiviensis; Helicobacter pullorum; Helicobacter colisuis	Helicobacter rodentium; Helicobacter turcicus; Helicobacter ibis; Helicobacter winghamensis	GCF_000162575.1,GCF_003245365.1,GCF_017979475.1,GCF_023646285.1
pflb	589	97.0	3	7	1	None	4	flia,flig,flir	Helicobacter ailurogastricus; Helicobacter heilmannii; Helicobacter mehlei	Helicobacter felis; Helicobacter labacensis; Helicobacter vulpis; Helicobacter salomonis	GCF_001282945.1,GCF_001283065.1,GCF_003660265.1
chea	721	95.0	4	8	2	None	4	flag,flgd,flgj	Helicobacter canadensis; Helicobacter valdiviensis; Helicobacter pullorum; Helicobacter colisuis	Helicobacter rodentium; Helicobacter turcicus; Helicobacter ibis; Helicobacter winghamensis	GCF_000162575.1,GCF_003245365.1,GCF_017979475.1,GCF_023646285.1
flgi	258	95.0	3	7	2	None	4	flid,flii,flim	Sulfurimonas indica; Sulfurimonas marina; Sulfurimonas paralvinellae	Sulfurimonas autotrophica; Sulfurimonas hydrogeniphila; Sulfurimonas sediminis; Sulfurimonas aquatica	GCF_009192995.1,GCF_014905095.1,GCF_014905135.1
flim	301	95.0	3	7	2	None	4	flgi,flid,flii	Sulfurimonas indica; Sulfurimonas marina; Sulfurimonas paralvinellae	Sulfurimonas autotrophica; Sulfurimonas hydrogeniphila; Sulfurimonas sediminis; Sulfurimonas aquatica	GCF_009192995.1,GCF_014905095.1,GCF_014905135.1
flgc	164	100.0	3	5	1	None	4	flge,flgr,flia	Helicobacter enhydrae; Helicobacter brantae; Helicobacter cholecystus	Helicobacter pametensis; Helicobacter kayseriensis	GCF_001693335.1,GCF_003364205.1,GCF_003364215.1
flig	341	100.0	2	4	2	None	4	flgc,flha,pflb	Campylobacter gastrosuis; Campylobacter majalis	Campylobacter pinnipediorum; Campylobacter mucosalis	GCF_030249845.1,GCF_905120465.1
flha	556	99.0	2	4	2	None	4	flgc,flig,pflb	Campylobacter gastrosuis; Campylobacter majalis	Campylobacter pinnipediorum; Campylobacter mucosalis	GCF_030249845.1,GCF_905120465.1
flia	223	99.0	3	5	1	None	4	flgc,flge,flgr	Helicobacter enhydrae; Helicobacter brantae; Helicobacter cholecystus	Helicobacter pametensis; Helicobacter kayseriensis	GCF_001693335.1,GCF_003364205.1,GCF_003364215.1
flga	184	98.0	3	5	1	None	4	flhb,flid,flip	Helicobacter pametensis; Helicobacter enhydrae; Helicobacter kayseriensis	Helicobacter brantae; Helicobacter cholecystus	GCF_000518225.1,GCF_001693335.1,GCF_021300655.1
flgc	164	98.0	2	4	2	None	4	flha,flig,pflb	Campylobacter gastrosuis; Campylobacter majalis	Campylobacter pinnipediorum; Campylobacter mucosalis	GCF_030249845.1,GCF_905120465.1
flge	519	98.0	3	5	1	None	4	flgc,flgr,flia	Helicobacter enhydrae; Helicobacter brantae; Helicobacter cholecystus	Helicobacter pametensis; Helicobacter kayseriensis	GCF_001693335.1,GCF_003364205.1,GCF_003364215.1
flhb	268	98.0	3	5	1	None	4	flga,flid,flip	Helicobacter pametensis; Helicobacter enhydrae; Helicobacter kayseriensis	Helicobacter brantae; Helicobacter cholecystus	GCF_000518225.1,GCF_001693335.1,GCF_021300655.1
pflb	589	98.0	2	4	2	None	4	flgc,flha,flig	Campylobacter gastrosuis; Campylobacter majalis	Campylobacter pinnipediorum; Campylobacter mucosalis	GCF_030249845.1,GCF_905120465.1
flgr	429	97.0	3	5	1	None	4	flgc,flge,flia	Helicobacter enhydrae; Helicobacter brantae; Helicobacter cholecystus	Helicobacter pametensis; Helicobacter kayseriensis	GCF_001693335.1,GCF_003364205.1,GCF_003364215.1
flip	243	96.0	3	5	1	None	4	flga,flhb,flid	Helicobacter pametensis; Helicobacter enhydrae; Helicobacter kayseriensis	Helicobacter brantae; Helicobacter cholecystus	GCF_000518225.1,GCF_001693335.1,GCF_021300655.1
flid	594	95.0	3	5	1	None	4	flga,flhb,flip	Helicobacter pametensis; Helicobacter enhydrae; Helicobacter kayseriensis	Helicobacter brantae; Helicobacter cholecystus	GCF_000518225.1,GCF_001693335.1,GCF_021300655.1
flgd	165	100.0	3	4	1	None	4	flgh,flgs,flig	Campylobacter porcelli; Campylobacter vicugnae; Campylobacter devanensis	Campylobacter lanienae	GCF_002139855.1,GCF_002139875.1,GCF_002139915.1
flgs	270	100.0	3	4	1	None	4	flgd,flgh,flig	Campylobacter porcelli; Campylobacter vicugnae; Campylobacter devanensis	Campylobacter lanienae	GCF_002139855.1,GCF_002139875.1,GCF_002139915.1
flig	341	98.0	3	4	1	None	4	flgd,flgh,flgs	Campylobacter porcelli; Campylobacter vicugnae; Campylobacter devanensis	Campylobacter lanienae	GCF_002139855.1,GCF_002139875.1,GCF_002139915.1
flgh	171	97.0	3	4	1	None	4	flgd,flgs,flig	Campylobacter porcelli; Campylobacter vicugnae; Campylobacter devanensis	Campylobacter lanienae	GCF_002139855.1,GCF_002139875.1,GCF_002139915.1
flgi	258	100.0	8	149	3	None	3	flgh,flis	Hippea maritima; Hippea alviniae; Hippea jasoniae; Desulfurella amilsii; Nitrosophilus labii; Nitrosophilus alvini; Nitrosophilus kaiyonis; Nitratiruptor tergarcus	141 genomes	GCF_000194135.1,GCF_000420385.1,GCF_000744435.1,GCF_002119425.1,GCF_014466985.1,GCF_015100395.1,GCF_027943725.1,GCF_027946175.1
flis	110	97.0	8	149	3	None	3	flgh,flgi	Hippea maritima; Hippea alviniae; Hippea jasoniae; Desulfurella amilsii; Nitrosophilus labii; Nitrosophilus alvini; Nitrosophilus kaiyonis; Nitratiruptor tergarcus	141 genomes	GCF_000194135.1,GCF_000420385.1,GCF_000744435.1,GCF_002119425.1,GCF_014466985.1,GCF_015100395.1,GCF_027943725.1,GCF_027946175.1
flgh	171	100.0	8	147	3	None	3	flgi,flis	Hippea maritima; Hippea alviniae; Hippea jasoniae; Desulfurella amilsii; Nitrosophilus labii; Nitrosophilus alvini; Nitrosophilus kaiyonis; Nitratiruptor tergarcus	139 genomes	GCF_000194135.1,GCF_000420385.1,GCF_000744435.1,GCF_002119425.1,GCF_014466985.1,GCF_015100395.1,GCF_027943725.1,GCF_027946175.1
flha	556	98.0	11	32	1	None	3	flhf,pflb	Helicobacter cinaedi; Helicobacter pametensis; Helicobacter japonicus; Helicobacter jaachi; Helicobacter himalayensis; Helicobacter enhydrae; Helicobacter brantae; Helicobacter cholecystus; Helicobacter marmotae; Helicobacter labetoulli; Helicobacter kayseriensis	21 genomes	GCF_000155475.1,GCF_000518225.1,GCF_000762845.2,GCF_000763135.2,GCF_001602095.1,GCF_001693335.1,GCF_003364205.1,GCF_003364215.1,GCF_003364255.1,GCF_003670275.1,GCF_021300655.1
flhf	310	99.0	11	31	1	None	3	flha,pflb	Helicobacter cinaedi; Helicobacter pametensis; Helicobacter japonicus; Helicobacter jaachi; Helicobacter himalayensis; Helicobacter enhydrae; Helicobacter brantae; Helicobacter cholecystus; Helicobacter marmotae; Helicobacter labetoulli; Helicobacter kayseriensis	20 genomes	GCF_000155475.1,GCF_000518225.1,GCF_000762845.2,GCF_000763135.2,GCF_001602095.1,GCF_001693335.1,GCF_003364205.1,GCF_003364215.1,GCF_003364255.1,GCF_003670275.1,GCF_021300655.1
pflb	589	95.0	11	31	1	None	3	flha,flhf	Helicobacter cinaedi; Helicobacter pametensis; Helicobacter japonicus; Helicobacter jaachi; Helicobacter himalayensis; Helicobacter enhydrae; Helicobacter brantae; Helicobacter cholecystus; Helicobacter marmotae; Helicobacter labetoulli; Helicobacter kayseriensis	20 genomes	GCF_000155475.1,GCF_000518225.1,GCF_000762845.2,GCF_000763135.2,GCF_001602095.1,GCF_001693335.1,GCF_003364205.1,GCF_003364215.1,GCF_003364255.1,GCF_003670275.1,GCF_021300655.1
flhb	268	100.0	3	15	1	None	3	CONCAT,flik	Arcobacter aquimarinus; Arcobacter defluvii; Arcobacter cloacae	12 genomes	GCF_013177635.1,GCF_013201725.1,GCF_013201935.1
CONCAT	None	100.0	3	15	1	None	3	flhb,flik	Arcobacter aquimarinus; Arcobacter defluvii; Arcobacter cloacae	12 genomes	GCF_013177635.1,GCF_013201725.1,GCF_013201935.1
flik	97	99.0	3	15	1	None	3	CONCAT,flhb	Arcobacter aquimarinus; Arcobacter defluvii; Arcobacter cloacae	12 genomes	GCF_013177635.1,GCF_013201725.1,GCF_013201935.1
flgd	165	100.0	3	14	2	None	3	chea,flge	Sulfurimonas gotlandica; Sulfurimonas hongkongensis; Sulfurimonas lithotrophica	11 genomes	GCF_000242915.1,GCF_000445475.1,GCF_009258225.1
chea	721	95.0	3	14	2	None	3	flgd,flge	Sulfurimonas gotlandica; Sulfurimonas hongkongensis; Sulfurimonas lithotrophica	11 genomes	GCF_000242915.1,GCF_000445475.1,GCF_009258225.1
flge	519	95.0	3	13	2	None	3	chea,flgd	Sulfurimonas gotlandica; Sulfurimonas hongkongensis; Sulfurimonas lithotrophica	10 genomes	GCF_000242915.1,GCF_000445475.1,GCF_009258225.1
flig	341	100.0	2	8	3	None	3	flge,flin	Helicobacter rodentium; Helicobacter valdiviensis	6 genomes	GCF_000687535.1,GCF_003245365.1
flin	72	98.0	2	8	3	None	3	flge,flig	Helicobacter rodentium; Helicobacter valdiviensis	6 genomes	GCF_000687535.1,GCF_003245365.1
flge	519	97.0	2	8	3	None	3	flig,flin	Helicobacter rodentium; Helicobacter valdiviensis	6 genomes	GCF_000687535.1,GCF_003245365.1
flgi	258	100.0	2	6	2	None	3	flhb,flis	Campylobacter coli; Campylobacter jejuni	Campylobacter hepaticus; Campylobacter aviculae; Campylobacter taeniopygiae; Campylobacter bilis	GCF_000254135.1,GCF_001457695.1
flge	519	99.0	3	7	2	None	3	flie,flig	Helicobacter turcicus; Helicobacter ibis; Helicobacter winghamensis	Helicobacter canadensis; Helicobacter rodentium; Helicobacter pullorum; Helicobacter colisuis	GCF_019711685.1,GCF_027859255.1,GCF_028751035.1
flhb	268	98.0	2	6	2	None	3	flgi,flis	Campylobacter coli; Campylobacter jejuni	Campylobacter hepaticus; Campylobacter aviculae; Campylobacter taeniopygiae; Campylobacter bilis	GCF_000254135.1,GCF_001457695.1
fliq	86	98.0	3	7	1	None	3	flih,flir	Sulfurospirillum deleyianum; Sulfurospirillum barnesii; Sulfurospirillum cavolei	Sulfurospirillum multivorans; Sulfurospirillum halorespirans; Sulfurospirillum diekertiae; Sulfurospirillum oryzae	GCF_000024885.1,GCF_000265295.1,GCF_000813325.1
flis	110	98.0	2	6	2	None	3	flgi,flhb	Campylobacter coli; Campylobacter jejuni	Campylobacter hepaticus; Campylobacter aviculae; Campylobacter taeniopygiae; Campylobacter bilis	GCF_000254135.1,GCF_001457695.1
flie	67	97.0	3	7	2	None	3	flge,flig	Helicobacter turcicus; Helicobacter ibis; Helicobacter winghamensis	Helicobacter canadensis; Helicobacter rodentium; Helicobacter pullorum; Helicobacter colisuis	GCF_019711685.1,GCF_027859255.1,GCF_028751035.1
flir	211	97.0	3	7	1	None	3	flih,fliq	Sulfurospirillum deleyianum; Sulfurospirillum barnesii; Sulfurospirillum cavolei	Sulfurospirillum multivorans; Sulfurospirillum halorespirans; Sulfurospirillum diekertiae; Sulfurospirillum oryzae	GCF_000024885.1,GCF_000265295.1,GCF_000813325.1
flig	341	95.0	3	7	2	None	3	flge,flie	Helicobacter turcicus; Helicobacter ibis; Helicobacter winghamensis	Helicobacter canadensis; Helicobacter rodentium; Helicobacter pullorum; Helicobacter colisuis	GCF_019711685.1,GCF_027859255.1,GCF_028751035.1
flih	150	96.0	3	6	1	None	3	fliq,flir	Sulfurospirillum deleyianum; Sulfurospirillum barnesii; Sulfurospirillum cavolei	Sulfurospirillum multivorans; Sulfurospirillum diekertiae; Sulfurospirillum oryzae	GCF_000024885.1,GCF_000265295.1,GCF_000813325.1
flge	519	100.0	3	5	1	None	3	flha,flig	Helicobacter saguini; Helicobacter muridarum; Helicobacter didelphidarum	Helicobacter bilis; Helicobacter trogontum	GCF_000762875.2,GCF_000765805.2,GCF_003364195.1
flgl	216	100.0	2	4	2	None	3	chev,flil	Campylobacter pinnipediorum; Campylobacter gastrosuis	Campylobacter mucosalis; Campylobacter majalis	GCF_002021925.1,GCF_030249845.1
flgr	429	100.0	5	7	1	None	3	chev,flhb	Sulfurospirillum multivorans; Sulfurospirillum cavolei; Sulfurospirillum halorespirans; Sulfurospirillum diekertiae; Sulfurospirillum oryzae	Sulfurospirillum deleyianum; Sulfurospirillum barnesii	GCF_000568815.1,GCF_000813325.1,GCF_001723605.1,GCF_011769985.2,GCF_025770725.1
flha	556	100.0	3	5	1	None	3	flge,flig	Helicobacter saguini; Helicobacter muridarum; Helicobacter didelphidarum	Helicobacter bilis; Helicobacter trogontum	GCF_000762875.2,GCF_000765805.2,GCF_003364195.1
flig	341	100.0	3	5	1	None	3	flge,flha	Helicobacter saguini; Helicobacter muridarum; Helicobacter didelphidarum	Helicobacter bilis; Helicobacter trogontum	GCF_000762875.2,GCF_000765805.2,GCF_003364195.1
flii	429	100.0	2	4	1	None	3	flgj,flha	Malaciobacter mytili; Malaciobacter molluscorum	Malaciobacter halophilus; Malaciobacter marinus	GCF_003346775.1,GCF_003544935.1
flii	429	100.0	3	5	1	None	3	flgg,flgl	Helicobacter bilis; Helicobacter muridarum; Helicobacter trogontum	Helicobacter saguini; Helicobacter didelphidarum	GCF_000686565.1,GCF_000765805.2,GCF_000765905.2
chev	312	99.0	4	6	1	None	3	flgk,flif	Campylobacter coli; Campylobacter jejuni; Campylobacter hepaticus; Campylobacter bilis	Campylobacter aviculae; Campylobacter taeniopygiae	GCF_000254135.1,GCF_001457695.1,GCF_001687475.2,GCF_016806695.1
flgg	262	99.0	3	5	1	None	3	flgl,flii	Helicobacter bilis; Helicobacter muridarum; Helicobacter trogontum	Helicobacter saguini; Helicobacter didelphidarum	GCF_000686565.1,GCF_000765805.2,GCF_000765905.2
flha	556	99.0	2	4	1	None	3	flgj,flii	Malaciobacter mytili; Malaciobacter molluscorum	Malaciobacter halophilus; Malaciobacter marinus	GCF_003346775.1,GCF_003544935.1
flhb	268	99.0	5	7	1	None	3	chev,flgr	Sulfurospirillum multivorans; Sulfurospirillum cavolei; Sulfurospirillum halorespirans; Sulfurospirillum diekertiae; Sulfurospirillum oryzae	Sulfurospirillum deleyianum; Sulfurospirillum barnesii	GCF_000568815.1,GCF_000813325.1,GCF_001723605.1,GCF_011769985.2,GCF_025770725.1
flil	133	98.0	2	4	2	None	3	chev,flgl	Campylobacter pinnipediorum; Campylobacter gastrosuis	Campylobacter mucosalis; Campylobacter majalis	GCF_002021925.1,GCF_030249845.1
chev	312	97.0	2	4	2	None	3	flgl,flil	Campylobacter pinnipediorum; Campylobacter gastrosuis	Campylobacter mucosalis; Campylobacter majalis	GCF_002021925.1,GCF_030249845.1
flgj	78	97.0	2	4	1	None	3	flha,flii	Malaciobacter mytili; Malaciobacter molluscorum	Malaciobacter halophilus; Malaciobacter marinus	GCF_003346775.1,GCF_003544935.1
chev	312	96.0	5	7	1	None	3	flgr,flhb	Sulfurospirillum multivorans; Sulfurospirillum cavolei; Sulfurospirillum halorespirans; Sulfurospirillum diekertiae; Sulfurospirillum oryzae	Sulfurospirillum deleyianum; Sulfurospirillum barnesii	GCF_000568815.1,GCF_000813325.1,GCF_001723605.1,GCF_011769985.2,GCF_025770725.1
flgl	216	96.0	3	5	1	None	3	flgg,flii	Helicobacter bilis; Helicobacter muridarum; Helicobacter trogontum	Helicobacter saguini; Helicobacter didelphidarum	GCF_000686565.1,GCF_000765805.2,GCF_000765905.2
flif	439	96.0	4	6	1	None	3	chev,flgk	Campylobacter coli; Campylobacter jejuni; Campylobacter hepaticus; Campylobacter bilis	Campylobacter aviculae; Campylobacter taeniopygiae	GCF_000254135.1,GCF_001457695.1,GCF_001687475.2,GCF_016806695.1
chev	312	100.0	3	4	1	None	3	flim,fliq	Campylobacter porcelli; Campylobacter devanensis; Campylobacter lanienae	Campylobacter vicugnae	GCF_002139855.1,GCF_002139915.1,GCF_002139935.1
flgi	258	100.0	2	3	1	None	3	flid,flis	Campylobacter rectus; Campylobacter showae	Campylobacter massiliensis	GCF_004803795.1,GCF_004803815.1
flgj	78	100.0	2	3	1	None	3	flif,flii	Campylobacter curvus; Campylobacter anatolicus	Campylobacter concisus	GCF_013372125.1,GCF_018145655.1
flgs	270	100.0	6	7	1	None	3	CONCAT,flig	Sulfurimonas autotrophica; Sulfurimonas hydrogeniphila; Sulfurimonas indica; Sulfurimonas marina; Sulfurimonas sediminis; Sulfurimonas paralvinellae	Sulfurimonas aquatica	GCF_000147355.1,GCF_009068765.1,GCF_009192995.1,GCF_014905095.1,GCF_014905115.1,GCF_014905135.1
flha	556	100.0	3	4	1	None	3	flhf,flii	Sulfurospirillum multivorans; Sulfurospirillum halorespirans; Sulfurospirillum diekertiae	Sulfurospirillum oryzae	GCF_000568815.1,GCF_001723605.1,GCF_011769985.2
flig	341	100.0	6	7	1	None	3	CONCAT,flgs	Sulfurimonas autotrophica; Sulfurimonas hydrogeniphila; Sulfurimonas indica; Sulfurimonas marina; Sulfurimonas sediminis; Sulfurimonas paralvinellae	Sulfurimonas aquatica	GCF_000147355.1,GCF_009068765.1,GCF_009192995.1,GCF_014905095.1,GCF_014905115.1,GCF_014905135.1
flii	429	100.0	2	3	1	None	3	flgj,flif	Campylobacter curvus; Campylobacter anatolicus	Campylobacter concisus	GCF_013372125.1,GCF_018145655.1
flim	301	100.0	3	4	1	None	3	chev,fliq	Campylobacter porcelli; Campylobacter devanensis; Campylobacter lanienae	Campylobacter vicugnae	GCF_002139855.1,GCF_002139915.1,GCF_002139935.1
flis	110	100.0	2	3	1	None	3	flgi,flid	Campylobacter rectus; Campylobacter showae	Campylobacter massiliensis	GCF_004803795.1,GCF_004803815.1
CONCAT	None	100.0	6	7	1	None	3	flgs,flig	Sulfurimonas autotrophica; Sulfurimonas hydrogeniphila; Sulfurimonas indica; Sulfurimonas marina; Sulfurimonas sediminis; Sulfurimonas paralvinellae	Sulfurimonas aquatica	GCF_000147355.1,GCF_009068765.1,GCF_009192995.1,GCF_014905095.1,GCF_014905115.1,GCF_014905135.1
flif	439	99.0	2	3	1	None	3	flgj,flii	Campylobacter curvus; Campylobacter anatolicus	Campylobacter concisus	GCF_013372125.1,GCF_018145655.1
flii	429	99.0	3	4	1	None	3	flha,flhf	Sulfurospirillum multivorans; Sulfurospirillum halorespirans; Sulfurospirillum diekertiae	Sulfurospirillum oryzae	GCF_000568815.1,GCF_001723605.1,GCF_011769985.2
flin	72	99.0	2	3	1	None	3	flgb,flgg	Hydrogenimonas cancrithermarum; Hydrogenimonas thermophila	Hydrogenimonas urashimensis	GCF_030296055.1,GCF_900115615.1
fliq	86	98.0	3	4	1	None	3	chev,flim	Campylobacter porcelli; Campylobacter devanensis; Campylobacter lanienae	Campylobacter vicugnae	GCF_002139855.1,GCF_002139915.1,GCF_002139935.1
flhf	310	97.0	3	4	1	None	3	flha,flii	Sulfurospirillum multivorans; Sulfurospirillum halorespirans; Sulfurospirillum diekertiae	Sulfurospirillum oryzae	GCF_000568815.1,GCF_001723605.1,GCF_011769985.2
flgg	262	96.0	2	3	1	None	3	flgb,flin	Hydrogenimonas cancrithermarum; Hydrogenimonas thermophila	Hydrogenimonas urashimensis	GCF_030296055.1,GCF_900115615.1
flgb	109	95.0	2	3	1	None	3	flgg,flin	Hydrogenimonas cancrithermarum; Hydrogenimonas thermophila	Hydrogenimonas urashimensis	GCF_030296055.1,GCF_900115615.1
flgk	492	95.0	4	5	1	None	3	chev,flif	Campylobacter coli; Campylobacter jejuni; Campylobacter hepaticus; Campylobacter bilis	Campylobacter aviculae	GCF_000254135.1,GCF_001457695.1,GCF_001687475.2,GCF_016806695.1
flid	594	95.0	2	3	1	None	3	flgi,flis	Campylobacter rectus; Campylobacter showae	Campylobacter massiliensis	GCF_004803795.1,GCF_004803815.1
flgl	216	98.0	5	29	2	None	2	flgh	Arcobacter nitrofigilis; Malaciobacter halophilus; Malaciobacter mytili; Malaciobacter marinus; Malaciobacter molluscorum	24 genomes	GCF_000092245.1,GCF_002837275.1,GCF_003346775.1,GCF_003544855.1,GCF_003544935.1
flgh	171	97.0	5	29	2	None	2	flgl	Arcobacter nitrofigilis; Malaciobacter halophilus; Malaciobacter mytili; Malaciobacter marinus; Malaciobacter molluscorum	24 genomes	GCF_000092245.1,GCF_002837275.1,GCF_003346775.1,GCF_003544855.1,GCF_003544935.1
flin	72	100.0	8	29	2	None	2	flim	Arcobacter nitrofigilis; Malaciobacter halophilus; Malaciobacter mytili; Halarcobacter bivalviorum; Malaciobacter marinus; Malaciobacter molluscorum; Halarcobacter anaerophilus; Halarcobacter ebronensis	21 genomes	GCF_000092245.1,GCF_002837275.1,GCF_003346775.1,GCF_003346815.1,GCF_003544855.1,GCF_003544935.1,GCF_006459125.1,GCF_013201825.1
flii	429	99.0	4	25	1	None	2	flhf	Arcobacter nitrofigilis; Halarcobacter bivalviorum; Halarcobacter anaerophilus; Halarcobacter ebronensis	21 genomes	GCF_000092245.1,GCF_003346815.1,GCF_006459125.1,GCF_013201825.1
flhf	310	98.0	4	25	1	None	2	flii	Arcobacter nitrofigilis; Halarcobacter bivalviorum; Halarcobacter anaerophilus; Halarcobacter ebronensis	21 genomes	GCF_000092245.1,GCF_003346815.1,GCF_006459125.1,GCF_013201825.1
flim	301	98.0	8	29	2	None	2	flin	Arcobacter nitrofigilis; Malaciobacter halophilus; Malaciobacter mytili; Halarcobacter bivalviorum; Malaciobacter marinus; Malaciobacter molluscorum; Halarcobacter anaerophilus; Halarcobacter ebronensis	21 genomes	GCF_000092245.1,GCF_002837275.1,GCF_003346775.1,GCF_003346815.1,GCF_003544855.1,GCF_003544935.1,GCF_006459125.1,GCF_013201825.1
flid	594	99.0	5	21	2	None	2	flge	Helicobacter macacae; Helicobacter anseris; Helicobacter canis; Helicobacter anatolicus; Helicobacter mustelae	16 genomes	GCF_000507845.1,GCF_003364335.1,GCF_008693005.1,GCF_021300615.1,GCF_900476215.1
flge	519	96.0	5	20	2	None	2	flid	Helicobacter macacae; Helicobacter anseris; Helicobacter canis; Helicobacter anatolicus; Helicobacter mustelae	15 genomes	GCF_000507845.1,GCF_003364335.1,GCF_008693005.1,GCF_021300615.1,GCF_900476215.1
flid	594	100.0	4	16	2	None	2	flir	Arcobacter caeni; Arcobacter aquimarinus; Arcobacter defluvii; Arcobacter cloacae	12 genomes	GCF_003063245.1,GCF_013177635.1,GCF_013201725.1,GCF_013201935.1
flir	211	97.0	4	16	2	None	2	flid	Arcobacter caeni; Arcobacter aquimarinus; Arcobacter defluvii; Arcobacter cloacae	12 genomes	GCF_003063245.1,GCF_013177635.1,GCF_013201725.1,GCF_013201935.1
flgc	164	98.0	7	13	2	None	2	flgg	Sulfurimonas denitrificans; Sulfurimonas gotlandica; Sulfurimonas hongkongensis; Sulfurimonas crateris; Sulfurimonas baltica; Sulfurimonas marisnigri; Sulfurimonas aquatica	6 genomes	GCF_000012965.1,GCF_000242915.1,GCF_000445475.1,GCF_005217605.1,GCF_015265455.1,GCF_015265475.1,GCF_017357825.1
flgg	262	97.0	7	13	2	None	2	flgc	Sulfurimonas denitrificans; Sulfurimonas gotlandica; Sulfurimonas hongkongensis; Sulfurimonas crateris; Sulfurimonas baltica; Sulfurimonas marisnigri; Sulfurimonas aquatica	6 genomes	GCF_000012965.1,GCF_000242915.1,GCF_000445475.1,GCF_005217605.1,GCF_015265455.1,GCF_015265475.1,GCF_017357825.1
flid	594	100.0	2	7	3	None	2	flip	Campylobacter peloridis; Campylobacter ornithocola	Campylobacter insulaenigrae; Campylobacter subantarcticus; Campylobacter volucris; Campylobacter armoricus; Campylobacter lari	GCF_000816785.1,GCF_013201605.1
flig	341	99.0	2	7	4	None	2	flgs	Campylobacter subantarcticus; Campylobacter peloridis	Campylobacter insulaenigrae; Campylobacter volucris; Campylobacter ornithocola; Campylobacter armoricus; Campylobacter lari	GCF_000816305.1,GCF_000816785.1
flgs	270	98.0	2	7	4	None	2	flig	Campylobacter subantarcticus; Campylobacter peloridis	Campylobacter insulaenigrae; Campylobacter volucris; Campylobacter ornithocola; Campylobacter armoricus; Campylobacter lari	GCF_000816305.1,GCF_000816785.1
flip	243	97.0	2	7	3	None	2	flid	Campylobacter peloridis; Campylobacter ornithocola	Campylobacter insulaenigrae; Campylobacter subantarcticus; Campylobacter volucris; Campylobacter armoricus; Campylobacter lari	GCF_000816785.1,GCF_013201605.1
flgg	262	100.0	2	6	2	None	2	flis	Campylobacter insulaenigrae; Campylobacter armoricus	Campylobacter subantarcticus; Campylobacter volucris; Campylobacter ornithocola; Campylobacter lari	GCF_000816185.1,GCF_013372105.1
flid	594	100.0	2	6	3	None	2	flis	Sulfurimonas denitrificans; Sulfurimonas hongkongensis	Sulfurimonas gotlandica; Sulfurimonas crateris; Sulfurimonas baltica; Sulfurimonas marisnigri	GCF_000012965.1,GCF_000445475.1
flis	110	100.0	2	6	3	None	2	flid	Sulfurimonas denitrificans; Sulfurimonas hongkongensis	Sulfurimonas gotlandica; Sulfurimonas crateris; Sulfurimonas baltica; Sulfurimonas marisnigri	GCF_000012965.1,GCF_000445475.1
flis	110	99.0	2	6	2	None	2	flgg	Campylobacter insulaenigrae; Campylobacter armoricus	Campylobacter subantarcticus; Campylobacter volucris; Campylobacter ornithocola; Campylobacter lari	GCF_000816185.1,GCF_013372105.1
flge	519	98.0	2	6	4	None	2	flgd	Campylobacter subantarcticus; Campylobacter volucris	Campylobacter insulaenigrae; Campylobacter ornithocola; Campylobacter armoricus; Campylobacter lari	GCF_000816305.1,GCF_008245045.1
flgd	165	95.0	2	6	4	None	2	flge	Campylobacter subantarcticus; Campylobacter volucris	Campylobacter insulaenigrae; Campylobacter ornithocola; Campylobacter armoricus; Campylobacter lari	GCF_000816305.1,GCF_008245045.1
flif	439	100.0	4	7	1	None	2	flgc	Helicobacter rodentium; Helicobacter turcicus; Helicobacter ibis; Helicobacter winghamensis	Helicobacter canadensis; Helicobacter pullorum; Helicobacter colisuis	GCF_000687535.1,GCF_019711685.1,GCF_027859255.1,GCF_028751035.1
flgc	164	98.0	4	7	1	None	2	flif	Helicobacter rodentium; Helicobacter turcicus; Helicobacter ibis; Helicobacter winghamensis	Helicobacter canadensis; Helicobacter pullorum; Helicobacter colisuis	GCF_000687535.1,GCF_019711685.1,GCF_027859255.1,GCF_028751035.1
flil	133	96.0	5	8	2	None	2	flgb	Helicobacter rodentium; Helicobacter valdiviensis; Helicobacter turcicus; Helicobacter ibis; Helicobacter winghamensis	Helicobacter canadensis; Helicobacter pullorum; Helicobacter colisuis	GCF_000687535.1,GCF_003245365.1,GCF_019711685.1,GCF_027859255.1,GCF_028751035.1
flgb	109	95.0	5	8	2	None	2	flil	Helicobacter rodentium; Helicobacter valdiviensis; Helicobacter turcicus; Helicobacter ibis; Helicobacter winghamensis	Helicobacter canadensis; Helicobacter pullorum; Helicobacter colisuis	GCF_000687535.1,GCF_003245365.1,GCF_019711685.1,GCF_027859255.1,GCF_028751035.1
chev	312	100.0	2	4	1	None	2	chea	Campylobacter ornithocola; Campylobacter armoricus	Campylobacter subantarcticus; Campylobacter lari	GCF_013201605.1,GCF_013372105.1
flgk	492	100.0	2	4	2	None	2	flid	Nitrosophilus labii; Nitrosophilus alvini	Nitrosophilus kaiyonis; Nitratiruptor tergarcus	GCF_014466985.1,GCF_015100395.1
flgl	216	100.0	2	4	2	None	2	flie	Nitrosophilus alvini; Nitrosophilus kaiyonis	Nitrosophilus labii; Nitratiruptor tergarcus	GCF_015100395.1,GCF_027943725.1
flid	594	100.0	2	4	2	None	2	flgk	Nitrosophilus labii; Nitrosophilus alvini	Nitrosophilus kaiyonis; Nitratiruptor tergarcus	GCF_014466985.1,GCF_015100395.1
flie	67	100.0	2	4	2	None	2	flgl	Nitrosophilus alvini; Nitrosophilus kaiyonis	Nitrosophilus labii; Nitratiruptor tergarcus	GCF_015100395.1,GCF_027943725.1
chea	721	99.0	3	5	1	None	2	flgs	Helicobacter japonicus; Helicobacter jaachi; Helicobacter marmotae	Helicobacter cinaedi; Helicobacter labetoulli	GCF_000762845.2,GCF_000763135.2,GCF_003364255.1
flgb	109	99.0	2	4	1	None	2	flgc	Nitrosophilus alvini; Nitratiruptor tergarcus	Nitrosophilus labii; Nitrosophilus kaiyonis	GCF_015100395.1,GCF_027946175.1
flgc	164	98.0	2	4	1	None	2	flgb	Nitrosophilus alvini; Nitratiruptor tergarcus	Nitrosophilus labii; Nitrosophilus kaiyonis	GCF_015100395.1,GCF_027946175.1
flgs	270	98.0	3	5	1	None	2	chea	Helicobacter japonicus; Helicobacter jaachi; Helicobacter marmotae	Helicobacter cinaedi; Helicobacter labetoulli	GCF_000762845.2,GCF_000763135.2,GCF_003364255.1
chea	721	97.0	2	4	1	None	2	chev	Campylobacter ornithocola; Campylobacter armoricus	Campylobacter subantarcticus; Campylobacter lari	GCF_013201605.1,GCF_013372105.1
flgr	429	97.0	6	8	2	None	2	flhf	Helicobacter felis; Helicobacter ailurogastricus; Helicobacter heilmannii; Helicobacter labacensis; Helicobacter vulpis; Helicobacter salomonis	Helicobacter mehlei; Helicobacter suis	GCF_000200595.1,GCF_001282945.1,GCF_001283065.1,GCF_003660285.1,GCF_003660395.1,GCF_017979425.1
flgg	262	100.0	3	4	1	None	2	flik	Lebetimonas natsushimae; Caminibacter pacificus; Caminibacter mediatlanticus	Nautilia profundicola	GCF_002335445.1,GCF_003752135.1,GCF_005843985.1
flgj	78	100.0	2	3	1	None	2	flgc	Nautilia profundicola; Caminibacter pacificus	Caminibacter mediatlanticus	GCF_000021725.1,GCF_003752135.1
flia	223	100.0	2	3	1	None	2	flga	Helicobacter anseris; Helicobacter anatolicus	Helicobacter mustelae	GCF_003364335.1,GCF_021300615.1
flig	341	100.0	3	4	1	None	2	flil	Sulfurospirillum multivorans; Sulfurospirillum halorespirans; Sulfurospirillum oryzae	Sulfurospirillum diekertiae	GCF_000568815.1,GCF_001723605.1,GCF_025770725.1
flga	184	99.0	2	3	1	None	2	flia	Helicobacter anseris; Helicobacter anatolicus	Helicobacter mustelae	GCF_003364335.1,GCF_021300615.1
flgs	270	98.0	9	10	1	None	2	chea	Campylobacter coli; Campylobacter jejuni; Campylobacter hepaticus; Campylobacter helveticus; Campylobacter cuniculorum; Campylobacter aviculae; Campylobacter taeniopygiae; Campylobacter bilis; Campylobacter upsaliensis	Campylobacter novaezeelandiae	GCF_000254135.1,GCF_001457695.1,GCF_001687475.2,GCF_002080395.1,GCF_002104335.1,GCF_005406215.1,GCF_005406225.1,GCF_016806695.1,GCF_900637395.1
flhf	310	98.0	6	7	1	None	2	flgr	Helicobacter felis; Helicobacter ailurogastricus; Helicobacter heilmannii; Helicobacter labacensis; Helicobacter vulpis; Helicobacter salomonis	Helicobacter mehlei	GCF_000200595.1,GCF_001282945.1,GCF_001283065.1,GCF_003660285.1,GCF_003660395.1,GCF_017979425.1
flil	133	98.0	3	4	1	None	2	flir	Helicobacter cinaedi; Helicobacter japonicus; Helicobacter labetoulli	Helicobacter marmotae	GCF_000155475.1,GCF_000762845.2,GCF_003670275.1
flir	211	97.0	3	4	1	None	2	flil	Helicobacter cinaedi; Helicobacter japonicus; Helicobacter labetoulli	Helicobacter marmotae	GCF_000155475.1,GCF_000762845.2,GCF_003670275.1
chea	721	96.0	9	10	1	None	2	flgs	Campylobacter coli; Campylobacter jejuni; Campylobacter hepaticus; Campylobacter helveticus; Campylobacter cuniculorum; Campylobacter aviculae; Campylobacter taeniopygiae; Campylobacter bilis; Campylobacter upsaliensis	Campylobacter novaezeelandiae	GCF_000254135.1,GCF_001457695.1,GCF_001687475.2,GCF_002080395.1,GCF_002104335.1,GCF_005406215.1,GCF_005406225.1,GCF_016806695.1,GCF_900637395.1
flik	97	96.0	3	4	1	None	2	flgg	Lebetimonas natsushimae; Caminibacter pacificus; Caminibacter mediatlanticus	Nautilia profundicola	GCF_002335445.1,GCF_003752135.1,GCF_005843985.1
flgc	164	95.0	2	3	1	None	2	flgj	Nautilia profundicola; Caminibacter pacificus	Caminibacter mediatlanticus	GCF_000021725.1,GCF_003752135.1
flil	133	95.0	3	4	1	None	2	flig	Sulfurospirillum multivorans; Sulfurospirillum halorespirans; Sulfurospirillum oryzae	Sulfurospirillum diekertiae	GCF_000568815.1,GCF_001723605.1,GCF_025770725.1
flii	429	100.0	7	146	3	None	1		Hippea maritima; Hippea alviniae; Hippea jasoniae; Desulfurella amilsii; Nitrosophilus labii; Nitrosophilus kaiyonis; Nitratiruptor tergarcus	139 genomes	GCF_000194135.1,GCF_000420385.1,GCF_000744435.1,GCF_002119425.1,GCF_014466985.1,GCF_027943725.1,GCF_027946175.1
flid	594	95.0	7	144	3	None	1		Nautilia profundicola; Lebetimonas natsushimae; Caminibacter pacificus; Caminibacter mediatlanticus; Hydrogenimonas urashimensis; Hydrogenimonas cancrithermarum; Hydrogenimonas thermophila	137 genomes	GCF_000021725.1,GCF_002335445.1,GCF_003752135.1,GCF_005843985.1,GCF_016593255.1,GCF_030296055.1,GCF_900115615.1
flgd	165	99.0	6	137	3	None	1		Hippea maritima; Hippea alviniae; Hippea jasoniae; Desulfurella amilsii; Nitrosophilus labii; Nitrosophilus kaiyonis	131 genomes	GCF_000194135.1,GCF_000420385.1,GCF_000744435.1,GCF_002119425.1,GCF_014466985.1,GCF_027943725.1
flgr	429	96.0	8	38	1	None	1		Helicobacter canadensis; Wolinella succinogenes; Helicobacter rodentium; Helicobacter valdiviensis; Helicobacter turcicus; Helicobacter colisuis; Helicobacter ibis; Helicobacter winghamensis	30 genomes	GCF_000162575.1,GCF_000196135.1,GCF_000687535.1,GCF_003245365.1,GCF_019711685.1,GCF_023646285.1,GCF_027859255.1,GCF_028751035.1
flis	110	95.0	4	29	4	None	1		Halarcobacter bivalviorum; Malaciobacter marinus; Halarcobacter anaerophilus; Halarcobacter ebronensis	25 genomes	GCF_003346815.1,GCF_003544855.1,GCF_006459125.1,GCF_013201825.1
fliq	86	98.0	2	25	3	None	1		Arcobacter nitrofigilis; Halarcobacter ebronensis	23 genomes	GCF_000092245.1,GCF_013201825.1
flhb	268	98.0	8	29	3	None	1		Poseidonibacter parvus; Malaciobacter halophilus; Malaciobacter mytili; Malaciobacter marinus; Malaciobacter molluscorum; Poseidonibacter antarcticus; Poseidonibacter lekithochrous; Arcobacter roscoffensis	21 genomes	GCF_001956695.1,GCF_002837275.1,GCF_003346775.1,GCF_003544855.1,GCF_003544935.1,GCF_003667345.1,GCF_013283835.1,GCF_024267655.1
flgg	262	96.0	3	21	3	None	1		Poseidonibacter parvus; Poseidonibacter antarcticus; Malaciobacter pacificus	18 genomes	GCF_001956695.1,GCF_003667345.1,GCF_004214795.1
flgi	258	99.0	11	27	2	None	1		Helicobacter cinaedi; Helicobacter bilis; Helicobacter japonicus; Helicobacter saguini; Helicobacter jaachi; Helicobacter muridarum; Helicobacter trogontum; Helicobacter himalayensis; Helicobacter didelphidarum; Helicobacter marmotae; Helicobacter labetoulli	16 genomes	GCF_000155475.1,GCF_000686565.1,GCF_000762845.2,GCF_000762875.2,GCF_000763135.2,GCF_000765805.2,GCF_000765905.2,GCF_001602095.1,GCF_003364195.1,GCF_003364255.1,GCF_003670275.1
flip	243	97.0	5	21	6	None	1		Poseidonibacter parvus; Poseidonibacter antarcticus; Arcobacter aquimarinus; Arcobacter defluvii; Arcobacter cloacae	16 genomes	GCF_001956695.1,GCF_003667345.1,GCF_013177635.1,GCF_013201725.1,GCF_013201935.1
fliq	86	96.0	2	14	4	None	1		Sulfurimonas crateris; Sulfurimonas lithotrophica	12 genomes	GCF_005217605.1,GCF_009258225.1
flis	110	100.0	2	13	4	None	1		Sulfurimonas gotlandica; Sulfurimonas aquatica	11 genomes	GCF_000242915.1,GCF_017357825.1
flgb	109	98.0	3	14	3	None	1		Sulfurimonas denitrificans; Sulfurimonas crateris; Sulfurimonas lithotrophica	11 genomes	GCF_000012965.1,GCF_005217605.1,GCF_009258225.1
flgh	171	99.0	3	13	1	None	1		Arcobacter lacus; Arcobacter defluvii; Aliarcobacter butzleri	10 genomes	GCF_003063295.1,GCF_013201725.1,GCF_900187115.1
flih	150	97.0	9	19	1	None	1		Campylobacter insulaenigrae; Campylobacter subantarcticus; Campylobacter peloridis; Campylobacter avium; Campylobacter troglodytis; Campylobacter volucris; Campylobacter ornithocola; Campylobacter armoricus; Campylobacter lari	10 genomes	GCF_000816185.1,GCF_000816305.1,GCF_000816785.1,GCF_002238335.1,GCF_006864425.1,GCF_008245045.1,GCF_013201605.1,GCF_013372105.1,GCF_013372185.1
flgi	258	99.0	5	14	2	None	1		Sulfurimonas denitrificans; Sulfurimonas crateris; Sulfurimonas lithotrophica; Sulfurimonas baltica; Sulfurimonas marisnigri	9 genomes	GCF_000012965.1,GCF_005217605.1,GCF_009258225.1,GCF_015265455.1,GCF_015265475.1
flgl	216	99.0	5	14	3	None	1		Sulfurimonas denitrificans; Sulfurimonas gotlandica; Sulfurimonas hongkongensis; Sulfurimonas crateris; Sulfurimonas lithotrophica	9 genomes	GCF_000012965.1,GCF_000242915.1,GCF_000445475.1,GCF_005217605.1,GCF_009258225.1
flie	67	98.0	3	12	4	None	1		Arcobacter lacus; Aliarcobacter cryaerophilus; Aliarcobacter butzleri	9 genomes	GCF_003063295.1,GCF_003660105.1,GCF_900187115.1
flgg	262	100.0	4	12	2	None	1		Campylobacter helveticus; Campylobacter avium; Campylobacter troglodytis; Campylobacter upsaliensis	8 genomes	GCF_002080395.1,GCF_002238335.1,GCF_006864425.1,GCF_900637395.1
flin	72	96.0	6	14	3	None	1		Sulfurimonas denitrificans; Sulfurimonas hongkongensis; Sulfurimonas crateris; Sulfurimonas lithotrophica; Sulfurimonas baltica; Sulfurimonas marisnigri	8 genomes	GCF_000012965.1,GCF_000445475.1,GCF_005217605.1,GCF_009258225.1,GCF_015265455.1,GCF_015265475.1
flif	439	100.0	7	14	1	None	1		Sulfurimonas denitrificans; Sulfurimonas gotlandica; Sulfurimonas hongkongensis; Sulfurimonas crateris; Sulfurimonas lithotrophica; Sulfurimonas baltica; Sulfurimonas marisnigri	7 genomes	GCF_000012965.1,GCF_000242915.1,GCF_000445475.1,GCF_005217605.1,GCF_009258225.1,GCF_015265455.1,GCF_015265475.1
flip	243	100.0	3	10	2	None	1		Campylobacter helveticus; Campylobacter novaezeelandiae; Campylobacter upsaliensis	7 genomes	GCF_002080395.1,GCF_004323845.1,GCF_900637395.1
flgr	429	99.0	4	11	3	None	1		Campylobacter rectus; Campylobacter showae; Campylobacter curvus; Campylobacter massiliensis	7 genomes	GCF_004803795.1,GCF_004803815.1,GCF_013372125.1,GCF_014253065.1
flii	429	96.0	3	10	4	None	1		Campylobacter hepaticus; Campylobacter cuniculorum; Campylobacter bilis	7 genomes	GCF_001687475.2,GCF_002104335.1,GCF_016806695.1
flhb	268	95.0	2	9	1	None	1		Sulfurospirillum arcachonense; Sulfurospirillum tamanense	7 genomes	GCF_000597725.1,GCF_016937535.1
flgs	270	100.0	3	9	3	None	1		Campylobacter concisus; Campylobacter rectus; Campylobacter massiliensis	6 genomes	GCF_001298465.1,GCF_004803795.1,GCF_014253065.1
flgh	171	99.0	2	7	4	None	1		Campylobacter peloridis; Campylobacter lari	Campylobacter insulaenigrae; Campylobacter subantarcticus; Campylobacter volucris; Campylobacter ornithocola; Campylobacter armoricus	GCF_000816785.1,GCF_013372185.1
flgs	270	98.0	15	20	1	None	1		Helicobacter felis; Helicobacter cetorum; Helicobacter macacae; Helicobacter ailurogastricus; Helicobacter heilmannii; Helicobacter anseris; Helicobacter mehlei; Helicobacter labacensis; Helicobacter vulpis; Helicobacter canis; Helicobacter salomonis; Helicobacter anatolicus; Helicobacter acinonychis; Helicobacter mustelae; Helicobacter pylori	Helicobacter bilis; Helicobacter saguini; Helicobacter muridarum; Helicobacter trogontum; Helicobacter didelphidarum	GCF_000200595.1,GCF_000259275.1,GCF_000507845.1,GCF_001282945.1,GCF_001283065.1,GCF_003364335.1,GCF_003660265.1,GCF_003660285.1,GCF_003660395.1,GCF_008693005.1,GCF_017979425.1,GCF_021300615.1,GCF_900461455.1,GCF_900476215.1,GCF_900478295.1
flie	67	98.0	2	7	3	None	1		Sulfurimonas marina; Sulfurimonas paralvinellae	Sulfurimonas autotrophica; Sulfurimonas hydrogeniphila; Sulfurimonas indica; Sulfurimonas sediminis; Sulfurimonas aquatica	GCF_014905095.1,GCF_014905135.1
flim	301	98.0	5	10	2	None	1		Aliarcobacter vitoriensis; Aliarcobacter skirrowii; Aliarcobacter thereius; Arcobacter porcinus; Aliarcobacter lanthieri	Aliarcobacter trophiarum; Aliarcobacter cryaerophilus; Aliarcobacter faecis; Aliarcobacter cibarius; Arcobacter vandammei	GCF_003316695.1,GCF_003544835.1,GCF_004214815.1,GCF_004299785.2,GCF_013201625.1
flis	110	98.0	2	7	3	None	1		Sulfurimonas indica; Sulfurimonas marina	Sulfurimonas autotrophica; Sulfurimonas hydrogeniphila; Sulfurimonas sediminis; Sulfurimonas paralvinellae; Sulfurimonas aquatica	GCF_009192995.1,GCF_014905095.1
flia	223	97.0	5	10	3	None	1		Campylobacter jejuni; Campylobacter hepaticus; Campylobacter helveticus; Campylobacter bilis; Campylobacter upsaliensis	Campylobacter coli; Campylobacter cuniculorum; Campylobacter novaezeelandiae; Campylobacter aviculae; Campylobacter taeniopygiae	GCF_001457695.1,GCF_001687475.2,GCF_002080395.1,GCF_016806695.1,GCF_900637395.1
fliw	113	97.0	16	21	1	None	1		Helicobacter felis; Helicobacter cetorum; Helicobacter macacae; Helicobacter ailurogastricus; Helicobacter heilmannii; Helicobacter anseris; Helicobacter mehlei; Helicobacter labacensis; Helicobacter vulpis; Helicobacter canis; Helicobacter salomonis; Helicobacter anatolicus; Helicobacter suis; Helicobacter acinonychis; Helicobacter mustelae; Helicobacter pylori	Helicobacter bilis; Helicobacter saguini; Helicobacter muridarum; Helicobacter trogontum; Helicobacter didelphidarum	GCF_000200595.1,GCF_000259275.1,GCF_000507845.1,GCF_001282945.1,GCF_001283065.1,GCF_003364335.1,GCF_003660265.1,GCF_003660285.1,GCF_003660395.1,GCF_008693005.1,GCF_017979425.1,GCF_021300615.1,GCF_026000295.1,GCF_900461455.1,GCF_900476215.1,GCF_900478295.1
flie	67	96.0	2	7	2	None	1		Sulfurospirillum barnesii; Sulfurospirillum cavolei	Sulfurospirillum deleyianum; Sulfurospirillum multivorans; Sulfurospirillum halorespirans; Sulfurospirillum diekertiae; Sulfurospirillum oryzae	GCF_000265295.1,GCF_000813325.1
flil	133	96.0	2	7	2	None	1		Campylobacter insulaenigrae; Campylobacter peloridis	Campylobacter subantarcticus; Campylobacter volucris; Campylobacter ornithocola; Campylobacter armoricus; Campylobacter lari	GCF_000816185.1,GCF_000816785.1
flir	211	95.0	2	7	1	None	1		Sulfurimonas marina; Sulfurimonas aquatica	Sulfurimonas autotrophica; Sulfurimonas hydrogeniphila; Sulfurimonas indica; Sulfurimonas sediminis; Sulfurimonas paralvinellae	GCF_014905095.1,GCF_017357825.1
chev	312	100.0	3	7	1	None	1		Campylobacter insulaenigrae; Campylobacter peloridis; Campylobacter volucris	Campylobacter subantarcticus; Campylobacter ornithocola; Campylobacter armoricus; Campylobacter lari	GCF_000816185.1,GCF_000816785.1,GCF_008245045.1
flid	594	100.0	2	6	2	None	1		Sulfurospirillum cavolei; Sulfurospirillum oryzae	Sulfurospirillum deleyianum; Sulfurospirillum barnesii; Sulfurospirillum multivorans; Sulfurospirillum halorespirans	GCF_000813325.1,GCF_025770725.1
flid	594	99.0	2	6	3	None	1		Sulfurimonas gotlandica; Sulfurimonas marisnigri	Sulfurimonas denitrificans; Sulfurimonas hongkongensis; Sulfurimonas crateris; Sulfurimonas baltica	GCF_000242915.1,GCF_015265475.1
flgj	78	98.0	2	6	3	None	1		Campylobacter jejuni; Campylobacter taeniopygiae	Campylobacter coli; Campylobacter hepaticus; Campylobacter aviculae; Campylobacter bilis	GCF_001457695.1,GCF_005406225.1
flim	301	98.0	3	7	3	None	1		Campylobacter peloridis; Campylobacter volucris; Campylobacter armoricus	Campylobacter insulaenigrae; Campylobacter subantarcticus; Campylobacter ornithocola; Campylobacter lari	GCF_000816785.1,GCF_008245045.1,GCF_013372105.1
fliy	194	98.0	3	7	2	None	1		Sulfurospirillum multivorans; Sulfurospirillum cavolei; Sulfurospirillum halorespirans	Sulfurospirillum deleyianum; Sulfurospirillum barnesii; Sulfurospirillum diekertiae; Sulfurospirillum oryzae	GCF_000568815.1,GCF_000813325.1,GCF_001723605.1
flik	97	97.0	2	6	3	None	1		Sulfurimonas denitrificans; Sulfurimonas gotlandica	Sulfurimonas hongkongensis; Sulfurimonas crateris; Sulfurimonas baltica; Sulfurimonas marisnigri	GCF_000012965.1,GCF_000242915.1
flge	519	96.0	3	7	4	None	1		Campylobacter peloridis; Campylobacter ornithocola; Campylobacter lari	Campylobacter insulaenigrae; Campylobacter subantarcticus; Campylobacter volucris; Campylobacter armoricus	GCF_000816785.1,GCF_013201605.1,GCF_013372185.1
flgi	258	96.0	2	6	2	None	1		Campylobacter volucris; Campylobacter armoricus	Campylobacter insulaenigrae; Campylobacter subantarcticus; Campylobacter ornithocola; Campylobacter lari	GCF_008245045.1,GCF_013372105.1
flgc	164	100.0	3	6	2	None	1		Campylobacter coli; Campylobacter hepaticus; Campylobacter bilis	Campylobacter jejuni; Campylobacter aviculae; Campylobacter taeniopygiae	GCF_000254135.1,GCF_001687475.2,GCF_016806695.1
flie	67	100.0	4	7	3	None	1		Campylobacter subantarcticus; Campylobacter peloridis; Campylobacter armoricus; Campylobacter lari	Campylobacter insulaenigrae; Campylobacter volucris; Campylobacter ornithocola	GCF_000816305.1,GCF_000816785.1,GCF_013372105.1,GCF_013372185.1
flik	97	100.0	2	5	2	None	1		Helicobacter saguini; Helicobacter muridarum	Helicobacter bilis; Helicobacter trogontum; Helicobacter didelphidarum	GCF_000762875.2,GCF_000765805.2
flin	72	100.0	2	5	2	None	1		Helicobacter muridarum; Helicobacter didelphidarum	Helicobacter bilis; Helicobacter saguini; Helicobacter trogontum	GCF_000765805.2,GCF_003364195.1
fliq	86	100.0	3	6	1	None	1		Campylobacter insulaenigrae; Campylobacter volucris; Campylobacter armoricus	Campylobacter subantarcticus; Campylobacter ornithocola; Campylobacter lari	GCF_000816185.1,GCF_008245045.1,GCF_013372105.1
flgc	164	99.0	5	8	2	None	1		Helicobacter felis; Helicobacter labacensis; Helicobacter vulpis; Helicobacter salomonis; Helicobacter suis	Helicobacter ailurogastricus; Helicobacter heilmannii; Helicobacter mehlei	GCF_000200595.1,GCF_003660285.1,GCF_003660395.1,GCF_017979425.1,GCF_026000295.1
flgi	258	99.0	4	7	1	None	1		Helicobacter canadensis; Helicobacter pullorum; Helicobacter colisuis; Helicobacter ibis	Helicobacter rodentium; Helicobacter turcicus; Helicobacter winghamensis	GCF_000162575.1,GCF_017979475.1,GCF_023646285.1,GCF_027859255.1
flgd	165	98.0	2	5	3	None	1		Sulfurimonas hydrogeniphila; Sulfurimonas indica	Sulfurimonas autotrophica; Sulfurimonas sediminis; Sulfurimonas paralvinellae	GCF_009068765.1,GCF_009192995.1
flgk	492	98.0	4	7	2	None	1		Sulfurimonas autotrophica; Sulfurimonas hydrogeniphila; Sulfurimonas marina; Sulfurimonas sediminis	Sulfurimonas indica; Sulfurimonas paralvinellae; Sulfurimonas aquatica	GCF_000147355.1,GCF_009068765.1,GCF_014905095.1,GCF_014905115.1
flga	184	96.0	4	7	2	None	1		Helicobacter rodentium; Helicobacter valdiviensis; Helicobacter turcicus; Helicobacter winghamensis	Helicobacter canadensis; Helicobacter colisuis; Helicobacter ibis	GCF_000687535.1,GCF_003245365.1,GCF_019711685.1,GCF_028751035.1
flga	184	96.0	5	8	3	None	1		Campylobacter concisus; Campylobacter curvus; Campylobacter mucosalis; Campylobacter anatolicus; Campylobacter suis	Campylobacter pinnipediorum; Campylobacter gastrosuis; Campylobacter majalis	GCF_001298465.1,GCF_013372125.1,GCF_013372205.1,GCF_018145655.1,GCF_905120475.1
flha	556	96.0	5	8	1	None	1		Campylobacter porcelli; Campylobacter vicugnae; Campylobacter devanensis; Campylobacter lanienae; Campylobacter magnus	Campylobacter iguaniorum; Campylobacter hyointestinalis; Campylobacter fetus	GCF_002139855.1,GCF_002139875.1,GCF_002139915.1,GCF_002139935.1,GCF_028649595.1
flie	67	96.0	2	5	2	None	1		Helicobacter cinaedi; Helicobacter jaachi	Helicobacter japonicus; Helicobacter marmotae; Helicobacter labetoulli	GCF_000155475.1,GCF_000763135.2
flia	223	95.0	5	8	2	None	1		Helicobacter canadensis; Helicobacter valdiviensis; Helicobacter pullorum; Helicobacter colisuis; Helicobacter ibis	Helicobacter rodentium; Helicobacter turcicus; Helicobacter winghamensis	GCF_000162575.1,GCF_003245365.1,GCF_017979475.1,GCF_023646285.1,GCF_027859255.1
flip	243	95.0	3	6	2	None	1		Sulfurospirillum barnesii; Sulfurospirillum multivorans; Sulfurospirillum halorespirans	Sulfurospirillum deleyianum; Sulfurospirillum diekertiae; Sulfurospirillum oryzae	GCF_000265295.1,GCF_000568815.1,GCF_001723605.1
fliy	194	95.0	2	5	2	None	1		Helicobacter jaachi; Helicobacter marmotae	Helicobacter cinaedi; Helicobacter japonicus; Helicobacter labetoulli	GCF_000763135.2,GCF_003364255.1
flgd	165	100.0	2	4	2	None	1		Helicobacter felis; Helicobacter vulpis	Helicobacter labacensis; Helicobacter salomonis	GCF_000200595.1,GCF_003660395.1
flhf	310	100.0	4	6	1	None	1		Sulfurimonas autotrophica; Sulfurimonas hydrogeniphila; Sulfurimonas sediminis; Sulfurimonas aquatica	Sulfurimonas indica; Sulfurimonas paralvinellae	GCF_000147355.1,GCF_009068765.1,GCF_014905115.1,GCF_017357825.1
flge	519	99.0	5	7	2	None	1		Campylobacter porcelli; Campylobacter vicugnae; Campylobacter devanensis; Campylobacter lanienae; Campylobacter fetus	Campylobacter iguaniorum; Campylobacter hyointestinalis	GCF_002139855.1,GCF_002139875.1,GCF_002139915.1,GCF_002139935.1,GCF_900475935.1
flgr	429	99.0	5	7	1	None	1		Campylobacter subantarcticus; Campylobacter peloridis; Campylobacter ornithocola; Campylobacter armoricus; Campylobacter lari	Campylobacter insulaenigrae; Campylobacter volucris	GCF_000816305.1,GCF_000816785.1,GCF_013201605.1,GCF_013372105.1,GCF_013372185.1
flgr	429	99.0	2	4	1	None	1		Helicobacter jaachi; Helicobacter labetoulli	Helicobacter japonicus; Helicobacter marmotae	GCF_000763135.2,GCF_003670275.1
flid	594	99.0	3	5	1	None	1		Aliarcobacter trophiarum; Aliarcobacter skirrowii; Aliarcobacter cryaerophilus	Aliarcobacter thereius; Arcobacter porcinus	GCF_003355515.1,GCF_003544835.1,GCF_003660105.1
flin	72	99.0	2	4	2	None	1		Campylobacter armoricus; Campylobacter lari	Campylobacter subantarcticus; Campylobacter ornithocola	GCF_013372105.1,GCF_013372185.1
flir	211	99.0	2	4	2	None	1		Campylobacter subantarcticus; Campylobacter armoricus	Campylobacter ornithocola; Campylobacter lari	GCF_000816305.1,GCF_013372105.1
flis	110	99.0	2	4	2	None	1		Campylobacter porcelli; Campylobacter vicugnae	Campylobacter devanensis; Campylobacter lanienae	GCF_002139855.1,GCF_002139875.1
flik	97	98.0	4	6	1	None	1		Sulfurospirillum multivorans; Sulfurospirillum cavolei; Sulfurospirillum halorespirans; Sulfurospirillum oryzae	Sulfurospirillum deleyianum; Sulfurospirillum barnesii	GCF_000568815.1,GCF_000813325.1,GCF_001723605.1,GCF_025770725.1
flgb	109	97.0	4	6	1	None	1		Campylobacter coli; Campylobacter jejuni; Campylobacter aviculae; Campylobacter taeniopygiae	Campylobacter hepaticus; Campylobacter bilis	GCF_000254135.1,GCF_001457695.1,GCF_005406215.1,GCF_005406225.1
flim	301	97.0	8	10	3	None	1		Campylobacter coli; Campylobacter jejuni; Campylobacter hepaticus; Campylobacter helveticus; Campylobacter cuniculorum; Campylobacter novaezeelandiae; Campylobacter bilis; Campylobacter upsaliensis	Campylobacter aviculae; Campylobacter taeniopygiae	GCF_000254135.1,GCF_001457695.1,GCF_001687475.2,GCF_002080395.1,GCF_002104335.1,GCF_004323845.1,GCF_016806695.1,GCF_900637395.1
flis	110	97.0	4	6	2	None	1		Helicobacter japonicus; Helicobacter jaachi; Helicobacter himalayensis; Helicobacter marmotae	Helicobacter cinaedi; Helicobacter labetoulli	GCF_000762845.2,GCF_000763135.2,GCF_001602095.1,GCF_003364255.1
flgh	171	95.0	8	10	2	None	1		Campylobacter coli; Campylobacter jejuni; Campylobacter hepaticus; Campylobacter helveticus; Campylobacter aviculae; Campylobacter taeniopygiae; Campylobacter bilis; Campylobacter upsaliensis	Campylobacter cuniculorum; Campylobacter novaezeelandiae	GCF_000254135.1,GCF_001457695.1,GCF_001687475.2,GCF_002080395.1,GCF_005406215.1,GCF_005406225.1,GCF_016806695.1,GCF_900637395.1
flag	51	100.0	2	3	1	None	1		Helicobacter cetorum; Helicobacter acinonychis	Helicobacter pylori	GCF_000259275.1,GCF_900461455.1
flag	51	100.0	2	3	1	None	1		Helicobacter rodentium; Helicobacter winghamensis	Helicobacter turcicus	GCF_000687535.1,GCF_028751035.1
flgb	109	100.0	3	4	1	None	1		Helicobacter pametensis; Helicobacter cholecystus; Helicobacter kayseriensis	Helicobacter brantae	GCF_000518225.1,GCF_003364215.1,GCF_021300655.1
flgb	109	100.0	2	3	1	None	1		Campylobacter concisus; Campylobacter anatolicus	Campylobacter curvus	GCF_001298465.1,GCF_018145655.1
flgd	165	100.0	2	3	1	None	1		Sulfurimonas autotrophica; Sulfurimonas sediminis	Sulfurimonas hydrogeniphila	GCF_000147355.1,GCF_014905115.1
flid	594	100.0	2	3	1	None	1		Nitrosophilus kaiyonis; Nitratiruptor tergarcus	Nitrosophilus labii	GCF_027943725.1,GCF_027946175.1
flig	341	100.0	3	4	1	None	1		Helicobacter cinaedi; Helicobacter marmotae; Helicobacter labetoulli	Helicobacter japonicus	GCF_000155475.1,GCF_003364255.1,GCF_003670275.1
flih	150	100.0	2	3	1	None	1		Sulfurospirillum multivorans; Sulfurospirillum diekertiae	Sulfurospirillum oryzae	GCF_000568815.1,GCF_011769985.2
flih	150	100.0	3	4	1	None	1		Helicobacter pametensis; Helicobacter brantae; Helicobacter kayseriensis	Helicobacter cholecystus	GCF_000518225.1,GCF_003364205.1,GCF_021300655.1
flii	429	100.0	3	4	2	None	1		Helicobacter felis; Helicobacter vulpis; Helicobacter salomonis	Helicobacter labacensis	GCF_000200595.1,GCF_003660395.1,GCF_017979425.1
flin	72	100.0	4	5	1	None	1		Helicobacter mehlei; Helicobacter labacensis; Helicobacter vulpis; Helicobacter salomonis	Helicobacter felis	GCF_003660265.1,GCF_003660285.1,GCF_003660395.1,GCF_017979425.1
fliw	113	100.0	3	4	1	None	1		Sulfurimonas gotlandica; Sulfurimonas baltica; Sulfurimonas marisnigri	Sulfurimonas hongkongensis	GCF_000242915.1,GCF_015265455.1,GCF_015265475.1
flgd	165	99.0	7	8	1	None	1		Campylobacter coli; Campylobacter jejuni; Campylobacter helveticus; Campylobacter aviculae; Campylobacter taeniopygiae; Campylobacter bilis; Campylobacter upsaliensis	Campylobacter novaezeelandiae	GCF_000254135.1,GCF_001457695.1,GCF_002080395.1,GCF_005406215.1,GCF_005406225.1,GCF_016806695.1,GCF_900637395.1
flgh	171	99.0	2	3	1	None	1		Sulfurimonas autotrophica; Sulfurimonas hydrogeniphila	Sulfurimonas sediminis	GCF_000147355.1,GCF_009068765.1
flgh	171	99.0	3	4	1	None	1		Sulfurimonas denitrificans; Sulfurimonas baltica; Sulfurimonas marisnigri	Sulfurimonas crateris	GCF_000012965.1,GCF_015265455.1,GCF_015265475.1
flgi	258	99.0	2	3	1	None	1		Helicobacter labacensis; Helicobacter salomonis	Helicobacter vulpis	GCF_003660285.1,GCF_017979425.1
flia	223	99.0	6	7	4	None	1		Campylobacter insulaenigrae; Campylobacter subantarcticus; Campylobacter peloridis; Campylobacter volucris; Campylobacter ornithocola; Campylobacter armoricus	Campylobacter lari	GCF_000816185.1,GCF_000816305.1,GCF_000816785.1,GCF_008245045.1,GCF_013201605.1,GCF_013372105.1
flif	439	99.0	6	7	2	None	1		Campylobacter insulaenigrae; Campylobacter subantarcticus; Campylobacter peloridis; Campylobacter ornithocola; Campylobacter armoricus; Campylobacter lari	Campylobacter volucris	GCF_000816185.1,GCF_000816305.1,GCF_000816785.1,GCF_013201605.1,GCF_013372105.1,GCF_013372185.1
flag	51	98.0	7	8	1	None	1		Campylobacter concisus; Campylobacter pinnipediorum; Campylobacter curvus; Campylobacter mucosalis; Campylobacter gastrosuis; Campylobacter majalis; Campylobacter suis	Campylobacter anatolicus	GCF_001298465.1,GCF_002021925.1,GCF_013372125.1,GCF_013372205.1,GCF_030249845.1,GCF_905120465.1,GCF_905120475.1
flhf	310	98.0	8	9	1	None	1		Campylobacter coli; Campylobacter jejuni; Campylobacter hepaticus; Campylobacter helveticus; Campylobacter cuniculorum; Campylobacter aviculae; Campylobacter taeniopygiae; Campylobacter upsaliensis	Campylobacter novaezeelandiae	GCF_000254135.1,GCF_001457695.1,GCF_001687475.2,GCF_002080395.1,GCF_002104335.1,GCF_005406215.1,GCF_005406225.1,GCF_900637395.1
chea	721	97.0	3	4	1	None	1		Sulfurospirillum multivorans; Sulfurospirillum diekertiae; Sulfurospirillum oryzae	Sulfurospirillum halorespirans	GCF_000568815.1,GCF_011769985.2,GCF_025770725.1
flha	556	97.0	7	8	1	None	1		Helicobacter canadensis; Helicobacter rodentium; Helicobacter valdiviensis; Helicobacter pullorum; Helicobacter turcicus; Helicobacter colisuis; Helicobacter winghamensis	Helicobacter ibis	GCF_000162575.1,GCF_000687535.1,GCF_003245365.1,GCF_017979475.1,GCF_019711685.1,GCF_023646285.1,GCF_028751035.1
flie	67	97.0	3	4	1	None	1		Helicobacter felis; Helicobacter labacensis; Helicobacter vulpis	Helicobacter salomonis	GCF_000200595.1,GCF_003660285.1,GCF_003660395.1
fliq	86	97.0	3	4	1	None	1		Campylobacter pinnipediorum; Campylobacter mucosalis; Campylobacter gastrosuis	Campylobacter majalis	GCF_002021925.1,GCF_013372205.1,GCF_030249845.1
flgd	165	96.0	3	4	1	None	1		Helicobacter bilis; Helicobacter saguini; Helicobacter trogontum	Helicobacter didelphidarum	GCF_000686565.1,GCF_000762875.2,GCF_000765905.2
flgl	216	96.0	9	10	1	None	1		Campylobacter coli; Campylobacter jejuni; Campylobacter hepaticus; Campylobacter helveticus; Campylobacter novaezeelandiae; Campylobacter aviculae; Campylobacter taeniopygiae; Campylobacter bilis; Campylobacter upsaliensis	Campylobacter cuniculorum	GCF_000254135.1,GCF_001457695.1,GCF_001687475.2,GCF_002080395.1,GCF_004323845.1,GCF_005406215.1,GCF_005406225.1,GCF_016806695.1,GCF_900637395.1
flip	243	96.0	5	6	1	None	1		Campylobacter jejuni; Campylobacter hepaticus; Campylobacter aviculae; Campylobacter taeniopygiae; Campylobacter bilis	Campylobacter coli	GCF_001457695.1,GCF_001687475.2,GCF_005406215.1,GCF_005406225.1,GCF_016806695.1
flip	243	96.0	5	6	1	None	1		Helicobacter felis; Helicobacter ailurogastricus; Helicobacter heilmannii; Helicobacter labacensis; Helicobacter suis	Helicobacter mehlei	GCF_000200595.1,GCF_001282945.1,GCF_001283065.1,GCF_003660285.1,GCF_026000295.1
flhb	268	95.0	2	3	1	None	1		Halarcobacter bivalviorum; Halarcobacter anaerophilus	Halarcobacter ebronensis	GCF_003346815.1,GCF_006459125.1
flin	72	95.0	11	12	2	None	1		Campylobacter coli; Campylobacter jejuni; Campylobacter hepaticus; Campylobacter helveticus; Campylobacter cuniculorum; Campylobacter avium; Campylobacter aviculae; Campylobacter taeniopygiae; Campylobacter troglodytis; Campylobacter bilis; Campylobacter upsaliensis	Campylobacter novaezeelandiae	GCF_000254135.1,GCF_001457695.1,GCF_001687475.2,GCF_002080395.1,GCF_002104335.1,GCF_002238335.1,GCF_005406215.1,GCF_005406225.1,GCF_006864425.1,GCF_016806695.1,GCF_900637395.1
fliy	194	95.0	2	3	1	None	1		Helicobacter rodentium; Helicobacter turcicus	Helicobacter winghamensis	GCF_000687535.1,GCF_019711685.1
