IQ-TREE multicore version 2.4.0 for Linux x86 64-bit built Feb 12 2025
Developed by Bui Quang Minh, Nguyen Lam Tung, Olga Chernomor, Heiko Schmidt,
Dominik Schrempf, Michael Woodhams, Ly Trong Nhan, Thomas Wong

Host:    k238 (AVX512, FMA3, 1007 GB RAM)
Command: iqtree2 -te gene_order/flagellar_trees/gtdb_ref_pruned.nwk -p gene_order/flagellar_trees/concat/concat.best_model.nex --scfl 100 -T 16 --prefix gene_order/flagellar_trees/concordance/gtdb_scfl
Seed:    193453 (Using SPRNG - Scalable Parallel Random Number Generator)
Time:    Sat Sep 26 17:49:32 2026
Kernel:  AVX+FMA - 16 threads (16 CPU cores detected)

Reading partition model file gene_order/flagellar_trees/concat/concat.best_model.nex ...

Loading 34 partitions...
Reading alignment file gene_order/flagellar_trees/trimmed/chea.faa ... Fasta format detected
Reading fasta file: done in 0.00066837 secs using 14.96% CPU
Alignment most likely contains protein sequences
Alignment has 108 sequences with 781 columns, 604 distinct patterns
525 parsimony-informative, 65 singleton sites, 191 constant sites
                 Gap/Ambiguity  Composition  p-value
Analyzing sequences: done in 1.82819e-05 secs using 3922% CPU
   1  GCF_000012965.1    1.02%    passed     98.13%
   2  GCF_000021725.1    0.90%    failed      0.70%
   3  GCF_000024885.1    2.56%    passed     95.73%
   4  GCF_000147355.1    2.05%    passed     99.78%
   5  GCF_000155475.1    1.54%    passed     99.46%
   6  GCF_000162575.1    1.15%    passed     99.93%
   7  GCF_000183725.1    0.64%    passed     92.18%
   8  GCF_000196135.1    1.66%    passed     99.79%
   9  GCF_000200595.1    1.92%    passed    100.00%
  10  GCF_000242915.1    1.92%    passed     98.29%
  11  GCF_000254135.1    2.56%    passed    100.00%
  12  GCF_000259275.1    1.02%    passed     99.22%
  13  GCF_000265295.1    2.05%    passed     99.06%
  14  GCF_000445475.1    1.54%    passed     99.95%
  15  GCF_000507845.1    0.26%    passed     79.02%
  16  GCF_000518225.1    4.48%    failed      0.00%
  17  GCF_000568815.1    2.18%    passed     99.32%
  18  GCF_000597725.1    1.92%    passed     99.19%
  19  GCF_000686565.1    1.54%    passed     99.97%
  20  GCF_000687535.1    1.02%    passed     99.96%
  21  GCF_000736415.1    1.28%    passed     99.99%
  22  GCF_000762845.2    0.77%    passed     83.66%
  23  GCF_000762875.2    0.64%    passed     94.92%
  24  GCF_000763135.2    1.28%    passed     97.19%
  25  GCF_000765905.2    1.41%    passed     99.70%
  26  GCF_000813325.1    1.92%    passed     97.30%
  27  GCF_000816185.1    2.69%    passed     99.96%
  28  GCF_000816305.1    2.69%    passed     99.93%
  29  GCF_000816785.1    2.30%    passed     99.99%
  30  GCF_001282945.1    1.28%    passed     99.96%
  31  GCF_001283065.1    1.54%    passed     98.81%
  32  GCF_001298465.1    0.90%    passed     95.81%
  33  GCF_001457695.1    2.05%    passed    100.00%
  34  GCF_001602095.1    0.51%    passed     99.50%
  35  GCF_001687475.2    2.30%    passed     99.90%
  36  GCF_001693335.1    3.07%    passed     98.64%
  37  GCF_001723605.1    2.30%    passed     99.74%
  38  GCF_002021925.1    1.79%    passed     99.95%
  39  GCF_002080395.1    2.56%    passed    100.00%
  40  GCF_002104335.1    1.41%    passed     99.91%
  41  GCF_002139855.1    1.28%    passed     99.12%
  42  GCF_002139875.1    1.15%    passed     99.67%
  43  GCF_002139915.1    0.64%    passed     99.74%
  44  GCF_002139935.1    1.02%    passed     99.18%
  45  GCF_002238335.1    1.66%    passed     99.88%
  46  GCF_002335445.1    1.54%    failed      0.07%
  47  GCF_003245365.1    1.02%    passed     99.95%
  48  GCF_003364195.1    0.90%    passed     99.99%
  49  GCF_003364205.1    2.43%    passed     64.20%
  50  GCF_003364215.1    2.56%    passed     59.29%
  51  GCF_003364255.1    0.77%    passed     95.30%
  52  GCF_003364335.1    3.20%    failed      0.79%
  53  GCF_003660265.1    1.41%    passed     99.19%
  54  GCF_003670275.1    1.02%    passed     99.22%
  55  GCF_003752135.1    0.90%    failed      0.01%
  56  GCF_004323845.1    2.18%    passed    100.00%
  57  GCF_004803795.1    1.02%    passed     99.49%
  58  GCF_004803815.1    1.02%    passed     99.66%
  59  GCF_005217605.1    1.92%    passed     99.04%
  60  GCF_005406215.1    2.82%    passed     99.97%
  61  GCF_005406225.1    3.20%    passed     99.97%
  62  GCF_005843985.1    2.05%    failed      0.00%
  63  GCF_006864425.1    1.41%    passed     84.69%
  64  GCF_008245005.1    1.79%    passed     98.34%
  65  GCF_008245045.1    2.18%    passed     99.93%
  66  GCF_008693005.1    1.28%    passed     92.35%
  67  GCF_009068765.1    1.66%    passed     99.93%
  68  GCF_009192995.1    0.90%    passed     99.99%
  69  GCF_009258225.1    1.66%    passed     99.99%
  70  GCF_011769985.2    2.43%    passed     99.65%
  71  GCF_013177655.1    0.90%    passed     99.99%
  72  GCF_013201605.1    2.18%    passed    100.00%
  73  GCF_013372105.1    2.18%    passed    100.00%
  74  GCF_013372125.1    0.64%    passed     92.67%
  75  GCF_013372145.1    1.28%    passed    100.00%
  76  GCF_013372185.1    2.05%    passed    100.00%
  77  GCF_013372205.1    1.79%    passed     95.33%
  78  GCF_014253065.1    1.02%    passed     98.10%
  79  GCF_014905095.1    1.28%    passed     99.81%
  80  GCF_014905115.1    0.64%    passed     99.90%
  81  GCF_014905135.1    1.02%    passed     98.64%
  82  GCF_015265455.1    1.92%    passed     99.69%
  83  GCF_015265475.1    1.02%    passed     99.67%
  84  GCF_016593255.1    1.15%    passed     86.84%
  85  GCF_016806695.1    2.30%    passed     99.26%
  86  GCF_016937535.1    1.92%    passed     96.81%
  87  GCF_017357825.1    1.15%    passed     98.39%
  88  GCF_017979425.1    1.15%    passed     99.90%
  89  GCF_017979475.1    0.64%    passed     98.68%
  90  GCF_018145655.1    1.41%    passed     99.88%
  91  GCF_019711685.1    1.41%    passed     99.52%
  92  GCF_021300615.1    1.92%    passed     18.17%
  93  GCF_021300655.1    7.68%    failed      0.00%
  94  GCF_023646285.1    1.28%    passed     99.99%
  95  GCF_025770725.1    2.05%    passed     98.08%
  96  GCF_027859255.1    1.54%    passed     99.53%
  97  GCF_028649595.1    0.13%    passed     72.92%
  98  GCF_028751035.1    1.41%    passed     99.68%
  99  GCF_030249845.1    1.54%    passed     98.22%
 100  GCF_030296055.1    1.28%    passed     93.76%
 101  GCF_900115615.1    0.90%    passed     96.52%
 102  GCF_900461455.1    0.90%    passed     99.66%
 103  GCF_900475935.1    1.54%    passed     99.89%
 104  GCF_900476215.1    3.07%    passed     82.73%
 105  GCF_900478295.1    1.02%    passed     99.05%
 106  GCF_900637395.1    2.56%    passed    100.00%
 107  GCF_905120465.1    1.15%    passed     99.96%
 108  GCF_905120475.1    1.41%    passed     96.64%
****  TOTAL              1.65%  7 sequences failed composition chi2 test (p-value<5%; df=19)
Reading alignment file gene_order/flagellar_trees/trimmed/chev.faa ... Fasta format detected
Reading fasta file: done in 0.000288361 secs using 5249% CPU
Alignment most likely contains protein sequences
Alignment has 106 sequences with 312 columns, 285 distinct patterns
263 parsimony-informative, 8 singleton sites, 41 constant sites
                 Gap/Ambiguity  Composition  p-value
Analyzing sequences: done in 1.31018e-05 secs using 6175% CPU
   1  GCF_000012965.1    0.00%    passed     99.23%
   2  GCF_000021725.1    0.00%    passed     98.93%
   3  GCF_000024885.1    0.00%    passed     99.99%
   4  GCF_000147355.1    0.32%    passed     97.78%
   5  GCF_000155475.1    2.88%    passed     95.25%
   6  GCF_000162575.1    0.32%    passed     99.18%
   7  GCF_000183725.1    0.00%    passed     95.32%
   8  GCF_000196135.1    4.49%    passed     98.93%
   9  GCF_000200595.1    1.28%    passed     69.45%
  10  GCF_000242915.1    0.00%    passed     98.38%
  11  GCF_000254135.1    0.00%    passed     99.91%
  12  GCF_000259275.1    0.32%    passed     58.27%
  13  GCF_000265295.1    0.00%    passed     99.99%
  14  GCF_000445475.1    0.00%    passed     96.89%
  15  GCF_000507845.1    0.96%    passed     57.36%
  16  GCF_000568815.1    0.00%    passed     99.97%
  17  GCF_000597725.1    0.00%    passed     99.99%
  18  GCF_000686565.1    0.96%    passed     29.43%
  19  GCF_000687535.1    4.49%    passed     97.40%
  20  GCF_000736415.1    0.00%    passed     99.84%
  21  GCF_000762845.2    2.88%    passed     65.08%
  22  GCF_000762875.2    1.28%    passed     94.74%
  23  GCF_000763135.2    2.88%    passed     97.16%
  24  GCF_000765805.2    0.96%    passed     91.19%
  25  GCF_000765905.2    0.96%    passed      7.39%
  26  GCF_000813325.1    0.00%    passed     99.98%
  27  GCF_000816185.1    0.00%    passed    100.00%
  28  GCF_000816305.1    0.00%    passed     99.96%
  29  GCF_000816785.1    0.00%    passed    100.00%
  30  GCF_001282945.1    1.28%    failed      0.06%
  31  GCF_001283065.1    1.28%    passed     51.86%
  32  GCF_001298465.1    0.00%    passed     99.96%
  33  GCF_001457695.1    0.00%    passed     99.10%
  34  GCF_001602095.1    1.60%    passed     92.29%
  35  GCF_001687475.2    0.00%    passed     97.98%
  36  GCF_001723605.1    0.00%    passed     99.96%
  37  GCF_002021925.1    0.00%    passed     99.90%
  38  GCF_002080395.1    0.00%    passed     99.92%
  39  GCF_002104335.1    0.00%    passed     99.99%
  40  GCF_002139855.1    0.00%    passed    100.00%
  41  GCF_002139875.1    0.00%    passed    100.00%
  42  GCF_002139915.1    0.00%    passed    100.00%
  43  GCF_002139935.1    0.00%    passed     99.95%
  44  GCF_002238335.1    0.00%    passed     99.84%
  45  GCF_002335445.1    0.00%    passed     98.66%
  46  GCF_003245365.1    0.32%    passed     98.36%
  47  GCF_003364195.1    1.28%    passed     89.48%
  48  GCF_003364255.1    0.96%    passed     96.04%
  49  GCF_003660285.1    1.28%    passed     73.84%
  50  GCF_003660395.1    1.28%    passed     88.02%
  51  GCF_003670275.1    2.88%    passed     88.87%
  52  GCF_003752135.1    0.32%    passed     97.85%
  53  GCF_004323845.1    0.00%    passed     99.97%
  54  GCF_004803795.1    0.00%    passed     97.29%
  55  GCF_004803815.1    0.00%    passed     94.89%
  56  GCF_005217605.1    0.00%    passed     99.91%
  57  GCF_005406215.1    0.32%    passed     99.19%
  58  GCF_005406225.1    0.32%    passed     99.57%
  59  GCF_005843985.1    0.00%    passed     97.57%
  60  GCF_006864425.1    0.00%    passed     83.69%
  61  GCF_008245005.1    0.32%    passed     48.16%
  62  GCF_008245045.1    0.00%    passed    100.00%
  63  GCF_008693005.1    1.28%    passed     97.29%
  64  GCF_009068765.1    0.32%    passed     97.73%
  65  GCF_009192995.1    0.32%    passed     99.87%
  66  GCF_009258225.1    0.00%    passed     99.15%
  67  GCF_011769985.2    0.00%    passed     99.98%
  68  GCF_013177655.1    0.00%    passed     91.74%
  69  GCF_013201605.1    0.00%    passed     99.99%
  70  GCF_013372105.1    0.00%    passed     99.99%
  71  GCF_013372125.1    0.00%    passed     99.96%
  72  GCF_013372145.1    0.00%    passed     99.99%
  73  GCF_013372185.1    0.00%    passed     99.99%
  74  GCF_013372205.1    0.00%    passed     99.94%
  75  GCF_014253065.1    0.00%    passed     97.57%
  76  GCF_014466985.1    1.28%    passed     20.89%
  77  GCF_014905095.1    0.32%    passed     99.89%
  78  GCF_014905115.1    0.32%    passed     97.47%
  79  GCF_014905135.1    0.32%    passed     99.86%
  80  GCF_015265455.1    0.00%    passed     99.69%
  81  GCF_015265475.1    0.00%    passed     99.71%
  82  GCF_016593255.1    0.32%    passed     96.84%
  83  GCF_016806695.1    0.00%    passed     98.50%
  84  GCF_016937535.1    0.00%    passed     99.96%
  85  GCF_017357825.1    0.32%    passed     84.24%
  86  GCF_017979425.1    1.28%    passed     89.50%
  87  GCF_017979475.1    0.32%    passed     99.45%
  88  GCF_018145655.1    0.00%    passed     99.32%
  89  GCF_019711685.1    0.32%    passed     99.72%
  90  GCF_023646285.1    0.32%    passed     99.79%
  91  GCF_025770725.1    0.00%    passed     99.99%
  92  GCF_026000295.1    1.28%    passed     68.27%
  93  GCF_027859255.1    4.49%    passed     96.94%
  94  GCF_027943725.1    0.96%    passed     17.39%
  95  GCF_027946175.1    1.28%    passed     73.80%
  96  GCF_028649595.1    0.00%    passed     96.97%
  97  GCF_028751035.1    0.32%    passed     99.96%
  98  GCF_030249845.1    0.00%    passed     99.98%
  99  GCF_030296055.1    0.32%    passed     98.40%
 100  GCF_900115615.1    0.32%    passed     99.71%
 101  GCF_900461455.1    0.32%    passed     65.03%
 102  GCF_900475935.1    0.00%    passed     99.99%
 103  GCF_900478295.1    0.32%    passed     75.31%
 104  GCF_900637395.1    0.00%    passed     99.99%
 105  GCF_905120465.1    0.00%    passed     99.93%
 106  GCF_905120475.1    0.00%    passed     99.72%
****  TOTAL              0.52%  1 sequences failed composition chi2 test (p-value<5%; df=19)
Reading alignment file gene_order/flagellar_trees/trimmed/flag.faa ... Fasta format detected
Reading fasta file: done in 9.22978e-05 secs using 93.18% CPU
Alignment most likely contains protein sequences
Alignment has 119 sequences with 63 columns, 63 distinct patterns
60 parsimony-informative, 1 singleton sites, 2 constant sites
                 Gap/Ambiguity  Composition  p-value
Analyzing sequences: done in 9.45758e-06 secs using 3479% CPU
   1  GCF_000012965.1    3.17%    passed     84.54%
   2  GCF_000021725.1    1.59%    passed     71.73%
   3  GCF_000024885.1    1.59%    passed     99.90%
   4  GCF_000147355.1    3.17%    passed     96.78%
   5  GCF_000155475.1    1.59%    passed     99.40%
   6  GCF_000162575.1    1.59%    passed     97.60%
   7  GCF_000194135.1    1.59%    passed     66.88%
   8  GCF_000196135.1    1.59%    passed     97.90%
   9  GCF_000200595.1    1.59%    passed     97.36%
  10  GCF_000242915.1    3.17%    passed     66.21%
  11  GCF_000254135.1    1.59%    passed     99.79%
  12  GCF_000259275.1    1.59%    passed     98.94%
  13  GCF_000265295.1    1.59%    passed     98.18%
  14  GCF_000420385.1    1.59%    passed     45.96%
  15  GCF_000445475.1    3.17%    passed     97.71%
  16  GCF_000507845.1    1.59%    passed     98.38%
  17  GCF_000518225.1    1.59%    passed     27.20%
  18  GCF_000568815.1    1.59%    passed     99.69%
  19  GCF_000597725.1    1.59%    passed     99.83%
  20  GCF_000686565.1    1.59%    passed     89.86%
  21  GCF_000687535.1    1.59%    passed     99.91%
  22  GCF_000736415.1    1.59%    passed     99.43%
  23  GCF_000744435.1    1.59%    passed     66.16%
  24  GCF_000762845.2    1.59%    passed     97.69%
  25  GCF_000762875.2    1.59%    passed     96.78%
  26  GCF_000763135.2    1.59%    passed     99.44%
  27  GCF_000765805.2    1.59%    passed     95.08%
  28  GCF_000765905.2    1.59%    passed     89.80%
  29  GCF_000813325.1    1.59%    passed     92.58%
  30  GCF_000816185.1    1.59%    passed     97.79%
  31  GCF_000816305.1    1.59%    passed     99.99%
  32  GCF_000816785.1    1.59%    passed     99.98%
  33  GCF_001282945.1    1.59%    passed     99.01%
  34  GCF_001283065.1    1.59%    passed     99.95%
  35  GCF_001298465.1    1.59%    passed     95.15%
  36  GCF_001457695.1    1.59%    passed     99.12%
  37  GCF_001602095.1    1.59%    passed     92.64%
  38  GCF_001687475.2    1.59%    passed     99.81%
  39  GCF_001693335.1    1.59%    passed     99.12%
  40  GCF_001723605.1    1.59%    passed     99.55%
  41  GCF_002021925.1    1.59%    passed     99.23%
  42  GCF_002080395.1   33.33%    passed     54.88%
  43  GCF_002104335.1    1.59%    passed     97.17%
  44  GCF_002119425.1    1.59%    passed     34.91%
  45  GCF_002139855.1    1.59%    passed     80.69%
  46  GCF_002139875.1    1.59%    passed     97.76%
  47  GCF_002139915.1    1.59%    passed     96.07%
  48  GCF_002139935.1    1.59%    passed     90.72%
  49  GCF_002238335.1    1.59%    passed     98.95%
  50  GCF_002335445.1    1.59%    passed     89.03%
  51  GCF_003245365.1    1.59%    passed     99.79%
  52  GCF_003364195.1    1.59%    passed     26.37%
  53  GCF_003364205.1    1.59%    passed     99.57%
  54  GCF_003364215.1    1.59%    passed     99.83%
  55  GCF_003364255.1    1.59%    passed     99.62%
  56  GCF_003364335.1    1.59%    passed     98.89%
  57  GCF_003660265.1    1.59%    passed     34.64%
  58  GCF_003660285.1    1.59%    passed     95.44%
  59  GCF_003660395.1    1.59%    passed     96.61%
  60  GCF_003670275.1    1.59%    passed     99.64%
  61  GCF_003752135.1    1.59%    passed     70.78%
  62  GCF_004323845.1    1.59%    passed     99.70%
  63  GCF_004803795.1    1.59%    passed     99.79%
  64  GCF_004803815.1    1.59%    passed     99.60%
  65  GCF_005217605.1    3.17%    passed     93.59%
  66  GCF_005406215.1    1.59%    passed     99.90%
  67  GCF_005406225.1    1.59%    passed     99.62%
  68  GCF_005843985.1    1.59%    passed     81.81%
  69  GCF_006864425.1    1.59%    passed     98.88%
  70  GCF_008245005.1    1.59%    passed     99.59%
  71  GCF_008245045.1    1.59%    passed     99.86%
  72  GCF_008693005.1    1.59%    failed      0.47%
  73  GCF_009068765.1    3.17%    passed     95.84%
  74  GCF_009192995.1    3.17%    passed     84.17%
  75  GCF_009258225.1    3.17%    passed     76.48%
  76  GCF_011769985.2   14.29%    failed      0.00%
  77  GCF_013177655.1    1.59%    passed     97.05%
  78  GCF_013201605.1    1.59%    passed     97.22%
  79  GCF_013372105.1    1.59%    passed     98.48%
  80  GCF_013372125.1    1.59%    passed     96.34%
  81  GCF_013372145.1    1.59%    passed     99.92%
  82  GCF_013372185.1    1.59%    passed     99.99%
  83  GCF_013372205.1    1.59%    passed     99.98%
  84  GCF_014253065.1    1.59%    passed     99.96%
  85  GCF_014466985.1    1.59%    passed     97.27%
  86  GCF_014905095.1    3.17%    passed     97.36%
  87  GCF_014905115.1    3.17%    passed     98.90%
  88  GCF_014905135.1    3.17%    passed     12.58%
  89  GCF_015100395.1    1.59%    passed     99.01%
  90  GCF_015265455.1    3.17%    passed     83.21%
  91  GCF_015265475.1    3.17%    passed     76.27%
  92  GCF_016593255.1    1.59%    passed     99.71%
  93  GCF_016806695.1    1.59%    passed     99.68%
  94  GCF_016937535.1    1.59%    passed     98.28%
  95  GCF_017357825.1    3.17%    passed     86.36%
  96  GCF_017979425.1    1.59%    passed     95.64%
  97  GCF_017979475.1    1.59%    passed     89.00%
  98  GCF_018145655.1    1.59%    passed     99.70%
  99  GCF_019711685.1    1.59%    passed     99.89%
 100  GCF_021300615.1    0.00%    passed     45.08%
 101  GCF_021300655.1    1.59%    passed     99.72%
 102  GCF_023646285.1    1.59%    passed     97.60%
 103  GCF_025770725.1    1.59%    passed     97.68%
 104  GCF_026000295.1    1.59%    passed     87.10%
 105  GCF_027859255.1    1.59%    passed     99.78%
 106  GCF_027943725.1    1.59%    passed     98.59%
 107  GCF_027946175.1    1.59%    passed     89.29%
 108  GCF_028649595.1    1.59%    passed     15.63%
 109  GCF_028751035.1    1.59%    passed     99.87%
 110  GCF_030249845.1    1.59%    passed     86.63%
 111  GCF_030296055.1    1.59%    passed     99.97%
 112  GCF_900115615.1    1.59%    passed     98.83%
 113  GCF_900461455.1    1.59%    passed     95.59%
 114  GCF_900475935.1    1.59%    passed     95.71%
 115  GCF_900476215.1    0.00%    passed     90.93%
 116  GCF_900478295.1    1.59%    passed     99.71%
 117  GCF_900637395.1    1.59%    passed     99.95%
 118  GCF_905120465.1    1.59%    passed     90.01%
 119  GCF_905120475.1    1.59%    passed     98.25%
****  TOTAL              2.12%  2 sequences failed composition chi2 test (p-value<5%; df=19)
Reading alignment file gene_order/flagellar_trees/trimmed/flga.faa ... Fasta format detected
Reading fasta file: done in 0.000195295 secs using 93.19% CPU
Alignment most likely contains protein sequences
Alignment has 119 sequences with 177 columns, 177 distinct patterns
177 parsimony-informative, 0 singleton sites, 0 constant sites
                 Gap/Ambiguity  Composition  p-value
Analyzing sequences: done in 2.46298e-05 secs using 901.3% CPU
   1  GCF_000012965.1    3.39%    passed     77.91%
   2  GCF_000021725.1   18.64%    passed     21.10%
   3  GCF_000024885.1   24.29%    passed     73.98%
   4  GCF_000147355.1    3.39%    passed     80.78%
   5  GCF_000155475.1    1.13%    passed     99.80%
   6  GCF_000162575.1    0.56%    passed     25.53%
   7  GCF_000183725.1    3.39%    passed     85.43%
   8  GCF_000194135.1    6.78%    failed      4.02%
   9  GCF_000196135.1    2.26%    failed      1.91%
  10  GCF_000200595.1   16.38%    passed     24.63%
  11  GCF_000242915.1    3.39%    passed     88.19%
  12  GCF_000254135.1   17.51%    passed     62.41%
  13  GCF_000259275.1   12.99%    passed     93.17%
  14  GCF_000265295.1    3.39%    failed      3.19%
  15  GCF_000420385.1    7.34%    failed      1.65%
  16  GCF_000445475.1    3.39%    passed     32.02%
  17  GCF_000507845.1   15.25%    passed     12.98%
  18  GCF_000518225.1    0.56%    failed      0.06%
  19  GCF_000568815.1    3.95%    passed     94.22%
  20  GCF_000597725.1    1.13%    passed     27.77%
  21  GCF_000686565.1   14.69%    passed      6.74%
  22  GCF_000687535.1    0.56%    passed     24.20%
  23  GCF_000736415.1   24.29%    passed     85.86%
  24  GCF_000744435.1    7.34%    failed      1.85%
  25  GCF_000762845.2    1.13%    passed     80.11%
  26  GCF_000762875.2   14.69%    passed     40.92%
  27  GCF_000763135.2    1.13%    passed     28.56%
  28  GCF_000765805.2   14.69%    failed      1.09%
  29  GCF_000765905.2   14.69%    passed     43.26%
  30  GCF_000813325.1    3.95%    passed     82.16%
  31  GCF_000816185.1   17.51%    passed     88.33%
  32  GCF_000816305.1   17.51%    passed     82.01%
  33  GCF_000816785.1   17.51%    passed     93.38%
  34  GCF_001282945.1   16.38%    failed      0.46%
  35  GCF_001283065.1   16.38%    passed     17.25%
  36  GCF_001298465.1    1.13%    passed     96.79%
  37  GCF_001457695.1   17.51%    passed     35.11%
  38  GCF_001602095.1    0.56%    failed      4.89%
  39  GCF_001687475.2   17.51%    passed     19.75%
  40  GCF_001693335.1    1.69%    failed      1.15%
  41  GCF_001723605.1    3.95%    passed     95.15%
  42  GCF_002021925.1    1.13%    passed     77.22%
  43  GCF_002080395.1   17.51%    passed     17.81%
  44  GCF_002104335.1   17.51%    passed     41.45%
  45  GCF_002119425.1    7.91%    passed     15.78%
  46  GCF_002139855.1   16.38%    passed     23.02%
  47  GCF_002139875.1   20.90%    passed     22.44%
  48  GCF_002139915.1   31.07%    passed     49.43%
  49  GCF_002139935.1   24.29%    passed     67.55%
  50  GCF_002238335.1   17.51%    passed     48.73%
  51  GCF_002335445.1   18.64%    failed      0.35%
  52  GCF_003245365.1    0.56%    passed     58.10%
  53  GCF_003364195.1   14.69%    passed     12.99%
  54  GCF_003364205.1    2.26%    passed     42.14%
  55  GCF_003364215.1    2.26%    passed     35.13%
  56  GCF_003364255.1    1.13%    passed     86.13%
  57  GCF_003364335.1   15.25%    passed     62.13%
  58  GCF_003660265.1   19.21%    failed      0.35%
  59  GCF_003660285.1   18.08%    passed     15.20%
  60  GCF_003660395.1   18.08%    passed     50.17%
  61  GCF_003670275.1    1.13%    passed     99.80%
  62  GCF_003752135.1   19.21%    passed     48.25%
  63  GCF_004323845.1   17.51%    passed     31.88%
  64  GCF_004803795.1    1.13%    passed     95.60%
  65  GCF_004803815.1    1.13%    passed     86.12%
  66  GCF_005217605.1    3.39%    passed     54.51%
  67  GCF_005406215.1   17.51%    passed     44.70%
  68  GCF_005406225.1   17.51%    passed     19.66%
  69  GCF_005843985.1   27.12%    failed      3.99%
  70  GCF_006864425.1   17.51%    passed     51.37%
  71  GCF_008245005.1    1.13%    passed     53.90%
  72  GCF_008245045.1   17.51%    passed     78.36%
  73  GCF_008693005.1   12.43%    failed      0.00%
  74  GCF_009068765.1    3.39%    passed     14.56%
  75  GCF_009192995.1    3.39%    passed     12.71%
  76  GCF_009258225.1    3.39%    passed     11.57%
  77  GCF_011769985.2    3.95%    passed     94.97%
  78  GCF_013177655.1   22.03%    passed     43.24%
  79  GCF_013201605.1   17.51%    passed     89.26%
  80  GCF_013372105.1   17.51%    passed     93.98%
  81  GCF_013372125.1    1.13%    passed     99.35%
  82  GCF_013372145.1   17.51%    passed     13.88%
  83  GCF_013372185.1   17.51%    passed     85.82%
  84  GCF_013372205.1    1.13%    passed     89.36%
  85  GCF_014253065.1    1.13%    passed     77.53%
  86  GCF_014466985.1    2.26%    failed      3.16%
  87  GCF_014905095.1    2.82%    passed     80.42%
  88  GCF_014905115.1    3.39%    passed     10.62%
  89  GCF_014905135.1    3.39%    passed     41.02%
  90  GCF_015100395.1    2.26%    failed      0.22%
  91  GCF_015265455.1    3.39%    passed     76.04%
  92  GCF_015265475.1    3.39%    passed     56.21%
  93  GCF_016593255.1    3.39%    failed      0.03%
  94  GCF_016806695.1   17.51%    passed     16.44%
  95  GCF_016937535.1    2.82%    failed      0.20%
  96  GCF_017357825.1    3.39%    passed     29.74%
  97  GCF_017979425.1   16.38%    passed     15.12%
  98  GCF_018145655.1    1.13%    passed     58.81%
  99  GCF_019711685.1    0.56%    passed     37.91%
 100  GCF_021300615.1   15.25%    passed     71.25%
 101  GCF_021300655.1    0.56%    passed      5.00%
 102  GCF_023646285.1    0.56%    passed     41.76%
 103  GCF_025770725.1    3.95%    passed     99.34%
 104  GCF_026000295.1   18.08%    failed      0.00%
 105  GCF_027859255.1    1.69%    passed     39.29%
 106  GCF_027943725.1    2.82%    failed      0.01%
 107  GCF_027946175.1    2.26%    passed     35.80%
 108  GCF_028649595.1   24.86%    failed      3.42%
 109  GCF_028751035.1    0.56%    passed     73.89%
 110  GCF_030249845.1    1.13%    passed     52.42%
 111  GCF_030296055.1   12.99%    failed      0.89%
 112  GCF_900115615.1    3.39%    failed      0.93%
 113  GCF_900461455.1   12.99%    passed     95.82%
 114  GCF_900475935.1   24.29%    passed     41.30%
 115  GCF_900476215.1   15.25%    passed     48.77%
 116  GCF_900478295.1   12.99%    passed     99.36%
 117  GCF_900637395.1   17.51%    passed     25.74%
 118  GCF_905120465.1    1.13%    passed     93.69%
 119  GCF_905120475.1    2.82%    passed     87.27%
****  TOTAL              9.61%  23 sequences failed composition chi2 test (p-value<5%; df=19)
Reading alignment file gene_order/flagellar_trees/trimmed/flgb.faa ... Fasta format detected
Reading fasta file: done in 0.000164821 secs using 94.04% CPU
Alignment most likely contains protein sequences
Alignment has 153 sequences with 109 columns, 107 distinct patterns
99 parsimony-informative, 2 singleton sites, 8 constant sites
                 Gap/Ambiguity  Composition  p-value
Analyzing sequences: done in 1.58036e-05 secs using 5790% CPU
   1  GCF_000012965.1    0.00%    passed     98.68%
   2  GCF_000021725.1    0.00%    passed     91.97%
   3  GCF_000024885.1    0.00%    passed     99.21%
   4  GCF_000092245.1    0.00%    passed     48.72%
   5  GCF_000147355.1    0.00%    passed     98.49%
   6  GCF_000155475.1    0.00%    passed     16.35%
   7  GCF_000162575.1    0.00%    passed     95.58%
   8  GCF_000183725.1    0.00%    passed     81.13%
   9  GCF_000194135.1    0.00%    passed     17.63%
  10  GCF_000196135.1    0.00%    passed     95.66%
  11  GCF_000200595.1    0.00%    passed     90.56%
  12  GCF_000242915.1    0.00%    passed     99.10%
  13  GCF_000254135.1    0.00%    passed     98.57%
  14  GCF_000259275.1    0.00%    passed     89.99%
  15  GCF_000265295.1    0.00%    passed     99.70%
  16  GCF_000420385.1    0.00%    failed      3.60%
  17  GCF_000445475.1    0.00%    passed     99.69%
  18  GCF_000507845.1    0.00%    passed     62.99%
  19  GCF_000518225.1    0.00%    passed     98.35%
  20  GCF_000568815.1    0.00%    passed     99.90%
  21  GCF_000597725.1    0.00%    passed     78.50%
  22  GCF_000686565.1    0.00%    passed     92.42%
  23  GCF_000687535.1    0.00%    passed     84.82%
  24  GCF_000736415.1    0.00%    passed     99.08%
  25  GCF_000744435.1    0.00%    passed     38.43%
  26  GCF_000762845.2    0.00%    passed     37.61%
  27  GCF_000762875.2    0.00%    passed     97.89%
  28  GCF_000763135.2    0.00%    passed     26.76%
  29  GCF_000765805.2    0.00%    passed     95.73%
  30  GCF_000765905.2    0.00%    passed     90.27%
  31  GCF_000813325.1    0.00%    passed    100.00%
  32  GCF_000816185.1    0.00%    passed     99.77%
  33  GCF_000816305.1    0.00%    passed     99.40%
  34  GCF_000816785.1    0.00%    passed     98.82%
  35  GCF_001282945.1    0.00%    passed     90.36%
  36  GCF_001283065.1    0.00%    passed     89.39%
  37  GCF_001298465.1    0.00%    passed     99.98%
  38  GCF_001457695.1    0.00%    passed     97.12%
  39  GCF_001602095.1    0.00%    passed     96.43%
  40  GCF_001687475.2    0.00%    passed     98.46%
  41  GCF_001693335.1    0.00%    passed     97.36%
  42  GCF_001723605.1    0.00%    passed     99.81%
  43  GCF_001956695.1    0.00%    passed     57.92%
  44  GCF_002021925.1    0.00%    passed     99.93%
  45  GCF_002080395.1    0.00%    passed     98.63%
  46  GCF_002104335.1    0.00%    passed     99.89%
  47  GCF_002119425.1    0.00%    passed     45.92%
  48  GCF_002139855.1    0.00%    passed     97.78%
  49  GCF_002139875.1    0.00%    passed     97.78%
  50  GCF_002139915.1    0.00%    passed     99.82%
  51  GCF_002139935.1    0.00%    passed     97.08%
  52  GCF_002238335.1    0.00%    passed     98.34%
  53  GCF_002335445.1    1.83%    passed     99.91%
  54  GCF_002837275.1    0.00%    passed     91.53%
  55  GCF_003063245.1    0.00%    passed     54.36%
  56  GCF_003063295.1    0.00%    passed     50.66%
  57  GCF_003245365.1    0.00%    passed     99.31%
  58  GCF_003316695.1    0.00%    passed     60.10%
  59  GCF_003346775.1    0.00%    passed     95.19%
  60  GCF_003346815.1    0.00%    passed     87.63%
  61  GCF_003355515.1    0.00%    passed     76.00%
  62  GCF_003364195.1    0.00%    passed     96.57%
  63  GCF_003364205.1    0.00%    passed     97.50%
  64  GCF_003364215.1    0.00%    passed     97.55%
  65  GCF_003364255.1    0.00%    passed     25.84%
  66  GCF_003364335.1    0.00%    passed     97.07%
  67  GCF_003544815.1    0.00%    passed     52.56%
  68  GCF_003544835.1    0.00%    passed     75.03%
  69  GCF_003544855.1    0.00%    passed     92.38%
  70  GCF_003544915.1    0.00%    failed      2.61%
  71  GCF_003544935.1    0.00%    passed     93.27%
  72  GCF_003660105.1    0.00%    passed     80.02%
  73  GCF_003660265.1    0.00%    passed     88.95%
  74  GCF_003660285.1    0.00%    passed     90.56%
  75  GCF_003660395.1    0.00%    passed     90.56%
  76  GCF_003667345.1    0.00%    passed     56.51%
  77  GCF_003670275.1    0.00%    passed     17.31%
  78  GCF_003752135.1    0.00%    passed     95.67%
  79  GCF_004214795.1    0.00%    passed     46.28%
  80  GCF_004214815.1    0.00%    passed     64.32%
  81  GCF_004299785.2    0.00%    passed     67.82%
  82  GCF_004323845.1    0.00%    passed     99.78%
  83  GCF_004803795.1    0.00%    passed     94.57%
  84  GCF_004803815.1    0.00%    passed     91.47%
  85  GCF_005217605.1    0.00%    passed     95.59%
  86  GCF_005406215.1    0.00%    passed     99.69%
  87  GCF_005406225.1    0.00%    passed     99.29%
  88  GCF_005771535.1    0.00%    passed     25.26%
  89  GCF_005843985.1    0.00%    passed     96.71%
  90  GCF_006459125.1    0.00%    passed     86.70%
  91  GCF_006864425.1    0.00%    passed     93.45%
  92  GCF_008245005.1    0.00%    passed     99.97%
  93  GCF_008245045.1    0.00%    passed     92.66%
  94  GCF_008693005.1    0.00%    passed     97.85%
  95  GCF_009068765.1    0.00%    passed     88.07%
  96  GCF_009192995.1    0.00%    passed     99.53%
  97  GCF_009258225.1    0.00%    passed     99.77%
  98  GCF_011769985.2    0.00%    passed     99.62%
  99  GCF_013177635.1    0.00%    passed     13.06%
 100  GCF_013177655.1    0.00%    passed    100.00%
 101  GCF_013201605.1    0.00%    passed     99.45%
 102  GCF_013201625.1    0.00%    passed     45.56%
 103  GCF_013201665.1    0.00%    passed     71.66%
 104  GCF_013201705.1    0.00%    passed     42.28%
 105  GCF_013201725.1    0.00%    passed     16.90%
 106  GCF_013201825.1    0.00%    passed      5.89%
 107  GCF_013201935.1    0.00%    passed     14.41%
 108  GCF_013283835.1    0.00%    passed     85.49%
 109  GCF_013372105.1    0.00%    passed     99.37%
 110  GCF_013372125.1    0.00%    passed     99.98%
 111  GCF_013372145.1    0.00%    passed     98.93%
 112  GCF_013372185.1    0.00%    passed     98.89%
 113  GCF_013372205.1    0.00%    passed     96.88%
 114  GCF_013372265.1    0.00%    passed     58.11%
 115  GCF_014253065.1    0.00%    passed     94.79%
 116  GCF_014466985.1    1.83%    failed      0.81%
 117  GCF_014905095.1    0.00%    passed     99.66%
 118  GCF_014905115.1    0.00%    passed     93.19%
 119  GCF_014905135.1    0.00%    passed     88.71%
 120  GCF_015100395.1    1.83%    failed      0.65%
 121  GCF_015265455.1    0.00%    passed     96.98%
 122  GCF_015265475.1    0.00%    passed     99.31%
 123  GCF_016106035.1    0.00%    passed     41.69%
 124  GCF_016593255.1    0.00%    passed     99.50%
 125  GCF_016806695.1    0.00%    passed     99.23%
 126  GCF_016937535.1    0.00%    passed     99.34%
 127  GCF_017357825.1    0.00%    passed     67.83%
 128  GCF_017979425.1    0.00%    passed     90.56%
 129  GCF_017979475.1    0.00%    passed     97.69%
 130  GCF_018145655.1    0.00%    passed     99.79%
 131  GCF_019711685.1    0.00%    passed     86.61%
 132  GCF_021300615.1    0.00%    passed     95.25%
 133  GCF_021300655.1    0.00%    passed     99.25%
 134  GCF_023646285.1    0.00%    passed     89.92%
 135  GCF_024267655.1    0.00%    passed     84.33%
 136  GCF_025770725.1    0.00%    passed     99.94%
 137  GCF_026000295.1    0.00%    passed     96.67%
 138  GCF_027859255.1    0.00%    passed     94.89%
 139  GCF_027943725.1    1.83%    passed     30.39%
 140  GCF_027946175.1    4.59%    failed      1.06%
 141  GCF_028649595.1    0.00%    passed     99.75%
 142  GCF_028751035.1    0.00%    passed     96.86%
 143  GCF_030249845.1    0.00%    passed     98.53%
 144  GCF_030296055.1    0.00%    passed     76.55%
 145  GCF_900115615.1    0.00%    passed     97.25%
 146  GCF_900187115.1    0.00%    passed     27.57%
 147  GCF_900461455.1    0.00%    passed     92.99%
 148  GCF_900475935.1    0.00%    passed     98.76%
 149  GCF_900476215.1   15.60%    passed     99.76%
 150  GCF_900478295.1    0.00%    passed     92.99%
 151  GCF_900637395.1    0.00%    passed     99.73%
 152  GCF_905120465.1    0.00%    passed     99.73%
 153  GCF_905120475.1    0.00%    passed     21.92%
****  TOTAL              0.18%  5 sequences failed composition chi2 test (p-value<5%; df=19)
Reading alignment file gene_order/flagellar_trees/trimmed/flgc.faa ... Fasta format detected
Reading fasta file: done in 0.000235918 secs using 94.1% CPU
Alignment most likely contains protein sequences
Alignment has 153 sequences with 164 columns, 157 distinct patterns
139 parsimony-informative, 6 singleton sites, 19 constant sites
                 Gap/Ambiguity  Composition  p-value
Analyzing sequences: done in 1.80379e-05 secs using 765.1% CPU
   1  GCF_000012965.1    0.61%    passed    100.00%
   2  GCF_000021725.1    0.00%    passed     99.49%
   3  GCF_000024885.1    0.61%    passed     99.60%
   4  GCF_000092245.1    6.71%    passed     97.24%
   5  GCF_000147355.1    0.61%    passed     99.98%
   6  GCF_000155475.1    0.61%    passed    100.00%
   7  GCF_000162575.1    0.61%    passed     99.15%
   8  GCF_000183725.1    0.00%    passed    100.00%
   9  GCF_000194135.1   16.46%    passed     93.02%
  10  GCF_000196135.1    0.00%    failed      0.00%
  11  GCF_000200595.1    0.61%    passed     99.99%
  12  GCF_000242915.1    0.61%    passed     99.89%
  13  GCF_000254135.1    0.00%    passed    100.00%
  14  GCF_000259275.1    1.83%    passed     99.99%
  15  GCF_000265295.1    0.61%    passed     99.08%
  16  GCF_000420385.1   16.46%    passed     85.13%
  17  GCF_000445475.1    0.61%    passed    100.00%
  18  GCF_000507845.1    0.00%    passed     99.10%
  19  GCF_000518225.1    0.00%    passed    100.00%
  20  GCF_000568815.1    0.00%    passed     99.96%
  21  GCF_000597725.1    0.00%    passed     99.51%
  22  GCF_000686565.1    0.61%    passed     99.29%
  23  GCF_000687535.1    0.61%    passed     99.98%
  24  GCF_000736415.1    0.00%    passed     99.92%
  25  GCF_000744435.1   16.46%    passed     97.17%
  26  GCF_000762845.2    0.61%    passed     99.99%
  27  GCF_000762875.2    0.61%    passed     95.29%
  28  GCF_000763135.2    0.61%    passed    100.00%
  29  GCF_000765805.2    0.61%    passed     99.91%
  30  GCF_000765905.2    0.61%    passed     99.78%
  31  GCF_000813325.1    0.00%    passed     99.54%
  32  GCF_000816185.1    0.00%    passed    100.00%
  33  GCF_000816305.1    0.00%    passed    100.00%
  34  GCF_000816785.1    0.00%    passed    100.00%
  35  GCF_001282945.1    0.61%    passed     99.98%
  36  GCF_001283065.1    0.61%    passed     99.98%
  37  GCF_001298465.1    0.00%    passed     99.04%
  38  GCF_001457695.1    0.00%    passed    100.00%
  39  GCF_001602095.1    0.00%    passed     99.99%
  40  GCF_001687475.2    0.00%    passed     99.99%
  41  GCF_001693335.1    0.00%    passed    100.00%
  42  GCF_001723605.1    0.00%    passed     99.97%
  43  GCF_001956695.1    6.71%    passed     82.46%
  44  GCF_002021925.1    0.61%    passed     99.41%
  45  GCF_002080395.1    0.00%    passed    100.00%
  46  GCF_002104335.1    0.00%    passed     99.99%
  47  GCF_002119425.1   18.29%    passed     99.14%
  48  GCF_002139855.1    0.00%    passed     98.03%
  49  GCF_002139875.1    0.00%    passed     99.24%
  50  GCF_002139915.1    0.00%    passed     99.53%
  51  GCF_002139935.1    0.00%    passed     99.18%
  52  GCF_002238335.1    0.00%    passed     99.92%
  53  GCF_002335445.1    0.00%    passed     98.45%
  54  GCF_002837275.1    6.71%    passed     93.10%
  55  GCF_003063245.1    6.71%    passed     95.23%
  56  GCF_003063295.1    6.10%    passed     86.94%
  57  GCF_003245365.1    0.61%    passed     99.71%
  58  GCF_003316695.1    6.10%    passed     82.53%
  59  GCF_003346775.1    6.71%    passed     92.90%
  60  GCF_003346815.1    6.10%    passed     65.85%
  61  GCF_003355515.1    6.10%    passed     80.56%
  62  GCF_003364195.1    0.61%    passed     99.89%
  63  GCF_003364205.1    0.00%    passed    100.00%
  64  GCF_003364215.1    0.00%    passed    100.00%
  65  GCF_003364255.1    0.61%    passed    100.00%
  66  GCF_003364335.1    0.00%    passed     96.72%
  67  GCF_003544815.1    6.71%    passed     81.29%
  68  GCF_003544835.1    6.10%    passed     71.62%
  69  GCF_003544855.1    6.71%    passed     99.40%
  70  GCF_003544915.1    6.10%    passed     91.00%
  71  GCF_003544935.1    6.10%    passed     98.85%
  72  GCF_003660105.1    6.10%    passed     78.26%
  73  GCF_003660265.1    0.61%    passed    100.00%
  74  GCF_003660285.1    0.61%    passed    100.00%
  75  GCF_003660395.1    0.61%    passed    100.00%
  76  GCF_003667345.1    6.71%    passed     78.59%
  77  GCF_003670275.1    0.61%    passed     99.99%
  78  GCF_003752135.1    0.00%    passed     98.99%
  79  GCF_004214795.1    6.71%    passed     99.07%
  80  GCF_004214815.1    6.10%    passed     96.98%
  81  GCF_004299785.2    6.10%    passed     96.98%
  82  GCF_004323845.1    0.00%    passed    100.00%
  83  GCF_004803795.1    0.00%    passed     99.83%
  84  GCF_004803815.1    0.00%    passed     99.83%
  85  GCF_005217605.1    0.61%    passed     99.97%
  86  GCF_005406215.1    0.00%    passed    100.00%
  87  GCF_005406225.1    0.00%    passed     99.98%
  88  GCF_005771535.1    7.32%    passed     50.20%
  89  GCF_005843985.1    0.00%    passed     82.10%
  90  GCF_006459125.1    7.32%    passed     72.21%
  91  GCF_006864425.1    0.00%    passed     96.03%
  92  GCF_008245005.1    0.00%    passed     98.51%
  93  GCF_008245045.1    0.00%    passed    100.00%
  94  GCF_008693005.1    0.00%    passed     96.71%
  95  GCF_009068765.1    0.61%    passed     96.54%
  96  GCF_009192995.1    0.61%    passed     99.96%
  97  GCF_009258225.1    0.61%    passed    100.00%
  98  GCF_011769985.2    0.00%    passed     99.81%
  99  GCF_013177635.1    6.10%    passed     93.56%
 100  GCF_013177655.1    0.61%    passed     99.12%
 101  GCF_013201605.1    0.00%    passed    100.00%
 102  GCF_013201625.1    6.10%    passed     85.63%
 103  GCF_013201665.1    6.71%    passed     89.80%
 104  GCF_013201705.1    6.10%    passed     85.91%
 105  GCF_013201725.1    6.10%    passed     85.40%
 106  GCF_013201825.1    7.32%    passed     95.17%
 107  GCF_013201935.1    6.10%    passed     92.06%
 108  GCF_013283835.1    4.88%    passed     94.66%
 109  GCF_013372105.1    0.00%    passed    100.00%
 110  GCF_013372125.1    0.00%    passed    100.00%
 111  GCF_013372145.1    0.61%    passed     92.84%
 112  GCF_013372185.1    0.00%    passed    100.00%
 113  GCF_013372205.1    0.00%    passed    100.00%
 114  GCF_013372265.1    6.10%    passed     99.84%
 115  GCF_014253065.1    0.00%    passed     99.83%
 116  GCF_014466985.1   15.24%    passed     37.06%
 117  GCF_014905095.1    0.61%    passed     99.99%
 118  GCF_014905115.1    0.61%    passed     97.81%
 119  GCF_014905135.1    0.61%    passed     99.99%
 120  GCF_015100395.1   15.24%    passed     50.55%
 121  GCF_015265455.1    0.61%    passed    100.00%
 122  GCF_015265475.1    0.61%    passed    100.00%
 123  GCF_016106035.1    6.10%    passed     91.15%
 124  GCF_016593255.1    0.00%    passed     99.94%
 125  GCF_016806695.1    0.00%    passed    100.00%
 126  GCF_016937535.1    0.00%    passed     99.54%
 127  GCF_017357825.1    0.61%    passed     99.97%
 128  GCF_017979425.1    0.61%    passed    100.00%
 129  GCF_017979475.1    0.61%    passed     99.83%
 130  GCF_018145655.1    0.00%    passed     99.98%
 131  GCF_019711685.1    0.61%    passed     99.90%
 132  GCF_021300615.1    0.61%    passed     99.99%
 133  GCF_021300655.1    0.00%    passed    100.00%
 134  GCF_023646285.1    0.61%    passed     99.47%
 135  GCF_024267655.1    4.88%    passed     96.21%
 136  GCF_025770725.1    0.00%    passed     99.78%
 137  GCF_026000295.1    0.61%    passed    100.00%
 138  GCF_027859255.1    0.61%    passed     99.99%
 139  GCF_027943725.1   15.24%    passed      5.74%
 140  GCF_027946175.1   17.68%    passed     73.98%
 141  GCF_028649595.1    0.00%    passed     91.88%
 142  GCF_028751035.1    0.61%    passed     99.52%
 143  GCF_030249845.1    0.61%    passed     98.96%
 144  GCF_030296055.1    0.00%    passed     99.12%
 145  GCF_900115615.1    0.00%    passed     99.91%
 146  GCF_900187115.1    6.10%    passed     82.79%
 147  GCF_900461455.1    1.83%    passed     99.53%
 148  GCF_900475935.1    0.00%    passed     99.27%
 149  GCF_900476215.1    0.00%    passed    100.00%
 150  GCF_900478295.1    1.83%    passed     99.64%
 151  GCF_900637395.1    0.00%    passed    100.00%
 152  GCF_905120465.1    0.00%    passed     95.46%
 153  GCF_905120475.1    0.00%    passed     99.90%
****  TOTAL              2.44%  1 sequences failed composition chi2 test (p-value<5%; df=19)
Reading alignment file gene_order/flagellar_trees/trimmed/flgd.faa ... Fasta format detected
Reading fasta file: done in 0.000198086 secs using 94.4% CPU
Alignment most likely contains protein sequences
Alignment has 137 sequences with 154 columns, 154 distinct patterns
150 parsimony-informative, 0 singleton sites, 4 constant sites
                 Gap/Ambiguity  Composition  p-value
Analyzing sequences: done in 1.95894e-05 secs using 1092% CPU
   1  GCF_000012965.1    0.00%    passed     93.64%
   2  GCF_000021725.1    0.00%    passed     86.30%
   3  GCF_000024885.1    0.00%    passed     72.54%
   4  GCF_000092245.1   35.06%    passed      7.74%
   5  GCF_000147355.1    0.00%    passed     93.45%
   6  GCF_000155475.1    0.00%    passed     96.99%
   7  GCF_000162575.1    0.00%    passed     71.08%
   8  GCF_000183725.1    0.00%    passed     23.38%
   9  GCF_000194135.1    0.00%    passed     90.29%
  10  GCF_000196135.1    0.00%    passed     97.11%
  11  GCF_000200595.1    0.00%    passed     84.51%
  12  GCF_000242915.1    0.00%    passed     94.13%
  13  GCF_000254135.1    0.00%    passed     99.89%
  14  GCF_000265295.1    0.00%    passed     92.50%
  15  GCF_000420385.1    0.00%    passed     85.53%
  16  GCF_000445475.1    0.00%    passed     77.31%
  17  GCF_000518225.1    0.00%    passed     86.80%
  18  GCF_000568815.1    0.00%    passed     18.49%
  19  GCF_000597725.1    0.00%    passed     99.62%
  20  GCF_000686565.1    0.00%    passed     99.18%
  21  GCF_000687535.1    0.00%    passed     82.85%
  22  GCF_000736415.1    0.00%    passed     99.95%
  23  GCF_000744435.1    0.00%    passed     93.03%
  24  GCF_000762875.2    0.00%    passed     87.86%
  25  GCF_000763135.2    0.00%    passed     74.65%
  26  GCF_000765805.2    0.00%    passed     78.69%
  27  GCF_000765905.2    0.00%    passed     98.88%
  28  GCF_000813325.1    0.00%    passed     93.34%
  29  GCF_000816185.1    0.00%    passed     96.86%
  30  GCF_000816305.1    0.00%    passed     66.55%
  31  GCF_000816785.1    0.00%    passed     95.04%
  32  GCF_001282945.1    0.00%    passed     95.94%
  33  GCF_001283065.1    0.00%    passed     90.49%
  34  GCF_001298465.1    0.00%    passed     98.39%
  35  GCF_001457695.1    0.00%    passed     99.71%
  36  GCF_001693335.1    0.65%    passed     78.07%
  37  GCF_001723605.1    0.00%    passed     10.50%
  38  GCF_001956695.1   15.58%    passed     46.76%
  39  GCF_002021925.1    0.00%    passed     96.18%
  40  GCF_002080395.1    0.00%    passed     68.79%
  41  GCF_002119425.1    1.30%    failed      0.00%
  42  GCF_002139855.1    0.00%    passed     97.07%
  43  GCF_002139875.1    0.00%    passed     82.93%
  44  GCF_002139915.1    0.00%    passed     46.34%
  45  GCF_002139935.1    0.00%    passed     91.49%
  46  GCF_002238335.1    0.00%    passed     99.11%
  47  GCF_002335445.1    0.00%    passed     97.60%
  48  GCF_002837275.1   14.94%    passed     72.99%
  49  GCF_003063245.1   15.58%    passed     44.37%
  50  GCF_003063295.1   14.94%    passed     42.43%
  51  GCF_003245365.1    0.00%    passed     32.90%
  52  GCF_003316695.1   15.58%    passed     89.55%
  53  GCF_003346775.1   14.94%    passed     63.26%
  54  GCF_003346815.1   14.94%    passed     91.97%
  55  GCF_003355515.1   15.58%    passed     78.87%
  56  GCF_003364195.1    0.00%    passed     88.34%
  57  GCF_003364205.1    0.00%    passed     59.63%
  58  GCF_003364255.1    0.00%    passed     52.75%
  59  GCF_003544835.1   15.58%    passed     78.92%
  60  GCF_003544855.1   14.94%    passed     93.63%
  61  GCF_003544935.1   14.94%    passed     60.88%
  62  GCF_003660105.1   15.58%    passed     85.72%
  63  GCF_003660265.1    0.00%    passed     96.15%
  64  GCF_003660285.1    0.00%    passed     95.56%
  65  GCF_003660395.1    0.00%    passed     94.74%
  66  GCF_003667345.1   15.58%    passed     50.15%
  67  GCF_003670275.1    0.00%    passed     96.99%
  68  GCF_003752135.1    0.00%    passed     97.08%
  69  GCF_004214795.1   15.58%    passed     69.29%
  70  GCF_004214815.1   15.58%    passed     96.57%
  71  GCF_004299785.2   15.58%    passed     82.78%
  72  GCF_004323845.1    0.00%    passed     99.76%
  73  GCF_004803795.1    0.00%    passed     77.73%
  74  GCF_004803815.1    0.00%    passed     77.71%
  75  GCF_005217605.1    0.00%    passed     84.24%
  76  GCF_005406215.1    0.00%    passed     99.93%
  77  GCF_005406225.1    0.00%    passed     99.99%
  78  GCF_005843985.1    0.00%    passed     91.35%
  79  GCF_006459125.1   16.23%    passed     10.06%
  80  GCF_006864425.1    0.00%    passed     98.45%
  81  GCF_008245005.1    0.00%    passed     89.20%
  82  GCF_008245045.1    0.00%    passed     88.27%
  83  GCF_009068765.1    0.00%    passed     42.86%
  84  GCF_009192995.1    0.00%    passed     68.41%
  85  GCF_009258225.1    0.00%    passed     88.94%
  86  GCF_011769985.2    0.00%    passed     28.71%
  87  GCF_013177635.1   15.58%    passed     76.19%
  88  GCF_013177655.1    0.00%    passed     38.66%
  89  GCF_013201605.1    0.00%    passed     92.00%
  90  GCF_013201625.1   15.58%    passed     60.77%
  91  GCF_013201705.1   15.58%    passed     74.37%
  92  GCF_013201725.1   15.58%    passed     90.81%
  93  GCF_013201825.1   16.23%    passed     10.97%
  94  GCF_013201935.1   15.58%    passed     90.70%
  95  GCF_013283835.1   15.58%    passed     94.17%
  96  GCF_013372105.1    0.00%    passed     91.04%
  97  GCF_013372125.1    0.00%    passed     98.13%
  98  GCF_013372145.1    0.00%    passed     96.90%
  99  GCF_013372185.1    0.00%    passed     89.39%
 100  GCF_013372205.1    0.00%    passed     97.79%
 101  GCF_013372265.1   15.58%    passed     63.33%
 102  GCF_014253065.1    0.00%    passed     77.71%
 103  GCF_014466985.1    2.60%    passed     16.16%
 104  GCF_014905095.1    0.00%    passed     97.85%
 105  GCF_014905115.1    0.00%    passed     83.49%
 106  GCF_014905135.1    0.00%    passed     95.12%
 107  GCF_015265455.1    0.00%    passed     97.61%
 108  GCF_015265475.1    0.00%    passed     97.94%
 109  GCF_016106035.1   15.58%    passed     62.77%
 110  GCF_016593255.1    0.00%    passed     91.98%
 111  GCF_016806695.1    0.00%    passed     99.91%
 112  GCF_016937535.1    0.00%    passed     85.73%
 113  GCF_017357825.1    0.00%    passed     93.35%
 114  GCF_017979425.1    0.00%    passed     96.76%
 115  GCF_017979475.1    0.00%    passed     58.81%
 116  GCF_018145655.1    0.00%    passed     98.44%
 117  GCF_019711685.1    0.00%    passed     83.68%
 118  GCF_021300655.1    0.00%    passed     96.71%
 119  GCF_023646285.1    0.00%    passed     89.58%
 120  GCF_024267655.1   15.58%    passed     99.62%
 121  GCF_025770725.1    0.00%    passed     23.48%
 122  GCF_026000295.1    0.00%    passed     93.98%
 123  GCF_027859255.1    0.00%    passed     85.27%
 124  GCF_027943725.1    4.55%    failed      4.78%
 125  GCF_028649595.1    0.00%    passed     62.20%
 126  GCF_028751035.1    0.00%    passed     85.19%
 127  GCF_030249845.1    0.00%    passed     98.37%
 128  GCF_030296055.1    0.00%    passed     73.93%
 129  GCF_900115615.1    0.00%    passed     55.02%
 130  GCF_900187115.1   14.94%    passed     70.18%
 131  GCF_900461455.1    0.00%    passed     61.62%
 132  GCF_900475935.1    0.00%    passed     98.18%
 133  GCF_900476215.1    0.00%    passed     96.12%
 134  GCF_900478295.1    0.00%    passed     57.81%
 135  GCF_900637395.1    0.00%    passed     74.33%
 136  GCF_905120465.1    0.00%    passed     29.21%
 137  GCF_905120475.1    0.00%    passed     96.58%
****  TOTAL              3.48%  2 sequences failed composition chi2 test (p-value<5%; df=19)
Reading alignment file gene_order/flagellar_trees/trimmed/flgg.faa ... Fasta format detected
Reading fasta file: done in 0.00035503 secs using 94.92% CPU
Alignment most likely contains protein sequences
Alignment has 152 sequences with 262 columns, 227 distinct patterns
201 parsimony-informative, 9 singleton sites, 52 constant sites
                 Gap/Ambiguity  Composition  p-value
Analyzing sequences: done in 1.72826e-05 secs using 2968% CPU
   1  GCF_000012965.1    0.00%    passed     99.10%
   2  GCF_000021725.1    0.00%    passed     99.98%
   3  GCF_000024885.1    0.00%    passed     99.96%
   4  GCF_000092245.1    0.00%    passed     99.88%
   5  GCF_000147355.1    0.00%    passed     99.71%
   6  GCF_000155475.1    0.00%    passed     99.98%
   7  GCF_000162575.1    0.00%    passed     99.64%
   8  GCF_000183725.1    0.00%    passed     98.22%
   9  GCF_000194135.1    0.00%    passed     16.61%
  10  GCF_000196135.1    0.00%    passed    100.00%
  11  GCF_000200595.1    0.00%    passed     99.97%
  12  GCF_000242915.1    0.00%    passed     98.03%
  13  GCF_000254135.1    0.00%    passed     99.46%
  14  GCF_000259275.1    0.00%    passed     99.25%
  15  GCF_000265295.1    0.00%    passed    100.00%
  16  GCF_000420385.1    0.00%    passed      5.69%
  17  GCF_000445475.1    0.00%    passed     99.08%
  18  GCF_000507845.1    0.00%    passed     99.70%
  19  GCF_000518225.1    0.00%    passed     99.96%
  20  GCF_000568815.1    0.00%    passed     99.73%
  21  GCF_000597725.1    0.00%    passed    100.00%
  22  GCF_000686565.1    0.00%    passed     99.76%
  23  GCF_000687535.1    0.76%    passed     99.60%
  24  GCF_000736415.1    0.00%    passed     99.87%
  25  GCF_000744435.1    0.00%    passed     22.47%
  26  GCF_000762845.2    0.00%    passed     99.96%
  27  GCF_000762875.2    0.00%    passed     99.65%
  28  GCF_000763135.2    0.00%    passed     99.94%
  29  GCF_000765805.2    0.00%    passed     99.55%
  30  GCF_000765905.2    0.00%    passed     99.65%
  31  GCF_000813325.1    0.00%    passed     98.95%
  32  GCF_000816185.1    0.00%    passed     99.69%
  33  GCF_000816305.1    0.00%    passed     99.45%
  34  GCF_000816785.1    0.00%    passed     99.19%
  35  GCF_001282945.1    0.00%    passed     99.59%
  36  GCF_001283065.1    0.00%    passed     99.94%
  37  GCF_001298465.1    0.00%    passed     99.85%
  38  GCF_001457695.1    0.00%    passed     99.87%
  39  GCF_001602095.1    0.00%    passed     98.59%
  40  GCF_001687475.2    0.00%    passed     99.56%
  41  GCF_001693335.1    0.00%    passed     99.98%
  42  GCF_001723605.1    0.00%    passed     99.95%
  43  GCF_001956695.1    0.00%    passed     99.16%
  44  GCF_002021925.1    0.00%    passed     99.91%
  45  GCF_002080395.1    0.00%    passed     98.34%
  46  GCF_002104335.1    0.00%    passed     99.24%
  47  GCF_002119425.1    0.00%    passed     14.50%
  48  GCF_002139855.1    0.00%    passed     96.75%
  49  GCF_002139875.1    0.00%    passed     98.48%
  50  GCF_002139915.1    0.00%    passed     90.06%
  51  GCF_002139935.1    0.00%    passed     89.64%
  52  GCF_002238335.1    0.00%    passed     97.49%
  53  GCF_002335445.1    0.00%    passed     99.91%
  54  GCF_002837275.1    0.00%    passed     95.56%
  55  GCF_003063245.1    0.00%    passed    100.00%
  56  GCF_003063295.1    0.00%    passed     99.55%
  57  GCF_003245365.1    0.76%    passed     95.84%
  58  GCF_003316695.1    0.00%    passed     99.83%
  59  GCF_003346775.1    0.00%    passed     98.20%
  60  GCF_003346815.1    0.00%    passed     96.46%
  61  GCF_003355515.1    0.00%    passed     95.88%
  62  GCF_003364195.1    0.00%    failed      0.00%
  63  GCF_003364205.1    0.00%    passed     99.97%
  64  GCF_003364215.1    0.00%    passed     99.95%
  65  GCF_003364255.1    0.00%    passed     99.99%
  66  GCF_003364335.1    0.00%    passed     99.94%
  67  GCF_003544815.1    0.00%    passed    100.00%
  68  GCF_003544835.1    0.00%    passed     98.49%
  69  GCF_003544855.1    0.00%    passed     98.07%
  70  GCF_003544915.1    0.00%    passed     99.89%
  71  GCF_003544935.1    0.38%    passed     96.74%
  72  GCF_003660105.1    0.00%    passed     99.07%
  73  GCF_003660265.1    0.00%    passed     99.94%
  74  GCF_003660285.1    0.00%    passed     99.98%
  75  GCF_003667345.1    0.00%    passed     99.82%
  76  GCF_003670275.1    0.00%    passed     99.98%
  77  GCF_003752135.1    0.00%    passed     99.97%
  78  GCF_004214795.1    0.00%    passed     99.87%
  79  GCF_004214815.1    0.00%    passed     97.24%
  80  GCF_004299785.2    0.00%    passed     96.97%
  81  GCF_004323845.1    0.00%    passed     99.94%
  82  GCF_004803795.1    0.00%    passed     99.89%
  83  GCF_004803815.1    0.00%    passed     99.90%
  84  GCF_005217605.1    0.00%    passed     98.77%
  85  GCF_005406215.1    0.00%    passed     99.70%
  86  GCF_005406225.1    0.00%    passed     99.72%
  87  GCF_005771535.1    0.00%    passed     99.92%
  88  GCF_005843985.1    0.00%    passed     99.24%
  89  GCF_006459125.1    0.00%    passed     99.14%
  90  GCF_006864425.1    0.00%    passed     99.64%
  91  GCF_008245005.1    0.00%    passed     99.03%
  92  GCF_008245045.1    0.00%    passed     99.52%
  93  GCF_008693005.1    0.00%    passed     99.99%
  94  GCF_009068765.1    0.00%    passed     99.93%
  95  GCF_009192995.1    0.00%    passed     99.98%
  96  GCF_009258225.1    0.00%    passed     98.81%
  97  GCF_011769985.2    0.00%    passed     99.23%
  98  GCF_013177635.1    0.38%    passed     90.19%
  99  GCF_013177655.1    0.00%    passed    100.00%
 100  GCF_013201605.1    0.00%    passed     99.45%
 101  GCF_013201625.1    0.00%    passed     99.90%
 102  GCF_013201665.1    0.00%    passed     99.99%
 103  GCF_013201705.1    0.00%    passed     99.95%
 104  GCF_013201725.1    0.00%    passed     99.95%
 105  GCF_013201825.1    0.00%    passed     98.43%
 106  GCF_013201935.1    0.38%    passed     98.27%
 107  GCF_013283835.1    0.00%    passed     99.98%
 108  GCF_013372105.1    0.00%    passed     99.31%
 109  GCF_013372125.1    0.00%    passed     99.65%
 110  GCF_013372145.1    0.00%    passed     98.88%
 111  GCF_013372185.1    0.00%    passed     99.33%
 112  GCF_013372205.1    0.00%    passed     99.95%
 113  GCF_013372265.1    0.00%    passed    100.00%
 114  GCF_014253065.1    0.00%    passed     99.88%
 115  GCF_014466985.1    0.00%    failed      3.42%
 116  GCF_014905095.1    0.00%    passed    100.00%
 117  GCF_014905115.1    0.00%    passed     99.97%
 118  GCF_014905135.1    0.00%    passed     99.98%
 119  GCF_015100395.1    0.00%    failed      4.07%
 120  GCF_015265455.1    0.00%    passed     99.62%
 121  GCF_015265475.1    0.00%    passed     99.79%
 122  GCF_016106035.1    0.00%    passed     99.89%
 123  GCF_016593255.1    0.00%    passed    100.00%
 124  GCF_016806695.1    0.00%    passed     99.89%
 125  GCF_016937535.1    0.00%    passed     99.99%
 126  GCF_017357825.1    0.00%    passed     99.39%
 127  GCF_017979425.1    0.00%    passed     99.91%
 128  GCF_017979475.1    0.00%    passed     99.39%
 129  GCF_018145655.1    0.00%    passed     99.78%
 130  GCF_019711685.1    0.00%    passed     98.30%
 131  GCF_021300615.1    0.00%    passed     99.94%
 132  GCF_021300655.1    0.00%    passed    100.00%
 133  GCF_023646285.1    0.00%    passed     99.71%
 134  GCF_024267655.1    0.00%    passed     99.69%
 135  GCF_025770725.1    0.00%    passed     98.97%
 136  GCF_026000295.1    0.00%    passed     99.72%
 137  GCF_027859255.1    0.76%    passed     97.41%
 138  GCF_027943725.1    0.00%    failed      0.57%
 139  GCF_027946175.1    0.00%    failed      1.09%
 140  GCF_028649595.1    0.00%    passed     19.46%
 141  GCF_028751035.1    0.00%    passed     99.81%
 142  GCF_030249845.1    0.00%    passed     99.89%
 143  GCF_030296055.1    0.00%    passed    100.00%
 144  GCF_900115615.1    0.00%    passed     99.98%
 145  GCF_900187115.1    0.00%    passed     99.94%
 146  GCF_900461455.1    0.00%    passed     99.50%
 147  GCF_900475935.1    0.00%    passed     99.23%
 148  GCF_900476215.1    0.00%    passed     99.99%
 149  GCF_900478295.1    0.00%    passed     99.38%
 150  GCF_900637395.1    0.00%    passed     99.27%
 151  GCF_905120465.1    0.00%    passed     99.98%
 152  GCF_905120475.1    0.00%    passed     99.91%
****  TOTAL              0.02%  5 sequences failed composition chi2 test (p-value<5%; df=19)
Reading alignment file gene_order/flagellar_trees/trimmed/flgh.faa ... Fasta format detected
Reading fasta file: done in 0.000240744 secs using 5881% CPU
Alignment most likely contains protein sequences
Alignment has 151 sequences with 173 columns, 170 distinct patterns
158 parsimony-informative, 6 singleton sites, 9 constant sites
                 Gap/Ambiguity  Composition  p-value
Analyzing sequences: done in 1.93324e-05 secs using 3274% CPU
   1  GCF_000012965.1    0.58%    passed     95.67%
   2  GCF_000021725.1    1.16%    passed     66.41%
   3  GCF_000024885.1    0.58%    passed    100.00%
   4  GCF_000092245.1    2.31%    passed     71.70%
   5  GCF_000147355.1    0.58%    passed     71.87%
   6  GCF_000155475.1    0.58%    passed     67.07%
   7  GCF_000162575.1    0.58%    passed     99.63%
   8  GCF_000183725.1    0.58%    passed     69.89%
   9  GCF_000194135.1    0.58%    passed     80.89%
  10  GCF_000196135.1    0.58%    passed     89.83%
  11  GCF_000200595.1    0.58%    passed     52.26%
  12  GCF_000242915.1    0.58%    passed     49.56%
  13  GCF_000254135.1    0.58%    passed    100.00%
  14  GCF_000259275.1    0.58%    passed     87.20%
  15  GCF_000265295.1    0.58%    passed     99.98%
  16  GCF_000420385.1    0.58%    passed     45.66%
  17  GCF_000445475.1    0.58%    passed     67.45%
  18  GCF_000507845.1    0.58%    passed     82.30%
  19  GCF_000518225.1    0.58%    passed     99.15%
  20  GCF_000568815.1    0.58%    passed     99.91%
  21  GCF_000597725.1    0.58%    passed     99.83%
  22  GCF_000686565.1    0.58%    passed     84.42%
  23  GCF_000687535.1    0.58%    passed     98.26%
  24  GCF_000736415.1    0.58%    passed     98.89%
  25  GCF_000744435.1    0.58%    passed     31.36%
  26  GCF_000762845.2    1.16%    passed     47.37%
  27  GCF_000762875.2    0.58%    passed     88.42%
  28  GCF_000763135.2    0.58%    passed     26.46%
  29  GCF_000765805.2    0.58%    passed     94.40%
  30  GCF_000765905.2    0.58%    passed     75.78%
  31  GCF_000813325.1    0.58%    passed     93.67%
  32  GCF_000816185.1    0.58%    passed     99.98%
  33  GCF_000816305.1    0.58%    passed     99.97%
  34  GCF_000816785.1    0.58%    passed     99.99%
  35  GCF_001282945.1    0.58%    passed     86.12%
  36  GCF_001283065.1    0.58%    passed     89.40%
  37  GCF_001298465.1    0.58%    passed     99.76%
  38  GCF_001457695.1    0.58%    passed    100.00%
  39  GCF_001602095.1    0.58%    passed     72.89%
  40  GCF_001687475.2    0.58%    passed     99.98%
  41  GCF_001693335.1    0.58%    passed     97.78%
  42  GCF_001723605.1    0.58%    passed     99.95%
  43  GCF_001956695.1    2.31%    passed     68.68%
  44  GCF_002021925.1    0.58%    passed     98.34%
  45  GCF_002080395.1    0.58%    passed     99.96%
  46  GCF_002104335.1    0.58%    passed     99.99%
  47  GCF_002119425.1    0.58%    passed     33.91%
  48  GCF_002139855.1    0.58%    passed     98.87%
  49  GCF_002139875.1    0.58%    passed     98.25%
  50  GCF_002139915.1    0.58%    passed     94.95%
  51  GCF_002139935.1    0.58%    passed     88.72%
  52  GCF_002238335.1    0.58%    passed     99.74%
  53  GCF_002335445.1    1.16%    passed     98.26%
  54  GCF_002837275.1    2.31%    passed     68.49%
  55  GCF_003063245.1    2.31%    passed     91.18%
  56  GCF_003063295.1    2.31%    passed     81.30%
  57  GCF_003245365.1    0.58%    passed     97.43%
  58  GCF_003316695.1    2.31%    passed     95.61%
  59  GCF_003346775.1    2.31%    passed     87.26%
  60  GCF_003346815.1    2.31%    passed     96.70%
  61  GCF_003355515.1    2.31%    passed     78.03%
  62  GCF_003364195.1    0.58%    passed     77.67%
  63  GCF_003364205.1    0.58%    passed     85.68%
  64  GCF_003364215.1    0.58%    passed     87.18%
  65  GCF_003364255.1    1.16%    passed     22.01%
  66  GCF_003364335.1    0.58%    passed     91.27%
  67  GCF_003544815.1    2.31%    passed     93.80%
  68  GCF_003544835.1    2.31%    passed     94.98%
  69  GCF_003544855.1    2.31%    passed     60.64%
  70  GCF_003544915.1    2.31%    passed     96.45%
  71  GCF_003544935.1    1.73%    passed     19.42%
  72  GCF_003660105.1    2.31%    passed     83.85%
  73  GCF_003660265.1    0.58%    passed     94.77%
  74  GCF_003660285.1    0.58%    passed     84.20%
  75  GCF_003660395.1    0.58%    passed     88.72%
  76  GCF_003667345.1    2.31%    passed     86.77%
  77  GCF_003670275.1    0.58%    passed     60.05%
  78  GCF_003752135.1    1.16%    passed     85.26%
  79  GCF_004214795.1    2.31%    passed     92.12%
  80  GCF_004214815.1    2.31%    passed     93.54%
  81  GCF_004299785.2    2.31%    passed     92.74%
  82  GCF_004323845.1    0.58%    passed    100.00%
  83  GCF_004803795.1    0.58%    passed     97.19%
  84  GCF_004803815.1    0.58%    passed     97.50%
  85  GCF_005217605.1    0.58%    passed     64.19%
  86  GCF_005406215.1    0.58%    passed    100.00%
  87  GCF_005406225.1    0.58%    passed    100.00%
  88  GCF_005771535.1    1.73%    passed     76.36%
  89  GCF_005843985.1    1.16%    passed     98.06%
  90  GCF_006459125.1    2.31%    passed     78.61%
  91  GCF_006864425.1    0.58%    passed     93.65%
  92  GCF_008245005.1    0.58%    passed     99.95%
  93  GCF_008245045.1    0.58%    passed     99.92%
  94  GCF_008693005.1    0.58%    passed     49.62%
  95  GCF_009068765.1    0.58%    passed     95.99%
  96  GCF_009192995.1    0.58%    passed     95.58%
  97  GCF_009258225.1    0.58%    passed     13.03%
  98  GCF_011769985.2    0.58%    passed     96.89%
  99  GCF_013177635.1    2.31%    passed     96.95%
 100  GCF_013177655.1    1.73%    passed     91.60%
 101  GCF_013201605.1    0.58%    passed     99.99%
 102  GCF_013201625.1    2.31%    passed     92.86%
 103  GCF_013201665.1    2.31%    passed     96.54%
 104  GCF_013201705.1    2.31%    passed     92.68%
 105  GCF_013201725.1    2.31%    passed     96.34%
 106  GCF_013201825.1    2.31%    passed     99.05%
 107  GCF_013201935.1    2.31%    passed     99.95%
 108  GCF_013283835.1    2.31%    passed     93.15%
 109  GCF_013372105.1    0.58%    passed     99.99%
 110  GCF_013372125.1    0.58%    passed     99.99%
 111  GCF_013372145.1    0.58%    passed     99.78%
 112  GCF_013372185.1    0.58%    passed     99.97%
 113  GCF_013372205.1    0.58%    passed     99.70%
 114  GCF_013372265.1    2.31%    passed     73.81%
 115  GCF_014253065.1    0.58%    passed     98.16%
 116  GCF_014466985.1    3.47%    passed     83.57%
 117  GCF_014905095.1    0.58%    passed     54.01%
 118  GCF_014905115.1    0.58%    passed     96.30%
 119  GCF_014905135.1    0.58%    passed     82.43%
 120  GCF_015100395.1    4.05%    passed     71.70%
 121  GCF_015265455.1    0.58%    passed     91.75%
 122  GCF_015265475.1    0.58%    passed     88.96%
 123  GCF_016106035.1    2.31%    passed     83.89%
 124  GCF_016593255.1    0.58%    passed     98.05%
 125  GCF_016806695.1    0.58%    passed     99.99%
 126  GCF_017357825.1    0.58%    passed     79.02%
 127  GCF_017979475.1    0.58%    passed     98.03%
 128  GCF_018145655.1    0.58%    passed     99.73%
 129  GCF_019711685.1    0.58%    passed     91.78%
 130  GCF_021300615.1    0.58%    passed     47.29%
 131  GCF_021300655.1    0.58%    passed     96.11%
 132  GCF_023646285.1    0.58%    passed     99.20%
 133  GCF_024267655.1    2.31%    passed     96.95%
 134  GCF_025770725.1    0.58%    passed     99.78%
 135  GCF_026000295.1    0.58%    passed     94.40%
 136  GCF_027859255.1    0.58%    passed     98.60%
 137  GCF_027943725.1    4.62%    passed     69.04%
 138  GCF_027946175.1    2.89%    passed     93.96%
 139  GCF_028649595.1    0.58%    passed     99.63%
 140  GCF_028751035.1    0.58%    passed     73.87%
 141  GCF_030249845.1    0.58%    passed     99.61%
 142  GCF_030296055.1    0.58%    passed     99.41%
 143  GCF_900115615.1    0.58%    passed     99.99%
 144  GCF_900187115.1    2.31%    passed     82.78%
 145  GCF_900461455.1    2.89%    passed     83.92%
 146  GCF_900475935.1    0.58%    passed     99.85%
 147  GCF_900476215.1    0.58%    passed     62.98%
 148  GCF_900478295.1    0.58%    passed     87.32%
 149  GCF_900637395.1    0.58%    passed     99.99%
 150  GCF_905120465.1    0.58%    passed     99.82%
 151  GCF_905120475.1    0.58%    passed     99.66%
****  TOTAL              1.08%  0 sequences failed composition chi2 test (p-value<5%; df=19)
Reading alignment file gene_order/flagellar_trees/trimmed/flgi.faa ... Fasta format detected
Reading fasta file: done in 0.000352568 secs using 95.3% CPU
Alignment most likely contains protein sequences
Alignment has 153 sequences with 260 columns, 240 distinct patterns
220 parsimony-informative, 5 singleton sites, 35 constant sites
                 Gap/Ambiguity  Composition  p-value
Analyzing sequences: done in 2.01855e-05 secs using 346.8% CPU
   1  GCF_000012965.1    1.15%    passed     99.95%
   2  GCF_000021725.1    1.15%    failed      0.04%
   3  GCF_000024885.1    1.15%    passed     99.59%
   4  GCF_000092245.1    1.15%    passed     87.57%
   5  GCF_000147355.1    1.15%    passed     99.87%
   6  GCF_000155475.1    1.15%    passed     99.73%
   7  GCF_000162575.1    1.15%    passed     99.53%
   8  GCF_000183725.1    1.15%    passed     99.24%
   9  GCF_000194135.1    1.15%    passed     78.46%
  10  GCF_000196135.1    1.15%    passed     96.58%
  11  GCF_000200595.1    1.15%    passed     98.18%
  12  GCF_000242915.1    1.15%    passed      5.97%
  13  GCF_000254135.1    1.15%    passed     99.96%
  14  GCF_000259275.1    1.15%    passed     99.24%
  15  GCF_000265295.1    1.15%    passed     99.26%
  16  GCF_000420385.1    1.15%    passed     43.80%
  17  GCF_000445475.1    1.15%    passed    100.00%
  18  GCF_000507845.1    1.15%    passed     97.89%
  19  GCF_000518225.1    1.15%    passed     99.95%
  20  GCF_000568815.1    1.15%    passed     86.22%
  21  GCF_000597725.1    1.15%    passed     98.36%
  22  GCF_000686565.1    1.15%    passed    100.00%
  23  GCF_000687535.1    1.15%    passed     98.71%
  24  GCF_000736415.1    1.15%    passed    100.00%
  25  GCF_000744435.1    1.15%    failed      2.70%
  26  GCF_000762845.2    1.15%    passed     99.30%
  27  GCF_000762875.2    1.15%    passed     99.61%
  28  GCF_000763135.2    1.15%    passed     99.47%
  29  GCF_000765805.2    1.15%    passed     99.89%
  30  GCF_000765905.2    1.15%    passed    100.00%
  31  GCF_000813325.1    1.15%    passed     97.33%
  32  GCF_000816185.1    1.15%    passed     98.99%
  33  GCF_000816305.1    1.15%    passed     99.84%
  34  GCF_000816785.1    1.15%    passed     99.69%
  35  GCF_001282945.1    1.15%    passed     99.62%
  36  GCF_001283065.1    1.15%    passed     99.56%
  37  GCF_001298465.1    1.15%    passed     99.64%
  38  GCF_001457695.1    1.15%    passed     99.98%
  39  GCF_001602095.1    1.15%    passed     95.45%
  40  GCF_001687475.2    1.15%    passed     99.99%
  41  GCF_001693335.1    1.15%    passed     99.92%
  42  GCF_001723605.1    1.15%    passed     75.88%
  43  GCF_001956695.1    1.15%    passed     93.61%
  44  GCF_002021925.1    1.15%    passed     92.89%
  45  GCF_002080395.1    1.15%    passed     99.95%
  46  GCF_002104335.1    1.15%    passed     98.87%
  47  GCF_002119425.1    1.15%    passed     43.89%
  48  GCF_002139855.1    1.15%    passed     99.96%
  49  GCF_002139875.1    1.15%    passed     99.99%
  50  GCF_002139915.1    1.15%    passed     99.99%
  51  GCF_002139935.1    1.15%    passed     99.91%
  52  GCF_002238335.1    1.15%    passed     99.63%
  53  GCF_002335445.1    1.15%    failed      0.02%
  54  GCF_002837275.1    1.15%    passed     91.91%
  55  GCF_003063245.1    1.15%    passed     99.32%
  56  GCF_003063295.1    1.15%    passed     94.32%
  57  GCF_003245365.1    1.15%    passed     98.29%
  58  GCF_003316695.1    1.15%    passed     92.71%
  59  GCF_003346775.1    1.15%    passed     77.45%
  60  GCF_003346815.1    1.15%    passed     91.82%
  61  GCF_003355515.1    1.15%    passed     99.11%
  62  GCF_003364195.1    1.15%    passed     99.70%
  63  GCF_003364205.1    1.15%    passed     99.92%
  64  GCF_003364215.1    1.15%    passed     99.37%
  65  GCF_003364255.1    1.15%    passed     97.97%
  66  GCF_003364335.1    1.15%    passed     99.56%
  67  GCF_003544815.1    1.15%    passed     98.35%
  68  GCF_003544835.1    1.15%    passed     90.78%
  69  GCF_003544855.1    1.15%    passed     87.57%
  70  GCF_003544915.1    1.15%    passed     89.98%
  71  GCF_003544935.1    1.15%    passed     87.76%
  72  GCF_003660105.1    1.15%    passed     98.98%
  73  GCF_003660265.1    1.15%    passed     98.58%
  74  GCF_003660285.1    1.15%    passed     98.17%
  75  GCF_003660395.1    1.15%    passed     99.27%
  76  GCF_003667345.1    1.15%    passed     70.26%
  77  GCF_003670275.1    1.15%    passed     99.99%
  78  GCF_003752135.1    1.15%    failed      0.02%
  79  GCF_004214795.1    1.15%    passed     98.14%
  80  GCF_004214815.1    1.15%    passed     90.79%
  81  GCF_004299785.2    1.15%    passed     94.66%
  82  GCF_004323845.1    1.15%    passed     99.69%
  83  GCF_004803795.1    1.15%    passed     99.99%
  84  GCF_004803815.1    1.15%    passed     99.97%
  85  GCF_005217605.1    1.15%    passed     99.97%
  86  GCF_005406215.1    1.15%    passed     99.96%
  87  GCF_005406225.1    1.15%    passed     99.96%
  88  GCF_005771535.1    0.77%    passed     94.92%
  89  GCF_005843985.1    1.15%    failed      0.03%
  90  GCF_006459125.1    1.15%    passed     98.24%
  91  GCF_006864425.1    1.15%    passed     95.17%
  92  GCF_008245005.1    1.15%    passed     99.75%
  93  GCF_008245045.1    1.15%    passed     99.62%
  94  GCF_008693005.1    1.15%    passed     92.95%
  95  GCF_009068765.1    1.15%    passed      6.12%
  96  GCF_009192995.1    1.15%    passed     99.99%
  97  GCF_009258225.1    1.15%    passed     99.78%
  98  GCF_011769985.2    1.15%    passed     99.26%
  99  GCF_013177635.1    1.15%    passed     83.93%
 100  GCF_013177655.1    0.77%    passed     57.66%
 101  GCF_013201605.1    1.15%    passed     99.78%
 102  GCF_013201625.1    1.15%    passed     87.14%
 103  GCF_013201665.1    1.15%    passed     99.69%
 104  GCF_013201705.1    1.15%    passed     99.45%
 105  GCF_013201725.1    1.15%    passed     91.60%
 106  GCF_013201825.1    1.15%    passed     99.92%
 107  GCF_013201935.1    1.15%    passed     89.36%
 108  GCF_013283835.1    1.15%    passed     99.31%
 109  GCF_013372105.1    1.15%    passed     99.24%
 110  GCF_013372125.1    1.15%    passed     95.20%
 111  GCF_013372145.1    1.15%    passed     99.98%
 112  GCF_013372185.1    1.15%    passed     99.69%
 113  GCF_013372205.1    1.15%    passed     95.71%
 114  GCF_013372265.1    1.15%    passed     99.21%
 115  GCF_014253065.1    1.15%    passed    100.00%
 116  GCF_014466985.1    0.77%    failed      1.36%
 117  GCF_014905095.1    1.15%    passed    100.00%
 118  GCF_014905115.1    1.15%    passed      7.19%
 119  GCF_014905135.1    1.15%    passed      5.54%
 120  GCF_015100395.1    0.77%    passed     20.73%
 121  GCF_015265455.1    1.15%    passed     97.05%
 122  GCF_015265475.1    1.15%    passed     96.24%
 123  GCF_016106035.1    1.15%    passed     98.86%
 124  GCF_016593255.1    1.15%    failed      4.15%
 125  GCF_016806695.1    1.15%    passed     99.97%
 126  GCF_016937535.1    1.15%    passed     97.67%
 127  GCF_017357825.1    1.15%    passed      9.37%
 128  GCF_017979425.1    1.15%    passed     98.28%
 129  GCF_017979475.1    1.15%    passed     94.59%
 130  GCF_018145655.1    1.15%    passed     75.82%
 131  GCF_019711685.1    1.15%    passed     99.65%
 132  GCF_021300615.1    1.15%    passed     99.97%
 133  GCF_021300655.1    1.15%    passed     99.85%
 134  GCF_023646285.1    1.15%    passed     99.94%
 135  GCF_024267655.1    1.15%    passed     79.33%
 136  GCF_025770725.1    1.15%    passed     95.01%
 137  GCF_026000295.1    1.15%    passed     99.10%
 138  GCF_027859255.1    1.15%    passed     93.28%
 139  GCF_027943725.1    0.77%    failed      5.00%
 140  GCF_027946175.1    0.77%    passed      6.56%
 141  GCF_028649595.1    1.54%    passed     97.72%
 142  GCF_028751035.1    1.15%    passed     99.58%
 143  GCF_030249845.1    1.15%    passed     95.29%
 144  GCF_030296055.1    1.15%    passed     99.94%
 145  GCF_900115615.1    1.15%    passed     99.92%
 146  GCF_900187115.1    1.15%    passed     94.32%
 147  GCF_900461455.1    1.15%    passed     95.98%
 148  GCF_900475935.1    1.15%    passed     99.39%
 149  GCF_900476215.1    1.15%    passed     99.95%
 150  GCF_900478295.1    1.15%    passed     96.49%
 151  GCF_900637395.1    1.15%    passed     99.88%
 152  GCF_905120465.1    1.15%    passed     94.42%
 153  GCF_905120475.1    1.15%    passed     98.56%
****  TOTAL              1.14%  8 sequences failed composition chi2 test (p-value<5%; df=19)
Reading alignment file gene_order/flagellar_trees/trimmed/flgj.faa ... Fasta format detected
Reading fasta file: done in 0.000122892 secs using 95.21% CPU
Alignment most likely contains protein sequences
Alignment has 145 sequences with 74 columns, 73 distinct patterns
65 parsimony-informative, 4 singleton sites, 5 constant sites
                 Gap/Ambiguity  Composition  p-value
Analyzing sequences: done in 1.73841e-05 secs using 4746% CPU
   1  GCF_000012965.1    0.00%    passed     99.78%
   2  GCF_000021725.1    0.00%    passed      5.01%
   3  GCF_000024885.1    0.00%    passed     99.61%
   4  GCF_000092245.1    4.05%    passed     14.15%
   5  GCF_000147355.1    0.00%    passed     99.18%
   6  GCF_000155475.1    0.00%    passed     99.95%
   7  GCF_000162575.1    1.35%    passed     74.82%
   8  GCF_000183725.1    5.41%    passed     97.78%
   9  GCF_000196135.1    0.00%    passed     98.53%
  10  GCF_000200595.1    0.00%    passed     96.43%
  11  GCF_000242915.1    0.00%    passed     99.77%
  12  GCF_000254135.1    0.00%    passed     99.67%
  13  GCF_000259275.1    0.00%    passed     49.49%
  14  GCF_000265295.1    0.00%    passed     99.77%
  15  GCF_000445475.1    0.00%    passed     99.80%
  16  GCF_000507845.1    0.00%    failed      0.00%
  17  GCF_000518225.1    6.76%    passed     88.97%
  18  GCF_000568815.1    0.00%    passed     99.60%
  19  GCF_000597725.1    1.35%    passed     87.79%
  20  GCF_000686565.1    0.00%    passed     97.83%
  21  GCF_000687535.1    1.35%    passed     78.81%
  22  GCF_000736415.1    0.00%    passed     99.96%
  23  GCF_000762845.2    0.00%    passed     96.59%
  24  GCF_000762875.2    0.00%    passed     99.18%
  25  GCF_000763135.2    0.00%    passed     84.44%
  26  GCF_000765805.2    0.00%    passed     98.57%
  27  GCF_000765905.2    0.00%    passed     97.83%
  28  GCF_000813325.1    0.00%    passed     99.79%
  29  GCF_000816185.1    0.00%    passed     99.99%
  30  GCF_000816305.1    0.00%    passed     99.99%
  31  GCF_000816785.1    0.00%    passed     99.99%
  32  GCF_001282945.1    0.00%    passed     85.29%
  33  GCF_001283065.1    0.00%    passed     95.68%
  34  GCF_001298465.1    0.00%    passed     97.26%
  35  GCF_001457695.1    0.00%    passed     99.81%
  36  GCF_001602095.1    1.35%    passed     89.16%
  37  GCF_001687475.2    0.00%    passed     99.71%
  38  GCF_001693335.1    0.00%    passed     97.93%
  39  GCF_001723605.1    0.00%    passed     99.84%
  40  GCF_001956695.1    1.35%    passed     31.71%
  41  GCF_002021925.1    0.00%    passed    100.00%
  42  GCF_002080395.1    0.00%    passed     99.94%
  43  GCF_002104335.1    2.70%    passed     99.91%
  44  GCF_002139855.1    0.00%    passed     52.77%
  45  GCF_002139875.1    0.00%    passed     75.20%
  46  GCF_002139915.1    0.00%    passed     67.85%
  47  GCF_002139935.1    5.41%    passed     98.65%
  48  GCF_002238335.1    0.00%    passed     32.91%
  49  GCF_002335445.1    0.00%    failed      3.08%
  50  GCF_002837275.1    2.70%    passed     28.33%
  51  GCF_003063245.1    1.35%    passed     32.36%
  52  GCF_003063295.1    1.35%    passed     95.47%
  53  GCF_003245365.1    1.35%    passed     74.02%
  54  GCF_003316695.1    1.35%    passed     93.27%
  55  GCF_003346775.1    2.70%    passed     25.04%
  56  GCF_003346815.1    1.35%    passed     87.34%
  57  GCF_003355515.1    1.35%    passed     84.89%
  58  GCF_003364195.1    0.00%    passed     98.51%
  59  GCF_003364205.1    0.00%    passed     84.53%
  60  GCF_003364215.1    0.00%    passed     89.13%
  61  GCF_003364255.1    0.00%    passed     88.34%
  62  GCF_003364335.1    0.00%    passed     96.46%
  63  GCF_003544815.1    1.35%    passed     17.02%
  64  GCF_003544835.1    0.00%    passed     60.15%
  65  GCF_003544855.1    2.70%    passed     21.28%
  66  GCF_003544915.1    1.35%    passed     75.92%
  67  GCF_003544935.1    2.70%    passed     97.83%
  68  GCF_003660105.1    1.35%    passed     55.54%
  69  GCF_003660265.1    0.00%    passed     84.82%
  70  GCF_003660285.1    0.00%    passed     85.63%
  71  GCF_003660395.1    0.00%    passed     85.63%
  72  GCF_003667345.1    1.35%    passed     97.87%
  73  GCF_003670275.1    6.76%    passed     98.10%
  74  GCF_003752135.1    0.00%    passed     24.86%
  75  GCF_004214795.1    1.35%    passed     33.45%
  76  GCF_004214815.1    0.00%    passed     48.23%
  77  GCF_004299785.2    0.00%    passed     43.83%
  78  GCF_004323845.1    0.00%    passed     99.92%
  79  GCF_004803795.1    0.00%    passed     98.37%
  80  GCF_004803815.1    0.00%    passed     98.37%
  81  GCF_005217605.1    2.70%    passed     98.99%
  82  GCF_005406215.1    0.00%    passed     99.88%
  83  GCF_005406225.1    0.00%    passed     99.87%
  84  GCF_005771535.1    1.35%    passed     96.02%
  85  GCF_005843985.1    1.35%    passed     25.67%
  86  GCF_006459125.1    1.35%    passed     98.76%
  87  GCF_006864425.1    0.00%    passed     96.77%
  88  GCF_008245005.1    0.00%    passed     99.51%
  89  GCF_008245045.1    0.00%    passed     99.99%
  90  GCF_008693005.1    0.00%    failed      0.00%
  91  GCF_009068765.1    0.00%    passed     89.76%
  92  GCF_009192995.1    0.00%    passed     91.64%
  93  GCF_009258225.1    0.00%    passed     99.79%
  94  GCF_011769985.2    0.00%    passed     99.99%
  95  GCF_013177635.1    1.35%    passed     83.08%
  96  GCF_013177655.1    4.05%    passed     99.08%
  97  GCF_013201605.1    0.00%    passed     99.99%
  98  GCF_013201625.1    1.35%    passed     96.50%
  99  GCF_013201665.1    1.35%    passed     49.01%
 100  GCF_013201705.1    1.35%    passed     55.97%
 101  GCF_013201725.1    1.35%    passed     42.50%
 102  GCF_013201825.1    1.35%    passed     62.92%
 103  GCF_013201935.1    1.35%    passed     83.08%
 104  GCF_013283835.1    1.35%    passed     93.64%
 105  GCF_013372105.1    0.00%    passed     99.99%
 106  GCF_013372125.1    0.00%    passed     99.65%
 107  GCF_013372145.1    0.00%    passed     99.88%
 108  GCF_013372185.1    0.00%    passed     99.98%
 109  GCF_013372205.1    0.00%    passed     96.88%
 110  GCF_013372265.1    1.35%    passed     37.85%
 111  GCF_014253065.1    0.00%    passed     98.37%
 112  GCF_014905095.1    0.00%    passed     97.71%
 113  GCF_014905115.1    0.00%    passed     93.45%
 114  GCF_014905135.1    0.00%    passed     95.05%
 115  GCF_015265455.1    0.00%    passed     99.90%
 116  GCF_015265475.1    0.00%    passed     99.81%
 117  GCF_016106035.1    1.35%    passed     74.70%
 118  GCF_016593255.1    1.35%    passed     31.43%
 119  GCF_016806695.1    0.00%    passed     99.95%
 120  GCF_016937535.1    6.76%    passed     96.91%
 121  GCF_017357825.1    0.00%    passed     99.99%
 122  GCF_017979425.1    0.00%    passed     84.42%
 123  GCF_017979475.1    1.35%    passed     78.03%
 124  GCF_018145655.1    0.00%    passed     98.04%
 125  GCF_019711685.1    1.35%    passed     42.68%
 126  GCF_021300615.1    6.76%    passed     91.97%
 127  GCF_021300655.1    0.00%    passed     84.59%
 128  GCF_023646285.1    1.35%    passed     74.82%
 129  GCF_024267655.1    1.35%    passed     99.00%
 130  GCF_025770725.1    0.00%    passed     99.95%
 131  GCF_026000295.1    6.76%    passed     55.43%
 132  GCF_027859255.1    1.35%    passed     31.64%
 133  GCF_028649595.1    0.00%    passed     92.02%
 134  GCF_028751035.1    1.35%    passed     46.35%
 135  GCF_030249845.1    1.35%    passed     99.86%
 136  GCF_030296055.1    1.35%    passed     41.74%
 137  GCF_900115615.1    1.35%    passed     89.21%
 138  GCF_900187115.1    1.35%    passed     98.38%
 139  GCF_900461455.1    0.00%    passed     79.20%
 140  GCF_900475935.1    0.00%    passed     99.99%
 141  GCF_900476215.1    6.76%    passed     83.91%
 142  GCF_900478295.1    0.00%    passed     76.18%
 143  GCF_900637395.1    0.00%    passed     99.29%
 144  GCF_905120465.1    0.00%    passed     99.97%
 145  GCF_905120475.1    0.00%    passed     99.97%
****  TOTAL              0.89%  3 sequences failed composition chi2 test (p-value<5%; df=19)
Reading alignment file gene_order/flagellar_trees/trimmed/flgk.faa ... Fasta format detected
Reading fasta file: done in 0.000637724 secs using 95.5% CPU
Alignment most likely contains protein sequences
Alignment has 148 sequences with 490 columns, 487 distinct patterns
466 parsimony-informative, 9 singleton sites, 15 constant sites
                 Gap/Ambiguity  Composition  p-value
Analyzing sequences: done in 1.45417e-05 secs using 6567% CPU
   1  GCF_000012965.1    2.65%    passed     67.90%
   2  GCF_000021725.1    2.65%    passed     76.98%
   3  GCF_000024885.1    2.86%    passed     12.83%
   4  GCF_000092245.1    7.55%    passed     24.38%
   5  GCF_000147355.1    2.65%    passed     97.30%
   6  GCF_000155475.1    2.86%    passed     67.55%
   7  GCF_000162575.1    3.06%    passed     58.55%
   8  GCF_000183725.1    2.65%    passed     42.78%
   9  GCF_000194135.1    8.37%    passed     99.59%
  10  GCF_000196135.1    2.86%    passed     44.16%
  11  GCF_000200595.1    2.86%    passed     18.62%
  12  GCF_000242915.1    2.65%    passed     62.87%
  13  GCF_000254135.1    3.27%    passed     98.13%
  14  GCF_000259275.1    2.86%    passed     82.36%
  15  GCF_000265295.1    2.86%    passed      7.87%
  16  GCF_000420385.1    8.57%    passed     97.21%
  17  GCF_000445475.1    2.86%    passed     63.76%
  18  GCF_000507845.1    2.65%    passed     16.19%
  19  GCF_000518225.1    2.86%    passed     85.87%
  20  GCF_000568815.1    2.86%    failed      0.12%
  21  GCF_000597725.1    2.86%    passed     98.60%
  22  GCF_000686565.1    2.86%    passed     62.61%
  23  GCF_000687535.1    3.06%    failed      0.01%
  24  GCF_000736415.1    2.86%    passed     95.85%
  25  GCF_000744435.1    8.37%    passed     45.31%
  26  GCF_000762845.2    2.86%    passed     71.22%
  27  GCF_000762875.2    2.86%    passed     65.42%
  28  GCF_000763135.2    2.86%    passed     33.04%
  29  GCF_000765805.2    2.86%    passed     39.85%
  30  GCF_000765905.2    2.86%    passed     61.62%
  31  GCF_000813325.1    2.86%    passed     46.09%
  32  GCF_000816185.1    3.27%    passed     37.98%
  33  GCF_000816305.1    3.27%    passed     53.19%
  34  GCF_000816785.1    3.27%    passed     79.52%
  35  GCF_001282945.1    2.86%    failed      0.05%
  36  GCF_001283065.1    2.86%    failed      0.02%
  37  GCF_001298465.1    2.65%    passed     97.60%
  38  GCF_001457695.1    3.27%    passed     98.67%
  39  GCF_001602095.1    2.86%    passed     45.77%
  40  GCF_001687475.2    3.27%    passed     97.11%
  41  GCF_001693335.1    2.86%    passed     11.95%
  42  GCF_001723605.1    2.65%    failed      0.02%
  43  GCF_001956695.1    7.14%    failed      4.95%
  44  GCF_002021925.1    2.65%    passed     97.53%
  45  GCF_002080395.1    3.27%    passed     99.42%
  46  GCF_002104335.1    3.27%    passed     99.64%
  47  GCF_002119425.1    6.94%    failed      0.00%
  48  GCF_002139855.1    2.86%    passed     63.90%
  49  GCF_002139875.1    2.86%    passed     81.90%
  50  GCF_002139915.1    2.86%    passed     14.15%
  51  GCF_002139935.1    2.86%    passed     53.24%
  52  GCF_002238335.1    3.27%    passed     93.84%
  53  GCF_002335445.1    2.86%    failed      0.22%
  54  GCF_002837275.1    7.76%    passed     24.40%
  55  GCF_003063245.1    7.14%    passed     10.56%
  56  GCF_003063295.1    5.92%    passed     32.28%
  57  GCF_003245365.1    3.47%    passed     95.18%
  58  GCF_003316695.1    7.35%    passed     11.35%
  59  GCF_003346775.1    7.55%    passed     38.03%
  60  GCF_003346815.1    7.35%    passed     18.98%
  61  GCF_003355515.1    7.14%    passed     21.80%
  62  GCF_003364195.1    2.86%    passed     84.10%
  63  GCF_003364205.1    2.86%    passed     81.55%
  64  GCF_003364215.1    2.86%    passed     87.63%
  65  GCF_003364255.1    2.86%    passed     69.48%
  66  GCF_003364335.1    2.86%    passed     97.72%
  67  GCF_003544835.1    7.14%    passed     24.60%
  68  GCF_003544855.1    7.76%    passed     12.05%
  69  GCF_003544935.1    7.55%    passed     17.96%
  70  GCF_003660105.1    7.14%    passed     34.32%
  71  GCF_003660265.1    2.86%    passed      5.82%
  72  GCF_003660285.1    2.86%    passed     40.67%
  73  GCF_003660395.1    2.86%    passed      5.89%
  74  GCF_003667345.1    7.14%    failed      0.00%
  75  GCF_003670275.1    2.86%    passed     72.30%
  76  GCF_003752135.1    2.65%    passed     96.16%
  77  GCF_004214795.1    7.76%    passed      5.09%
  78  GCF_004214815.1    7.14%    passed     21.70%
  79  GCF_004299785.2    7.14%    passed     24.77%
  80  GCF_004323845.1    3.27%    passed     92.84%
  81  GCF_004803795.1    2.65%    passed     75.32%
  82  GCF_004803815.1    2.65%    passed     83.83%
  83  GCF_005217605.1    2.65%    passed     75.68%
  84  GCF_005406215.1    3.27%    passed     92.46%
  85  GCF_005843985.1    2.65%    passed     40.50%
  86  GCF_006459125.1   16.33%    failed      0.02%
  87  GCF_006864425.1    3.06%    passed     90.33%
  88  GCF_008245005.1    2.86%    passed     98.47%
  89  GCF_008245045.1    3.27%    passed     64.84%
  90  GCF_008693005.1    2.86%    passed     14.42%
  91  GCF_009068765.1    2.65%    passed     93.60%
  92  GCF_009192995.1    2.65%    passed     94.88%
  93  GCF_009258225.1    2.65%    passed     48.71%
  94  GCF_011769985.2    2.65%    passed     37.92%
  95  GCF_013177635.1    7.14%    passed     25.01%
  96  GCF_013177655.1    2.65%    passed     80.02%
  97  GCF_013201605.1    3.27%    passed     67.86%
  98  GCF_013201625.1    7.14%    passed     39.95%
  99  GCF_013201705.1    7.14%    passed     29.09%
 100  GCF_013201725.1    7.14%    failed      0.38%
 101  GCF_013201825.1   16.33%    passed     29.31%
 102  GCF_013201935.1    7.14%    passed     13.48%
 103  GCF_013283835.1    7.35%    failed      1.09%
 104  GCF_013372105.1    3.27%    passed     83.74%
 105  GCF_013372125.1    2.65%    passed     99.87%
 106  GCF_013372145.1    2.86%    passed     99.88%
 107  GCF_013372185.1    3.27%    passed     90.19%
 108  GCF_013372205.1    2.65%    passed     88.02%
 109  GCF_013372265.1    7.14%    passed     21.38%
 110  GCF_014253065.1    2.65%    passed     76.32%
 111  GCF_014466985.1   21.02%    passed      8.94%
 112  GCF_014905095.1    2.65%    passed     95.00%
 113  GCF_014905115.1    2.65%    passed     94.89%
 114  GCF_014905135.1    2.65%    passed     97.44%
 115  GCF_015100395.1   21.22%    passed     54.61%
 116  GCF_015265455.1    2.65%    passed     98.01%
 117  GCF_015265475.1    2.65%    passed     72.70%
 118  GCF_016106035.1    7.14%    passed     69.11%
 119  GCF_016593255.1    3.67%    passed     39.77%
 120  GCF_016806695.1    3.27%    passed     97.10%
 121  GCF_016937535.1    3.06%    passed     47.01%
 122  GCF_017357825.1    2.65%    passed     76.72%
 123  GCF_017979425.1    2.86%    failed      2.87%
 124  GCF_017979475.1    3.06%    passed     76.54%
 125  GCF_018145655.1    2.65%    passed     80.27%
 126  GCF_019711685.1    3.06%    passed     39.83%
 127  GCF_021300615.1    2.86%    passed     72.13%
 128  GCF_021300655.1    2.86%    passed     67.30%
 129  GCF_023646285.1    3.06%    passed     44.52%
 130  GCF_024267655.1    7.14%    passed     20.65%
 131  GCF_025770725.1    2.65%    passed     76.78%
 132  GCF_026000295.1    2.65%    failed      0.14%
 133  GCF_027859255.1    3.06%    passed     29.19%
 134  GCF_027943725.1   20.82%    passed     19.48%
 135  GCF_027946175.1   21.22%    failed      2.13%
 136  GCF_028649595.1    2.86%    passed     85.79%
 137  GCF_028751035.1    3.06%    failed      0.02%
 138  GCF_030249845.1    2.65%    passed     83.30%
 139  GCF_030296055.1    3.47%    passed     89.28%
 140  GCF_900115615.1    3.27%    passed     91.58%
 141  GCF_900187115.1    5.92%    passed     46.57%
 142  GCF_900461455.1    2.86%    passed     54.99%
 143  GCF_900475935.1    2.86%    passed     92.69%
 144  GCF_900476215.1    2.86%    passed     29.42%
 145  GCF_900478295.1    2.86%    passed     66.73%
 146  GCF_900637395.1    3.27%    passed     98.02%
 147  GCF_905120465.1    2.65%    passed     75.78%
 148  GCF_905120475.1    2.65%    passed     93.56%
****  TOTAL              4.49%  16 sequences failed composition chi2 test (p-value<5%; df=19)
Reading alignment file gene_order/flagellar_trees/trimmed/flgl.faa ... Fasta format detected
Reading fasta file: done in 0.000375255 secs using 95.93% CPU
Alignment most likely contains protein sequences
Alignment has 147 sequences with 299 columns, 299 distinct patterns
287 parsimony-informative, 2 singleton sites, 10 constant sites
                 Gap/Ambiguity  Composition  p-value
Analyzing sequences: done in 1.11265e-05 secs using 4539% CPU
   1  GCF_000012965.1    1.67%    passed     95.98%
   2  GCF_000021725.1    2.01%    passed     93.44%
   3  GCF_000024885.1    2.01%    passed     79.17%
   4  GCF_000092245.1    3.34%    passed     35.37%
   5  GCF_000147355.1    2.01%    passed     94.81%
   6  GCF_000155475.1    2.01%    passed     96.30%
   7  GCF_000162575.1    2.34%    passed     92.21%
   8  GCF_000183725.1    3.34%    passed     90.09%
   9  GCF_000196135.1    2.01%    passed     80.73%
  10  GCF_000200595.1    2.01%    passed     91.60%
  11  GCF_000242915.1    2.01%    passed     85.02%
  12  GCF_000254135.1    2.01%    passed     91.38%
  13  GCF_000259275.1    2.01%    passed     57.83%
  14  GCF_000265295.1    2.01%    passed     61.98%
  15  GCF_000420385.1    7.36%    passed     28.93%
  16  GCF_000445475.1    2.01%    passed     92.50%
  17  GCF_000507845.1    2.01%    passed     84.19%
  18  GCF_000518225.1    2.01%    passed     73.48%
  19  GCF_000568815.1    2.01%    passed     23.33%
  20  GCF_000597725.1    2.34%    passed     88.56%
  21  GCF_000686565.1    2.01%    failed      0.11%
  22  GCF_000687535.1    2.34%    passed     96.10%
  23  GCF_000736415.1    2.01%    passed     99.17%
  24  GCF_000744435.1    6.69%    passed     36.57%
  25  GCF_000762845.2    2.01%    passed     97.84%
  26  GCF_000762875.2    2.01%    failed      0.06%
  27  GCF_000763135.2    2.01%    passed     95.46%
  28  GCF_000765805.2    2.01%    passed     83.00%
  29  GCF_000765905.2    2.01%    failed      0.07%
  30  GCF_000813325.1    2.01%    passed     85.57%
  31  GCF_000816185.1    2.01%    passed     99.77%
  32  GCF_000816305.1    2.01%    passed     76.06%
  33  GCF_000816785.1    2.01%    passed     99.79%
  34  GCF_001282945.1    2.01%    passed     64.06%
  35  GCF_001283065.1    2.01%    passed     33.27%
  36  GCF_001298465.1    2.01%    passed     77.39%
  37  GCF_001457695.1    2.01%    passed     97.53%
  38  GCF_001602095.1    2.01%    passed     72.94%
  39  GCF_001687475.2    2.01%    passed     99.19%
  40  GCF_001693335.1    2.01%    passed     43.90%
  41  GCF_001723605.1    2.01%    failed      3.32%
  42  GCF_001956695.1    1.67%    passed     38.67%
  43  GCF_002021925.1    2.01%    passed     97.00%
  44  GCF_002080395.1    2.01%    passed     82.93%
  45  GCF_002104335.1    2.01%    failed      0.03%
  46  GCF_002119425.1   10.70%    failed      0.00%
  47  GCF_002139855.1    2.01%    passed     98.26%
  48  GCF_002139875.1    2.01%    passed     97.00%
  49  GCF_002139915.1    2.01%    passed     98.88%
  50  GCF_002139935.1    2.01%    passed     98.40%
  51  GCF_002238335.1    2.01%    passed     99.65%
  52  GCF_002335445.1    2.01%    passed     23.65%
  53  GCF_002837275.1    2.01%    passed     26.07%
  54  GCF_003063245.1    1.67%    passed     74.78%
  55  GCF_003063295.1    2.01%    passed     93.80%
  56  GCF_003245365.1    2.34%    passed     83.11%
  57  GCF_003316695.1    1.67%    passed     90.73%
  58  GCF_003346775.1    2.01%    passed     28.49%
  59  GCF_003346815.1    3.34%    passed     17.44%
  60  GCF_003355515.1    2.01%    passed     23.57%
  61  GCF_003364195.1    2.01%    passed     97.01%
  62  GCF_003364205.1    2.01%    passed     95.37%
  63  GCF_003364215.1    2.01%    passed     50.94%
  64  GCF_003364255.1    2.01%    passed     96.00%
  65  GCF_003364335.1    2.01%    passed     93.04%
  66  GCF_003544835.1    2.01%    passed     57.69%
  67  GCF_003544855.1    2.01%    passed     13.92%
  68  GCF_003544935.1    2.01%    passed     72.97%
  69  GCF_003660105.1    2.01%    passed     11.96%
  70  GCF_003660265.1    2.01%    passed     81.07%
  71  GCF_003660285.1    2.01%    passed     84.72%
  72  GCF_003660395.1    2.01%    passed     83.56%
  73  GCF_003667345.1    1.67%    passed     19.42%
  74  GCF_003670275.1    2.01%    passed     94.51%
  75  GCF_003752135.1    2.01%    passed     99.98%
  76  GCF_004214795.1    1.67%    passed     54.65%
  77  GCF_004214815.1    2.34%    passed     25.46%
  78  GCF_004299785.2    2.34%    passed     32.10%
  79  GCF_004323845.1    2.01%    passed     96.40%
  80  GCF_004803795.1    2.01%    passed     76.07%
  81  GCF_004803815.1    2.68%    passed     63.18%
  82  GCF_005217605.1    2.01%    passed     69.54%
  83  GCF_005406215.1    2.01%    passed     97.68%
  84  GCF_005406225.1    2.01%    passed     95.04%
  85  GCF_005843985.1    2.01%    passed     99.35%
  86  GCF_006459125.1    2.01%    passed     24.37%
  87  GCF_006864425.1    2.01%    passed     99.90%
  88  GCF_008245005.1    2.01%    passed     95.52%
  89  GCF_008245045.1    2.01%    passed     99.40%
  90  GCF_008693005.1    2.01%    passed     48.34%
  91  GCF_009068765.1    2.01%    passed     96.87%
  92  GCF_009192995.1   43.14%    passed     74.86%
  93  GCF_009258225.1    2.01%    passed     73.80%
  94  GCF_011769985.2    2.01%    passed     57.64%
  95  GCF_013177635.1    1.67%    passed     89.82%
  96  GCF_013177655.1    2.01%    passed     91.53%
  97  GCF_013201605.1    2.01%    passed     59.15%
  98  GCF_013201625.1    1.34%    passed     72.71%
  99  GCF_013201705.1    1.67%    passed     24.23%
 100  GCF_013201725.1    2.01%    passed     70.64%
 101  GCF_013201825.1    2.01%    passed     27.66%
 102  GCF_013201935.1    1.67%    passed     90.64%
 103  GCF_013283835.1    1.67%    passed     84.95%
 104  GCF_013372105.1    2.01%    passed     74.22%
 105  GCF_013372125.1    2.01%    passed     98.64%
 106  GCF_013372145.1    2.01%    passed     95.64%
 107  GCF_013372185.1    2.01%    passed     99.54%
 108  GCF_013372205.1    2.01%    passed     95.98%
 109  GCF_013372265.1    2.01%    passed     64.67%
 110  GCF_014253065.1    2.68%    passed     71.13%
 111  GCF_014466985.1   20.40%    passed     47.17%
 112  GCF_014905095.1    2.01%    passed     63.58%
 113  GCF_014905115.1    2.01%    passed     97.29%
 114  GCF_014905135.1    2.01%    passed     45.43%
 115  GCF_015100395.1   20.07%    passed     80.76%
 116  GCF_015265455.1    2.34%    passed     91.26%
 117  GCF_015265475.1    2.01%    passed     44.25%
 118  GCF_016106035.1    1.67%    passed     61.82%
 119  GCF_016593255.1    6.02%    passed     53.31%
 120  GCF_016806695.1    2.01%    passed     99.57%
 121  GCF_016937535.1    2.34%    passed     96.47%
 122  GCF_017357825.1    2.01%    passed     55.71%
 123  GCF_017979425.1    2.01%    passed     97.32%
 124  GCF_017979475.1    2.34%    passed     85.04%
 125  GCF_018145655.1    2.01%    passed     76.26%
 126  GCF_019711685.1    2.34%    passed     91.55%
 127  GCF_021300615.1    2.01%    passed     80.12%
 128  GCF_021300655.1    2.01%    passed     43.19%
 129  GCF_023646285.1    2.34%    passed     83.83%
 130  GCF_024267655.1    1.67%    passed     55.26%
 131  GCF_025770725.1    2.01%    passed     33.86%
 132  GCF_026000295.1    2.01%    passed     84.14%
 133  GCF_027859255.1    2.34%    passed     80.35%
 134  GCF_027943725.1   20.40%    passed     28.43%
 135  GCF_027946175.1   20.40%    passed     72.03%
 136  GCF_028649595.1    2.01%    passed     98.94%
 137  GCF_028751035.1    2.34%    passed     95.82%
 138  GCF_030249845.1    2.01%    passed     97.50%
 139  GCF_030296055.1    6.02%    passed     95.26%
 140  GCF_900115615.1    2.01%    passed     94.19%
 141  GCF_900187115.1    2.01%    passed     94.18%
 142  GCF_900461455.1    2.01%    passed     89.37%
 143  GCF_900475935.1    2.01%    passed     98.25%
 144  GCF_900476215.1    2.01%    passed     99.28%
 145  GCF_900637395.1    2.01%    passed     83.88%
 146  GCF_905120465.1    2.01%    passed     99.58%
 147  GCF_905120475.1    2.01%    passed     73.34%
****  TOTAL              3.00%  6 sequences failed composition chi2 test (p-value<5%; df=19)
Reading alignment file gene_order/flagellar_trees/trimmed/flgr.faa ... Fasta format detected
Reading fasta file: done in 0.000374362 secs using 4096% CPU
Alignment most likely contains protein sequences
Alignment has 104 sequences with 429 columns, 364 distinct patterns
321 parsimony-informative, 21 singleton sites, 87 constant sites
                 Gap/Ambiguity  Composition  p-value
Analyzing sequences: done in 2.23378e-05 secs using 331.3% CPU
   1  GCF_000012965.1   10.72%    passed     97.35%
   2  GCF_000024885.1   10.26%    passed     57.28%
   3  GCF_000147355.1   11.66%    passed     99.90%
   4  GCF_000162575.1    0.47%    passed     96.09%
   5  GCF_000183725.1   10.96%    passed     82.11%
   6  GCF_000196135.1    0.00%    passed     34.13%
   7  GCF_000200595.1   11.66%    passed     32.70%
   8  GCF_000242915.1   10.96%    passed     95.87%
   9  GCF_000254135.1    0.23%    passed     73.34%
  10  GCF_000259275.1   11.19%    passed     48.15%
  11  GCF_000265295.1   10.26%    passed     86.29%
  12  GCF_000445475.1   11.42%    passed     98.79%
  13  GCF_000507845.1    0.23%    passed     49.23%
  14  GCF_000518225.1    0.23%    passed     96.66%
  15  GCF_000568815.1   10.26%    passed     71.54%
  16  GCF_000597725.1    0.47%    passed     62.71%
  17  GCF_000686565.1   10.26%    passed     99.65%
  18  GCF_000687535.1    0.00%    passed     83.59%
  19  GCF_000736415.1   11.42%    passed     97.19%
  20  GCF_000762845.2    0.00%    passed     73.25%
  21  GCF_000762875.2   10.26%    passed     99.11%
  22  GCF_000763135.2    0.00%    passed     18.14%
  23  GCF_000765805.2   10.49%    passed     98.30%
  24  GCF_000765905.2   10.26%    passed     99.08%
  25  GCF_000813325.1   10.26%    passed     71.91%
  26  GCF_000816185.1    0.23%    passed     13.76%
  27  GCF_000816305.1    0.23%    passed     82.90%
  28  GCF_000816785.1    0.23%    passed     68.26%
  29  GCF_001282945.1   11.66%    passed     16.43%
  30  GCF_001283065.1   11.66%    passed     12.10%
  31  GCF_001298465.1   10.49%    passed     97.18%
  32  GCF_001457695.1    0.00%    passed     91.19%
  33  GCF_001602095.1    0.00%    passed     47.38%
  34  GCF_001687475.2    0.23%    passed     55.27%
  35  GCF_001693335.1    0.70%    passed     44.16%
  36  GCF_001723605.1   10.26%    passed     78.22%
  37  GCF_002021925.1    0.93%    passed     12.06%
  38  GCF_002080395.1    0.23%    passed     89.37%
  39  GCF_002104335.1    0.70%    passed     87.39%
  40  GCF_002139855.1   11.42%    passed     81.28%
  41  GCF_002139875.1   10.96%    passed     65.10%
  42  GCF_002139915.1   10.96%    passed     54.43%
  43  GCF_002139935.1   10.96%    passed     87.28%
  44  GCF_002238335.1    0.93%    passed     93.53%
  45  GCF_003245365.1    0.00%    passed     90.83%
  46  GCF_003364195.1   10.26%    passed     98.23%
  47  GCF_003364205.1    0.00%    passed     43.64%
  48  GCF_003364215.1    0.47%    passed     94.36%
  49  GCF_003364255.1    0.23%    passed     91.79%
  50  GCF_003364335.1    0.00%    passed     51.59%
  51  GCF_003660265.1   11.19%    failed      1.41%
  52  GCF_003660285.1   11.66%    passed      8.49%
  53  GCF_003660395.1   11.66%    failed      2.97%
  54  GCF_003670275.1    0.00%    passed     62.09%
  55  GCF_004323845.1    0.00%    passed     36.43%
  56  GCF_004803795.1   10.26%    passed     82.30%
  57  GCF_004803815.1   10.26%    passed     84.98%
  58  GCF_005217605.1   10.72%    passed     99.99%
  59  GCF_005406215.1    0.23%    passed     71.30%
  60  GCF_005406225.1    0.23%    passed     70.56%
  61  GCF_006864425.1    0.70%    passed     74.97%
  62  GCF_008245005.1   10.72%    passed     76.99%
  63  GCF_008245045.1    0.23%    passed     73.26%
  64  GCF_008693005.1    0.23%    passed     43.07%
  65  GCF_009068765.1   11.66%    passed     99.99%
  66  GCF_009192995.1   11.42%    passed    100.00%
  67  GCF_009258225.1   10.96%    passed     99.93%
  68  GCF_011769985.2   10.26%    passed     59.40%
  69  GCF_013177655.1    1.17%    passed     16.77%
  70  GCF_013201605.1    0.00%    passed     58.29%
  71  GCF_013372105.1    0.23%    passed     36.14%
  72  GCF_013372125.1    0.23%    passed     99.34%
  73  GCF_013372145.1   11.66%    passed     93.40%
  74  GCF_013372185.1    0.23%    passed     74.50%
  75  GCF_013372205.1   10.96%    passed     99.16%
  76  GCF_014253065.1   10.26%    passed     86.86%
  77  GCF_014905095.1   11.42%    passed     99.22%
  78  GCF_014905115.1   11.66%    passed     99.94%
  79  GCF_014905135.1   11.42%    passed     99.98%
  80  GCF_015265475.1    0.47%    passed     99.68%
  81  GCF_016593255.1   10.96%    passed     78.99%
  82  GCF_016806695.1    0.23%    passed     90.95%
  83  GCF_016937535.1    0.70%    passed     39.00%
  84  GCF_017357825.1   11.66%    passed     99.60%
  85  GCF_017979425.1   11.66%    passed     27.08%
  86  GCF_018145655.1   10.26%    passed     64.56%
  87  GCF_019711685.1    0.23%    passed     93.15%
  88  GCF_021300615.1    0.00%    passed     92.52%
  89  GCF_021300655.1    0.23%    passed     87.85%
  90  GCF_023646285.1    0.47%    passed     95.27%
  91  GCF_025770725.1   10.26%    passed     65.20%
  92  GCF_026000295.1   11.89%    passed     27.11%
  93  GCF_027859255.1    0.23%    passed     92.77%
  94  GCF_028649595.1   14.22%    passed     48.44%
  95  GCF_028751035.1    0.23%    passed     83.10%
  96  GCF_030249845.1   10.96%    passed     98.08%
  97  GCF_030296055.1   11.19%    passed     36.45%
  98  GCF_900115615.1   11.19%    passed     97.92%
  99  GCF_900461455.1   11.19%    passed     11.98%
 100  GCF_900475935.1   11.42%    passed     97.56%
 101  GCF_900476215.1    0.23%    passed     48.93%
 102  GCF_900637395.1    0.23%    passed     91.35%
 103  GCF_905120465.1    9.79%    passed     56.21%
 104  GCF_905120475.1   10.72%    passed     99.87%
****  TOTAL              6.06%  2 sequences failed composition chi2 test (p-value<5%; df=19)
Reading alignment file gene_order/flagellar_trees/trimmed/flgs.faa ... Fasta format detected
Reading fasta file: done in 0.000246805 secs using 95.62% CPU
Alignment most likely contains protein sequences
Alignment has 103 sequences with 270 columns, 244 distinct patterns
218 parsimony-informative, 10 singleton sites, 42 constant sites
                 Gap/Ambiguity  Composition  p-value
Analyzing sequences: done in 1.67433e-05 secs using 5566% CPU
   1  GCF_000012965.1    5.56%    passed     31.87%
   2  GCF_000024885.1    1.85%    passed     99.95%
   3  GCF_000147355.1    5.56%    passed     96.64%
   4  GCF_000155475.1    1.85%    passed     75.43%
   5  GCF_000162575.1    4.07%    passed     99.50%
   6  GCF_000183725.1    5.19%    passed     47.65%
   7  GCF_000196135.1    3.70%    passed     92.14%
   8  GCF_000200595.1    4.81%    passed     99.44%
   9  GCF_000242915.1    6.30%    passed     82.03%
  10  GCF_000254135.1    1.85%    passed     87.24%
  11  GCF_000259275.1    3.33%    passed     99.46%
  12  GCF_000265295.1    1.85%    passed     99.84%
  13  GCF_000445475.1    6.30%    passed     60.32%
  14  GCF_000507845.1    4.07%    passed     23.76%
  15  GCF_000518225.1    4.07%    passed     97.57%
  16  GCF_000568815.1    1.85%    passed     99.87%
  17  GCF_000597725.1    1.85%    passed     99.98%
  18  GCF_000686565.1    4.07%    passed     99.84%
  19  GCF_000687535.1    4.07%    passed     98.49%
  20  GCF_000736415.1    4.44%    passed     95.11%
  21  GCF_000762845.2    1.85%    passed     93.49%
  22  GCF_000762875.2    3.70%    passed     99.76%
  23  GCF_000763135.2    1.85%    passed     95.48%
  24  GCF_000765805.2    4.07%    passed     98.26%
  25  GCF_000765905.2    4.07%    passed     99.94%
  26  GCF_000813325.1    1.85%    passed     95.88%
  27  GCF_000816185.1    1.85%    passed     79.32%
  28  GCF_000816305.1    1.85%    passed     95.51%
  29  GCF_000816785.1    2.22%    passed     99.12%
  30  GCF_001282945.1    4.07%    passed     98.76%
  31  GCF_001283065.1    4.07%    passed     97.85%
  32  GCF_001298465.1    5.19%    passed     99.52%
  33  GCF_001457695.1    1.85%    passed     96.56%
  34  GCF_001602095.1    2.96%    passed     85.86%
  35  GCF_001687475.2    1.85%    passed     80.11%
  36  GCF_001693335.1    4.07%    passed     66.49%
  37  GCF_001723605.1    1.85%    passed     99.81%
  38  GCF_002021925.1    5.56%    passed     95.44%
  39  GCF_002080395.1    1.85%    passed     93.79%
  40  GCF_002104335.1    1.85%    passed     97.64%
  41  GCF_002139855.1    5.19%    passed     93.26%
  42  GCF_002139875.1    5.19%    passed     97.29%
  43  GCF_002139915.1    5.19%    passed     89.86%
  44  GCF_002139935.1    5.19%    passed     87.78%
  45  GCF_002238335.1    2.22%    passed     93.74%
  46  GCF_003245365.1    4.07%    passed     99.46%
  47  GCF_003364195.1    4.07%    passed     97.74%
  48  GCF_003364205.1    4.07%    passed     98.67%
  49  GCF_003364215.1    4.07%    passed     93.84%
  50  GCF_003364255.1    1.85%    passed     95.07%
  51  GCF_003364335.1    4.07%    passed     92.63%
  52  GCF_003660265.1    4.07%    passed     93.55%
  53  GCF_003660285.1    4.81%    passed     95.60%
  54  GCF_003660395.1    4.81%    passed     96.87%
  55  GCF_003670275.1    1.85%    passed     84.97%
  56  GCF_004323845.1    1.85%    passed     56.52%
  57  GCF_004803795.1    4.44%    passed     75.04%
  58  GCF_005217605.1    5.56%    passed     99.45%
  59  GCF_005406215.1    1.85%    passed     85.56%
  60  GCF_005406225.1    1.85%    passed     84.46%
  61  GCF_006864425.1    2.96%    passed     42.50%
  62  GCF_008245005.1    4.81%    passed     98.98%
  63  GCF_008245045.1    1.85%    passed     87.08%
  64  GCF_008693005.1    4.07%    passed     26.59%
  65  GCF_009068765.1    5.56%    passed     94.92%
  66  GCF_009192995.1    5.19%    passed     86.17%
  67  GCF_009258225.1    5.19%    passed     98.59%
  68  GCF_011769985.2    1.85%    passed     99.96%
  69  GCF_013201605.1    1.85%    passed     97.31%
  70  GCF_013372105.1    1.85%    passed     99.06%
  71  GCF_013372125.1    4.81%    passed     92.79%
  72  GCF_013372145.1    3.70%    passed     99.81%
  73  GCF_013372185.1    1.85%    passed     98.71%
  74  GCF_013372205.1    5.19%    passed     99.23%
  75  GCF_014253065.1    4.44%    passed     72.41%
  76  GCF_014905095.1    5.19%    passed     71.62%
  77  GCF_014905115.1    5.56%    passed     97.78%
  78  GCF_014905135.1    5.19%    passed     71.09%
  79  GCF_015265455.1    5.56%    passed     94.82%
  80  GCF_015265475.1    5.56%    passed     97.43%
  81  GCF_016593255.1    1.85%    passed     72.51%
  82  GCF_016806695.1    1.85%    passed     97.43%
  83  GCF_016937535.1    1.85%    passed     87.34%
  84  GCF_017357825.1    5.56%    passed     98.65%
  85  GCF_017979425.1    4.81%    passed     96.87%
  86  GCF_017979475.1    4.07%    passed     99.53%
  87  GCF_018145655.1    5.19%    passed     98.14%
  88  GCF_019711685.1    4.07%    passed     97.02%
  89  GCF_021300615.1    4.07%    passed     70.16%
  90  GCF_021300655.1    4.07%    passed     99.85%
  91  GCF_023646285.1    4.07%    passed     99.61%
  92  GCF_025770725.1    1.85%    passed     99.92%
  93  GCF_027859255.1    4.07%    passed     96.52%
  94  GCF_028649595.1    5.93%    passed     69.14%
  95  GCF_028751035.1    4.07%    passed     99.05%
  96  GCF_900115615.1    1.85%    passed     93.11%
  97  GCF_900461455.1    3.33%    passed     99.49%
  98  GCF_900475935.1    2.96%    passed     89.81%
  99  GCF_900476215.1    4.07%    passed     54.33%
 100  GCF_900478295.1    3.33%    passed     99.47%
 101  GCF_900637395.1    1.85%    passed     96.78%
 102  GCF_905120465.1    5.19%    passed     68.98%
 103  GCF_905120475.1    5.19%    passed     99.01%
****  TOTAL              3.68%  0 sequences failed composition chi2 test (p-value<5%; df=19)
Reading alignment file gene_order/flagellar_trees/trimmed/flha.faa ... Fasta format detected
Reading fasta file: done in 0.00069631 secs using 95.93% CPU
Alignment most likely contains protein sequences
Alignment has 151 sequences with 554 columns, 476 distinct patterns
439 parsimony-informative, 18 singleton sites, 97 constant sites
                 Gap/Ambiguity  Composition  p-value
Analyzing sequences: done in 1.60402e-05 secs using 430.2% CPU
   1  GCF_000012965.1    0.54%    passed     97.75%
   2  GCF_000021725.1    0.54%    passed     84.63%
   3  GCF_000024885.1    0.54%    passed     98.80%
   4  GCF_000092245.1    0.54%    passed     87.58%
   5  GCF_000147355.1    0.54%    passed     94.66%
   6  GCF_000155475.1    1.08%    passed     81.96%
   7  GCF_000162575.1    0.54%    passed     99.12%
   8  GCF_000183725.1    0.54%    passed     98.23%
   9  GCF_000194135.1    1.26%    passed     85.47%
  10  GCF_000196135.1    0.36%    passed     99.69%
  11  GCF_000200595.1    0.54%    passed     95.01%
  12  GCF_000242915.1    2.17%    passed     74.42%
  13  GCF_000254135.1    0.54%    passed     93.76%
  14  GCF_000259275.1    0.54%    passed     99.74%
  15  GCF_000265295.1    0.54%    passed     93.38%
  16  GCF_000420385.1    2.89%    passed     91.26%
  17  GCF_000445475.1    0.54%    passed     73.08%
  18  GCF_000507845.1    0.72%    passed     99.27%
  19  GCF_000518225.1    0.54%    passed     99.91%
  20  GCF_000568815.1    0.54%    passed     97.07%
  21  GCF_000597725.1    0.54%    passed     99.91%
  22  GCF_000686565.1    0.54%    passed     71.96%
  23  GCF_000687535.1    0.54%    passed     95.22%
  24  GCF_000736415.1    0.54%    passed     99.99%
  25  GCF_000744435.1    1.26%    passed     89.95%
  26  GCF_000762845.2    1.08%    passed     86.67%
  27  GCF_000762875.2    0.54%    passed     25.16%
  28  GCF_000763135.2    1.08%    passed     96.87%
  29  GCF_000765805.2    0.54%    passed     44.32%
  30  GCF_000765905.2    0.54%    passed     73.89%
  31  GCF_000813325.1    0.54%    passed     99.37%
  32  GCF_000816185.1    0.54%    passed     99.51%
  33  GCF_000816305.1    0.54%    passed     90.80%
  34  GCF_000816785.1    0.54%    passed     91.31%
  35  GCF_001282945.1    0.54%    passed     91.76%
  36  GCF_001283065.1    0.54%    passed     87.48%
  37  GCF_001298465.1    0.54%    passed     99.97%
  38  GCF_001457695.1    0.54%    passed     95.77%
  39  GCF_001602095.1    0.90%    passed     88.26%
  40  GCF_001687475.2    0.54%    passed     95.03%
  41  GCF_001693335.1    0.54%    passed     98.31%
  42  GCF_001723605.1    0.54%    passed     98.43%
  43  GCF_001956695.1    0.54%    passed     97.98%
  44  GCF_002021925.1    0.54%    passed     89.24%
  45  GCF_002080395.1    0.90%    passed     97.61%
  46  GCF_002104335.1    0.54%    passed     90.83%
  47  GCF_002119425.1    1.26%    passed     44.09%
  48  GCF_002139855.1    0.54%    passed     96.78%
  49  GCF_002139875.1    0.54%    passed     97.84%
  50  GCF_002139915.1    0.54%    passed     95.67%
  51  GCF_002139935.1    0.54%    passed     94.64%
  52  GCF_002238335.1    0.54%    passed     94.07%
  53  GCF_002335445.1    0.54%    passed     99.85%
  54  GCF_002837275.1    0.54%    passed     97.68%
  55  GCF_003063245.1    0.54%    passed     99.82%
  56  GCF_003063295.1    0.54%    passed     99.45%
  57  GCF_003245365.1    0.54%    passed     98.18%
  58  GCF_003316695.1    0.54%    passed     99.74%
  59  GCF_003346775.1    0.54%    passed     96.17%
  60  GCF_003346815.1    0.54%    passed     98.09%
  61  GCF_003355515.1    0.54%    passed     99.63%
  62  GCF_003364195.1    0.72%    passed     68.85%
  63  GCF_003364205.1    0.54%    passed     98.06%
  64  GCF_003364215.1    0.54%    passed     99.81%
  65  GCF_003364255.1    0.90%    passed     99.12%
  66  GCF_003364335.1    0.54%    passed     97.66%
  67  GCF_003544815.1    0.54%    passed     97.78%
  68  GCF_003544835.1    0.54%    passed     99.40%
  69  GCF_003544855.1    0.54%    passed     98.50%
  70  GCF_003544915.1    0.54%    passed     99.48%
  71  GCF_003544935.1    0.54%    passed     93.60%
  72  GCF_003660105.1    0.54%    passed     99.87%
  73  GCF_003660265.1    0.54%    passed     98.10%
  74  GCF_003660285.1    0.54%    passed     97.72%
  75  GCF_003660395.1    0.54%    passed     94.79%
  76  GCF_003667345.1    0.54%    passed     97.82%
  77  GCF_003670275.1    1.08%    passed     87.22%
  78  GCF_003752135.1    0.54%    passed     75.28%
  79  GCF_004214795.1    0.54%    passed     99.42%
  80  GCF_004214815.1    0.54%    passed     99.99%
  81  GCF_004299785.2    0.54%    passed     99.99%
  82  GCF_004323845.1    0.54%    passed     92.58%
  83  GCF_004803795.1    0.54%    passed     99.99%
  84  GCF_004803815.1    0.54%    passed     99.99%
  85  GCF_005217605.1    2.17%    passed     94.09%
  86  GCF_005406215.1    0.54%    passed     91.46%
  87  GCF_005406225.1    0.54%    passed     90.83%
  88  GCF_005771535.1    0.54%    passed     99.83%
  89  GCF_005843985.1    0.54%    passed     84.84%
  90  GCF_006459125.1    0.54%    passed     98.52%
  91  GCF_006864425.1    0.54%    passed     91.57%
  92  GCF_008245005.1    0.54%    passed     94.03%
  93  GCF_008245045.1    0.54%    passed     93.09%
  94  GCF_008693005.1    0.72%    passed     97.40%
  95  GCF_009068765.1    0.54%    passed     93.84%
  96  GCF_009192995.1    2.17%    passed     95.29%
  97  GCF_009258225.1    0.54%    passed     90.22%
  98  GCF_011769985.2    0.54%    passed     96.70%
  99  GCF_013177635.1    0.54%    passed     99.04%
 100  GCF_013177655.1    0.54%    passed     13.05%
 101  GCF_013201605.1    0.54%    passed     90.10%
 102  GCF_013201625.1    0.54%    passed     99.93%
 103  GCF_013201665.1    0.54%    passed     99.94%
 104  GCF_013201705.1    0.54%    passed     99.57%
 105  GCF_013201725.1    0.54%    passed     99.09%
 106  GCF_013201825.1    0.54%    passed     97.22%
 107  GCF_013201935.1    0.54%    passed     99.07%
 108  GCF_013283835.1    0.54%    passed     96.85%
 109  GCF_013372105.1    0.54%    passed     94.67%
 110  GCF_013372125.1    0.54%    passed    100.00%
 111  GCF_013372145.1    0.54%    passed     98.76%
 112  GCF_013372185.1    0.54%    passed     92.97%
 113  GCF_013372205.1    0.54%    passed     95.00%
 114  GCF_013372265.1    0.54%    passed     99.69%
 115  GCF_014253065.1    0.54%    passed    100.00%
 116  GCF_014466985.1    0.72%    passed     89.28%
 117  GCF_014905095.1    0.54%    passed     92.58%
 118  GCF_014905135.1    0.54%    passed     81.52%
 119  GCF_015100395.1    0.72%    passed     82.44%
 120  GCF_015265455.1    0.54%    passed     89.61%
 121  GCF_015265475.1    2.17%    passed     90.39%
 122  GCF_016106035.1    0.54%    passed     99.60%
 123  GCF_016593255.1    0.54%    passed     92.72%
 124  GCF_016937535.1    0.54%    passed     99.89%
 125  GCF_017357825.1    0.54%    passed     84.54%
 126  GCF_017979425.1    0.54%    passed     97.62%
 127  GCF_017979475.1    0.54%    passed     97.15%
 128  GCF_018145655.1    0.54%    passed    100.00%
 129  GCF_019711685.1    0.54%    passed     94.48%
 130  GCF_021300615.1    0.54%    passed     88.25%
 131  GCF_021300655.1    0.54%    passed     99.98%
 132  GCF_023646285.1    0.54%    passed     96.06%
 133  GCF_024267655.1    0.54%    passed     98.70%
 134  GCF_025770725.1    0.54%    passed     91.98%
 135  GCF_026000295.1    0.54%    passed     98.84%
 136  GCF_027859255.1    0.54%    passed     99.80%
 137  GCF_027943725.1    0.72%    passed     72.44%
 138  GCF_027946175.1    0.72%    passed     51.71%
 139  GCF_028649595.1    0.54%    passed     89.33%
 140  GCF_028751035.1    0.54%    passed     97.41%
 141  GCF_030249845.1    0.54%    passed     99.75%
 142  GCF_030296055.1    1.62%    passed     96.62%
 143  GCF_900115615.1    0.54%    passed     99.99%
 144  GCF_900187115.1    0.54%    passed     99.83%
 145  GCF_900461455.1    0.54%    passed     98.12%
 146  GCF_900475935.1    0.54%    passed     99.67%
 147  GCF_900476215.1    0.54%    passed     90.63%
 148  GCF_900478295.1    0.54%    passed     96.87%
 149  GCF_900637395.1    0.90%    passed     97.80%
 150  GCF_905120465.1    0.54%    passed     99.99%
 151  GCF_905120475.1    0.54%    passed     96.12%
****  TOTAL              0.65%  0 sequences failed composition chi2 test (p-value<5%; df=19)
Reading alignment file gene_order/flagellar_trees/trimmed/flhb.faa ... Fasta format detected
Reading fasta file: done in 0.000387349 secs using 96.3% CPU
Alignment most likely contains protein sequences
Alignment has 152 sequences with 302 columns, 290 distinct patterns
268 parsimony-informative, 8 singleton sites, 26 constant sites
                 Gap/Ambiguity  Composition  p-value
Analyzing sequences: done in 1.03107e-05 secs using 6401% CPU
   1  GCF_000012965.1    1.32%    passed     73.62%
   2  GCF_000021725.1    0.99%    passed     99.60%
   3  GCF_000024885.1    0.66%    passed     97.63%
   4  GCF_000092245.1    1.32%    passed     87.26%
   5  GCF_000147355.1    1.32%    passed     95.09%
   6  GCF_000155475.1    0.99%    passed     96.96%
   7  GCF_000162575.1    0.66%    passed     99.53%
   8  GCF_000183725.1    0.66%    passed     54.13%
   9  GCF_000194135.1    0.99%    passed     86.51%
  10  GCF_000196135.1    0.66%    passed     98.51%
  11  GCF_000200595.1    1.32%    passed      7.91%
  12  GCF_000242915.1    1.66%    passed     97.61%
  13  GCF_000254135.1    0.33%    passed     76.64%
  14  GCF_000259275.1    1.32%    passed     89.96%
  15  GCF_000265295.1    0.66%    passed     99.85%
  16  GCF_000420385.1    1.32%    passed     86.32%
  17  GCF_000445475.1    1.66%    passed     97.09%
  18  GCF_000507845.1    0.66%    passed     45.22%
  19  GCF_000518225.1    0.66%    passed     72.79%
  20  GCF_000568815.1    0.66%    passed     92.78%
  21  GCF_000597725.1    0.66%    passed     98.82%
  22  GCF_000686565.1    0.99%    passed     90.73%
  23  GCF_000687535.1    0.66%    passed     98.10%
  24  GCF_000736415.1    0.66%    passed     88.83%
  25  GCF_000744435.1    0.99%    passed     91.48%
  26  GCF_000762845.2    0.66%    passed     94.32%
  27  GCF_000762875.2    0.99%    passed     92.46%
  28  GCF_000763135.2    0.99%    passed     87.01%
  29  GCF_000765805.2    0.99%    passed     97.99%
  30  GCF_000765905.2    0.99%    passed     92.69%
  31  GCF_000813325.1    0.66%    passed     54.91%
  32  GCF_000816185.1    0.33%    passed     99.83%
  33  GCF_000816305.1    0.33%    passed     99.54%
  34  GCF_000816785.1    0.33%    passed     99.85%
  35  GCF_001282945.1    1.32%    passed     12.92%
  36  GCF_001283065.1    1.32%    passed     13.35%
  37  GCF_001298465.1    0.33%    passed     88.75%
  38  GCF_001457695.1    0.33%    passed     84.61%
  39  GCF_001602095.1    0.99%    passed     71.73%
  40  GCF_001687475.2    0.33%    passed     95.29%
  41  GCF_001693335.1    0.66%    passed     74.00%
  42  GCF_001723605.1    0.66%    passed     95.79%
  43  GCF_001956695.1    1.66%    passed     72.02%
  44  GCF_002021925.1    0.33%    passed     85.49%
  45  GCF_002080395.1    0.33%    passed     97.13%
  46  GCF_002104335.1    0.33%    passed     95.09%
  47  GCF_002119425.1    1.66%    passed     75.92%
  48  GCF_002139855.1    0.66%    passed     15.29%
  49  GCF_002139875.1    0.66%    passed     17.15%
  50  GCF_002139915.1    0.66%    passed     23.04%
  51  GCF_002139935.1    0.66%    passed     62.23%
  52  GCF_002238335.1    0.33%    passed     99.78%
  53  GCF_002335445.1    1.66%    passed     25.75%
  54  GCF_002837275.1    1.32%    passed     89.16%
  55  GCF_003063245.1    1.99%    passed     95.99%
  56  GCF_003063295.1    1.66%    passed     96.74%
  57  GCF_003245365.1    0.66%    passed     95.94%
  58  GCF_003316695.1    1.66%    passed     99.21%
  59  GCF_003346775.1    1.32%    passed     35.41%
  60  GCF_003346815.1    1.32%    passed     96.90%
  61  GCF_003355515.1    1.66%    passed     88.25%
  62  GCF_003364195.1    0.99%    passed     50.07%
  63  GCF_003364205.1    0.66%    passed     80.36%
  64  GCF_003364215.1    0.99%    passed     87.62%
  65  GCF_003364255.1    0.99%    passed     85.62%
  66  GCF_003364335.1    0.99%    passed     89.63%
  67  GCF_003544815.1    1.99%    passed     86.17%
  68  GCF_003544835.1    1.99%    passed     99.65%
  69  GCF_003544855.1    1.32%    passed     55.64%
  70  GCF_003544915.1    1.66%    passed     98.72%
  71  GCF_003544935.1    1.32%    passed     74.46%
  72  GCF_003660105.1    1.66%    passed     93.22%
  73  GCF_003660285.1    1.32%    passed      9.69%
  74  GCF_003660395.1    1.32%    passed     12.57%
  75  GCF_003667345.1    1.66%    passed     86.70%
  76  GCF_003670275.1    0.99%    passed     93.39%
  77  GCF_003752135.1    0.66%    passed     89.76%
  78  GCF_004214795.1    1.66%    passed     93.50%
  79  GCF_004214815.1    1.99%    passed     95.99%
  80  GCF_004299785.2    1.99%    passed     96.69%
  81  GCF_004323845.1    0.33%    passed     94.29%
  82  GCF_004803795.1    0.33%    passed     85.70%
  83  GCF_004803815.1    0.33%    passed     89.82%
  84  GCF_005217605.1    1.32%    passed     89.90%
  85  GCF_005406215.1    0.33%    passed     89.83%
  86  GCF_005406225.1    0.33%    passed     71.01%
  87  GCF_005771535.1    0.99%    passed     93.54%
  88  GCF_005843985.1    0.99%    passed     48.31%
  89  GCF_006459125.1    1.32%    passed     99.59%
  90  GCF_006864425.1    0.33%    passed     98.86%
  91  GCF_008245005.1    0.99%    passed     99.79%
  92  GCF_008245045.1    0.33%    passed     99.97%
  93  GCF_008693005.1    0.66%    passed     86.04%
  94  GCF_009068765.1    1.32%    passed     89.36%
  95  GCF_009192995.1    1.32%    passed     81.37%
  96  GCF_009258225.1    0.66%    passed     90.33%
  97  GCF_011769985.2    0.66%    passed     93.16%
  98  GCF_013177635.1    1.66%    passed     96.04%
  99  GCF_013177655.1    0.99%    passed     56.81%
 100  GCF_013201605.1    0.33%    passed     99.89%
 101  GCF_013201625.1    1.66%    passed     98.78%
 102  GCF_013201665.1    1.99%    passed     90.58%
 103  GCF_013201705.1    1.66%    passed     95.70%
 104  GCF_013201725.1    1.66%    passed     97.55%
 105  GCF_013201825.1    1.66%    passed     83.64%
 106  GCF_013201935.1    1.66%    passed     99.58%
 107  GCF_013283835.1    1.66%    passed     76.56%
 108  GCF_013372105.1    0.33%    passed     99.94%
 109  GCF_013372125.1    0.33%    passed     87.82%
 110  GCF_013372145.1    0.66%    passed     99.92%
 111  GCF_013372185.1    0.33%    passed     99.81%
 112  GCF_013372205.1    0.33%    passed     80.43%
 113  GCF_013372265.1    1.66%    passed     99.33%
 114  GCF_014253065.1    0.33%    passed     88.03%
 115  GCF_014466985.1    1.32%    passed     70.67%
 116  GCF_014905095.1    1.32%    passed     98.73%
 117  GCF_014905115.1    1.32%    passed     92.25%
 118  GCF_014905135.1    1.32%    passed     79.02%
 119  GCF_015100395.1    0.99%    passed     87.68%
 120  GCF_015265455.1    1.32%    passed     92.23%
 121  GCF_015265475.1    1.32%    passed     92.66%
 122  GCF_016106035.1    1.66%    passed     97.61%
 123  GCF_016593255.1    0.99%    passed     74.51%
 124  GCF_016806695.1    0.33%    passed     80.32%
 125  GCF_016937535.1    0.33%    passed     98.63%
 126  GCF_017357825.1    1.32%    passed     96.77%
 127  GCF_017979425.1    1.32%    passed      7.91%
 128  GCF_017979475.1    0.99%    passed     98.63%
 129  GCF_018145655.1    0.33%    passed     63.86%
 130  GCF_019711685.1    0.66%    passed     99.24%
 131  GCF_021300615.1    0.99%    passed     90.24%
 132  GCF_021300655.1    0.66%    passed     98.46%
 133  GCF_023646285.1    0.66%    passed     99.78%
 134  GCF_024267655.1    1.32%    passed     78.96%
 135  GCF_025770725.1    0.66%    passed     98.03%
 136  GCF_026000295.1    1.32%    passed     42.28%
 137  GCF_027859255.1    0.99%    passed     99.91%
 138  GCF_027943725.1    0.66%    passed     20.01%
 139  GCF_027946175.1    0.66%    passed     98.36%
 140  GCF_028649595.1    0.00%    passed     91.45%
 141  GCF_028751035.1    0.66%    passed     97.85%
 142  GCF_030249845.1    0.33%    passed     88.97%
 143  GCF_030296055.1    0.99%    passed     55.62%
 144  GCF_900115615.1    0.99%    passed     90.42%
 145  GCF_900187115.1    1.66%    passed     90.00%
 146  GCF_900461455.1    1.32%    passed     86.69%
 147  GCF_900475935.1    0.33%    passed     96.47%
 148  GCF_900476215.1    0.99%    passed     67.09%
 149  GCF_900478295.1    1.32%    passed     70.55%
 150  GCF_900637395.1    0.33%    passed     99.82%
 151  GCF_905120465.1    0.33%    passed     73.35%
 152  GCF_905120475.1    0.33%    passed     19.46%
****  TOTAL              0.98%  0 sequences failed composition chi2 test (p-value<5%; df=19)
Reading alignment file gene_order/flagellar_trees/trimmed/flhf.faa ... Fasta format detected
Reading fasta file: done in 0.000387252 secs using 96.32% CPU
Alignment most likely contains protein sequences
Alignment has 147 sequences with 311 columns, 293 distinct patterns
275 parsimony-informative, 5 singleton sites, 31 constant sites
                 Gap/Ambiguity  Composition  p-value
Analyzing sequences: done in 9.79938e-06 secs using 2704% CPU
   1  GCF_000012965.1   10.61%    passed     99.02%
   2  GCF_000021725.1    1.61%    passed     98.82%
   3  GCF_000024885.1    1.61%    passed     99.98%
   4  GCF_000092245.1    1.29%    passed     99.96%
   5  GCF_000147355.1    1.61%    passed     93.73%
   6  GCF_000155475.1    1.61%    passed     85.95%
   7  GCF_000162575.1    1.61%    passed     98.50%
   8  GCF_000183725.1    1.61%    passed     54.32%
   9  GCF_000194135.1    3.22%    passed     21.00%
  10  GCF_000196135.1    1.61%    passed     76.30%
  11  GCF_000200595.1    1.61%    passed     66.38%
  12  GCF_000242915.1    1.61%    passed     98.29%
  13  GCF_000254135.1    1.61%    passed     98.60%
  14  GCF_000259275.1    1.61%    passed     98.93%
  15  GCF_000265295.1    1.61%    passed    100.00%
  16  GCF_000420385.1    3.22%    passed     18.20%
  17  GCF_000445475.1    1.61%    passed     99.39%
  18  GCF_000507845.1    1.61%    passed     94.18%
  19  GCF_000518225.1    1.61%    passed     82.53%
  20  GCF_000568815.1    1.61%    passed     99.88%
  21  GCF_000597725.1    1.61%    passed     96.80%
  22  GCF_000686565.1    1.61%    passed     61.24%
  23  GCF_000687535.1    1.61%    passed     99.56%
  24  GCF_000736415.1    1.61%    passed     99.68%
  25  GCF_000744435.1    3.22%    passed     34.54%
  26  GCF_000762845.2    1.61%    passed     75.87%
  27  GCF_000762875.2    1.61%    passed     75.70%
  28  GCF_000763135.2    1.61%    passed     91.68%
  29  GCF_000765805.2    1.61%    passed     66.87%
  30  GCF_000765905.2    1.61%    passed     71.42%
  31  GCF_000813325.1    1.61%    passed     99.89%
  32  GCF_000816185.1    1.61%    passed     99.40%
  33  GCF_000816305.1    1.61%    passed     99.86%
  34  GCF_000816785.1    1.61%    passed     99.64%
  35  GCF_001282945.1    1.61%    passed     49.72%
  36  GCF_001283065.1    1.61%    passed     63.17%
  37  GCF_001298465.1    1.61%    passed     99.10%
  38  GCF_001457695.1    1.61%    passed     98.34%
  39  GCF_001602095.1    1.29%    passed     63.33%
  40  GCF_001687475.2    1.61%    passed     74.46%
  41  GCF_001693335.1    1.93%    passed     99.70%
  42  GCF_001723605.1    1.61%    passed     99.88%
  43  GCF_001956695.1    1.61%    passed     99.51%
  44  GCF_002021925.1    1.61%    passed     99.78%
  45  GCF_002080395.1    1.61%    passed     99.57%
  46  GCF_002104335.1    1.61%    passed     96.65%
  47  GCF_002119425.1    2.89%    passed     70.98%
  48  GCF_002139855.1    1.61%    passed     99.22%
  49  GCF_002139875.1    1.61%    passed     99.01%
  50  GCF_002139915.1    1.61%    passed     99.82%
  51  GCF_002139935.1    1.61%    passed     99.75%
  52  GCF_002335445.1    1.61%    passed     94.85%
  53  GCF_002837275.1    1.61%    passed     98.77%
  54  GCF_003063245.1    1.61%    passed     99.70%
  55  GCF_003063295.1    1.61%    passed     99.94%
  56  GCF_003245365.1    1.61%    passed     99.73%
  57  GCF_003316695.1    1.61%    passed     96.77%
  58  GCF_003346775.1    1.61%    passed     99.62%
  59  GCF_003346815.1    1.61%    passed     99.72%
  60  GCF_003355515.1    1.61%    passed     99.88%
  61  GCF_003364195.1    1.61%    passed     45.03%
  62  GCF_003364205.1    1.61%    passed     74.20%
  63  GCF_003364215.1    1.61%    passed     94.02%
  64  GCF_003364255.1    1.61%    passed     96.93%
  65  GCF_003364335.1    1.61%    passed     82.69%
  66  GCF_003544815.1    1.61%    passed     99.80%
  67  GCF_003544835.1    1.61%    passed     99.04%
  68  GCF_003544855.1    1.61%    passed     99.75%
  69  GCF_003544915.1    1.61%    passed     99.76%
  70  GCF_003544935.1    1.61%    passed     94.71%
  71  GCF_003660105.1    1.61%    passed     99.92%
  72  GCF_003660265.1    1.61%    passed     70.85%
  73  GCF_003660285.1    1.61%    passed     54.74%
  74  GCF_003660395.1    1.61%    passed     46.04%
  75  GCF_003667345.1    1.61%    passed     99.84%
  76  GCF_003670275.1    1.61%    passed     84.28%
  77  GCF_003752135.1    1.61%    passed     92.38%
  78  GCF_004214795.1    1.29%    passed     99.90%
  79  GCF_004214815.1    1.61%    passed     96.75%
  80  GCF_004299785.2    1.61%    passed     96.31%
  81  GCF_004323845.1    1.61%    passed     97.64%
  82  GCF_004803795.1    1.61%    passed     93.40%
  83  GCF_005217605.1    1.29%    passed     96.96%
  84  GCF_005406215.1    1.61%    passed     97.81%
  85  GCF_005406225.1    1.61%    passed     95.91%
  86  GCF_005771535.1    1.93%    passed     98.35%
  87  GCF_005843985.1    1.61%    passed     80.60%
  88  GCF_006459125.1    1.61%    passed     99.88%
  89  GCF_006864425.1    1.29%    passed     98.50%
  90  GCF_008245005.1    1.61%    passed     94.37%
  91  GCF_008245045.1    1.61%    passed     99.96%
  92  GCF_008693005.1    1.61%    passed     97.19%
  93  GCF_009068765.1    1.61%    passed     88.92%
  94  GCF_009192995.1    1.61%    passed     91.59%
  95  GCF_009258225.1    1.61%    passed     81.69%
  96  GCF_011769985.2    1.61%    passed     99.83%
  97  GCF_013177635.1    1.61%    passed     99.78%
  98  GCF_013177655.1    1.61%    passed     43.90%
  99  GCF_013201605.1    1.61%    passed     99.85%
 100  GCF_013201625.1    1.61%    passed     96.31%
 101  GCF_013201665.1    1.61%    passed     99.94%
 102  GCF_013201705.1    1.93%    passed     99.85%
 103  GCF_013201725.1    1.61%    passed     99.89%
 104  GCF_013201825.1    1.61%    passed     99.06%
 105  GCF_013201935.1    1.61%    passed     99.81%
 106  GCF_013283835.1    1.61%    passed     99.71%
 107  GCF_013372105.1    1.61%    passed     99.84%
 108  GCF_013372145.1    1.61%    passed     98.89%
 109  GCF_013372185.1    1.61%    passed     99.85%
 110  GCF_013372205.1    1.61%    passed     99.54%
 111  GCF_013372265.1    1.93%    passed     98.99%
 112  GCF_014253065.1    1.61%    passed     92.25%
 113  GCF_014466985.1    9.32%    passed     32.52%
 114  GCF_014905115.1    1.61%    passed     89.68%
 115  GCF_014905135.1    1.61%    passed     97.23%
 116  GCF_015100395.1    9.32%    passed     87.23%
 117  GCF_015265455.1    1.29%    passed     90.13%
 118  GCF_015265475.1    1.29%    passed     93.41%
 119  GCF_016106035.1    1.93%    passed     99.92%
 120  GCF_016593255.1    1.61%    passed     54.61%
 121  GCF_016937535.1    1.61%    passed     95.84%
 122  GCF_017357825.1    1.61%    passed     99.33%
 123  GCF_017979425.1    1.61%    passed     74.16%
 124  GCF_017979475.1    1.61%    passed     97.59%
 125  GCF_018145655.1    1.61%    passed     95.21%
 126  GCF_019711685.1    1.61%    passed     99.90%
 127  GCF_021300615.1    1.61%    passed     70.43%
 128  GCF_021300655.1    1.61%    passed     88.86%
 129  GCF_023646285.1    1.61%    passed     98.35%
 130  GCF_024267655.1    1.29%    passed     99.90%
 131  GCF_025770725.1    1.61%    passed     99.59%
 132  GCF_027859255.1    1.61%    passed     98.55%
 133  GCF_027943725.1    9.32%    passed     50.48%
 134  GCF_027946175.1    9.65%    passed     33.99%
 135  GCF_028649595.1    1.61%    passed     99.32%
 136  GCF_028751035.1    1.61%    passed     99.62%
 137  GCF_030249845.1    1.61%    passed     99.83%
 138  GCF_030296055.1    1.61%    passed     53.30%
 139  GCF_900115615.1    1.61%    passed     68.07%
 140  GCF_900187115.1    1.61%    passed     99.61%
 141  GCF_900461455.1    1.61%    passed     98.23%
 142  GCF_900475935.1    1.61%    passed     97.70%
 143  GCF_900476215.1    1.61%    passed     49.43%
 144  GCF_900478295.1    1.61%    passed     98.87%
 145  GCF_900637395.1    1.61%    passed     99.82%
 146  GCF_905120465.1    1.61%    passed     97.78%
 147  GCF_905120475.1    1.61%    passed     95.68%
****  TOTAL              1.92%  0 sequences failed composition chi2 test (p-value<5%; df=19)
Reading alignment file gene_order/flagellar_trees/trimmed/flia.faa ... Fasta format detected
Reading fasta file: done in 0.000231172 secs using 99.06% CPU
Alignment most likely contains protein sequences
Alignment has 116 sequences with 223 columns, 215 distinct patterns
201 parsimony-informative, 5 singleton sites, 17 constant sites
                 Gap/Ambiguity  Composition  p-value
Analyzing sequences: done in 1.60392e-05 secs using 2269% CPU
   1  GCF_000012965.1    0.00%    passed     56.72%
   2  GCF_000021725.1    0.90%    passed     99.57%
   3  GCF_000024885.1    0.00%    passed     99.18%
   4  GCF_000147355.1    0.00%    passed     95.81%
   5  GCF_000155475.1    0.00%    passed     99.88%
   6  GCF_000162575.1    0.00%    passed     73.48%
   7  GCF_000183725.1    0.00%    passed     66.30%
   8  GCF_000196135.1    0.00%    passed     92.15%
   9  GCF_000200595.1    0.00%    passed     98.95%
  10  GCF_000242915.1    0.00%    passed     68.82%
  11  GCF_000254135.1    0.00%    passed     85.92%
  12  GCF_000259275.1    0.00%    passed     99.84%
  13  GCF_000265295.1    0.00%    passed     99.89%
  14  GCF_000445475.1    0.00%    passed     82.29%
  15  GCF_000507845.1    0.00%    passed     97.06%
  16  GCF_000518225.1    0.00%    passed     97.47%
  17  GCF_000568815.1    0.00%    passed     97.94%
  18  GCF_000597725.1    0.00%    passed     99.89%
  19  GCF_000686565.1    0.00%    passed     99.98%
  20  GCF_000687535.1    0.00%    passed     99.90%
  21  GCF_000736415.1    0.00%    passed     71.36%
  22  GCF_000762845.2    0.00%    passed    100.00%
  23  GCF_000762875.2    0.00%    passed     99.87%
  24  GCF_000763135.2    0.00%    passed     99.98%
  25  GCF_000765805.2    0.00%    passed     99.79%
  26  GCF_000765905.2    0.00%    passed     99.94%
  27  GCF_000813325.1    5.38%    passed     99.83%
  28  GCF_000816185.1    0.00%    passed     99.35%
  29  GCF_000816305.1    0.00%    passed     90.27%
  30  GCF_000816785.1    0.00%    passed     76.39%
  31  GCF_001282945.1    0.00%    passed     99.78%
  32  GCF_001283065.1    0.00%    passed     95.67%
  33  GCF_001298465.1    0.00%    passed     95.47%
  34  GCF_001457695.1    0.00%    passed     95.68%
  35  GCF_001602095.1    0.00%    passed     99.23%
  36  GCF_001687475.2    0.00%    passed     91.59%
  37  GCF_001693335.1    0.00%    passed     99.46%
  38  GCF_001723605.1    0.00%    passed     97.94%
  39  GCF_002021925.1    0.00%    passed     99.66%
  40  GCF_002080395.1    0.00%    passed     92.81%
  41  GCF_002104335.1    0.00%    passed     97.80%
  42  GCF_002139855.1    0.00%    passed     83.34%
  43  GCF_002139875.1    0.00%    passed     97.35%
  44  GCF_002139915.1    0.00%    passed     95.22%
  45  GCF_002139935.1    0.00%    passed     95.78%
  46  GCF_002238335.1    0.00%    passed     73.63%
  47  GCF_002335445.1    0.90%    passed     82.30%
  48  GCF_003245365.1    0.00%    failed      2.58%
  49  GCF_003364195.1    0.00%    passed     99.44%
  50  GCF_003364205.1    0.00%    passed     86.44%
  51  GCF_003364215.1    0.00%    passed     99.03%
  52  GCF_003364255.1    0.00%    passed     99.95%
  53  GCF_003364335.1    0.00%    passed     40.10%
  54  GCF_003660265.1    0.00%    passed     93.36%
  55  GCF_003660285.1    0.00%    passed     96.33%
  56  GCF_003660395.1    0.00%    passed     84.92%
  57  GCF_003670275.1    0.00%    passed     99.79%
  58  GCF_003752135.1    0.90%    passed     89.74%
  59  GCF_004323845.1    0.00%    passed     95.78%
  60  GCF_004803795.1    0.00%    passed     99.92%
  61  GCF_004803815.1    0.00%    passed     98.96%
  62  GCF_005217605.1    0.00%    passed     96.44%
  63  GCF_005406215.1    0.00%    passed     96.46%
  64  GCF_005406225.1    0.00%    passed     88.14%
  65  GCF_005843985.1    0.90%    passed     99.36%
  66  GCF_006864425.1    0.00%    passed     98.27%
  67  GCF_008245005.1    0.00%    passed     85.21%
  68  GCF_008245045.1    0.00%    passed     71.60%
  69  GCF_008693005.1    0.00%    passed     99.93%
  70  GCF_009068765.1    0.00%    passed     98.99%
  71  GCF_009192995.1    0.00%    passed     99.98%
  72  GCF_009258225.1    0.00%    passed     76.15%
  73  GCF_011769985.2    0.00%    passed     99.25%
  74  GCF_013177655.1    0.00%    passed     91.93%
  75  GCF_013201605.1    0.00%    passed     93.19%
  76  GCF_013372105.1    0.00%    passed     92.37%
  77  GCF_013372125.1    0.00%    passed     99.33%
  78  GCF_013372145.1    0.00%    passed     99.71%
  79  GCF_013372185.1    0.00%    passed     85.04%
  80  GCF_013372205.1    0.00%    passed     89.58%
  81  GCF_014253065.1    0.00%    passed     99.90%
  82  GCF_014466985.1    9.42%    passed     43.93%
  83  GCF_014905095.1    0.00%    passed     95.59%
  84  GCF_014905115.1    0.00%    passed     99.93%
  85  GCF_014905135.1    0.00%    passed     99.11%
  86  GCF_015100395.1    9.87%    passed     52.88%
  87  GCF_015265455.1    0.00%    passed     86.01%
  88  GCF_015265475.1    0.00%    passed     95.15%
  89  GCF_016593255.1    0.00%    passed     94.68%
  90  GCF_016806695.1    0.00%    passed     90.23%
  91  GCF_016937535.1    0.00%    passed     99.18%
  92  GCF_017357825.1    0.00%    passed     97.39%
  93  GCF_017979425.1    0.00%    passed     98.57%
  94  GCF_017979475.1    0.00%    passed     90.76%
  95  GCF_018145655.1    0.00%    passed     98.90%
  96  GCF_019711685.1    0.00%    passed     87.28%
  97  GCF_021300615.1    0.00%    passed     87.48%
  98  GCF_021300655.1    0.00%    passed     98.47%
  99  GCF_023646285.1    0.00%    passed     85.26%
 100  GCF_025770725.1    0.00%    passed     99.15%
 101  GCF_026000295.1    0.00%    passed     99.14%
 102  GCF_027859255.1    0.00%    passed     97.54%
 103  GCF_027943725.1    9.42%    passed     34.51%
 104  GCF_027946175.1    9.42%    failed      0.51%
 105  GCF_028649595.1    0.00%    failed      1.59%
 106  GCF_028751035.1    0.00%    passed     98.64%
 107  GCF_030249845.1    0.00%    passed     99.91%
 108  GCF_030296055.1    0.00%    passed     95.16%
 109  GCF_900115615.1    0.00%    passed     96.55%
 110  GCF_900461455.1    0.00%    passed     97.85%
 111  GCF_900475935.1    0.00%    passed     99.05%
 112  GCF_900476215.1    0.00%    passed     99.88%
 113  GCF_900478295.1    0.00%    passed     94.93%
 114  GCF_900637395.1    0.00%    passed     93.62%
 115  GCF_905120465.1    0.00%    passed     99.38%
 116  GCF_905120475.1    0.00%    passed     97.76%
****  TOTAL              0.41%  3 sequences failed composition chi2 test (p-value<5%; df=19)
Reading alignment file gene_order/flagellar_trees/trimmed/flid.faa ... Fasta format detected
Reading fasta file: done in 0.000780756 secs using 2007% CPU
Alignment most likely contains protein sequences
Alignment has 148 sequences with 590 columns, 588 distinct patterns
568 parsimony-informative, 5 singleton sites, 17 constant sites
                 Gap/Ambiguity  Composition  p-value
Analyzing sequences: done in 1.69547e-05 secs using 4547% CPU
   1  GCF_000012965.1   37.97%    passed     74.06%
   2  GCF_000021725.1   29.66%    passed     57.49%
   3  GCF_000024885.1   24.92%    failed      0.86%
   4  GCF_000092245.1   30.85%    passed     87.39%
   5  GCF_000147355.1   38.31%    passed     59.02%
   6  GCF_000155475.1   14.58%    passed     66.59%
   7  GCF_000162575.1   14.58%    passed     40.78%
   8  GCF_000183725.1   26.61%    failed      3.14%
   9  GCF_000194135.1   38.64%    failed      0.00%
  10  GCF_000196135.1   14.75%    passed     33.27%
  11  GCF_000200595.1   14.24%    failed      1.91%
  12  GCF_000242915.1   37.80%    passed     54.32%
  13  GCF_000254135.1   22.37%    passed     55.44%
  14  GCF_000259275.1   14.24%    passed     38.15%
  15  GCF_000265295.1   24.92%    failed      1.26%
  16  GCF_000420385.1   38.64%    failed      0.00%
  17  GCF_000445475.1   38.14%    passed     23.71%
  18  GCF_000507845.1   14.58%    failed      3.11%
  19  GCF_000518225.1   14.92%    failed      0.97%
  20  GCF_000568815.1   24.58%    failed      0.03%
  21  GCF_000597725.1   16.61%    failed      1.90%
  22  GCF_000686565.1   14.41%    passed     70.49%
  23  GCF_000687535.1   14.58%    passed     64.67%
  24  GCF_000736415.1   22.54%    passed      7.42%
  25  GCF_000744435.1   38.81%    failed      0.00%
  26  GCF_000762845.2   14.58%    passed     56.75%
  27  GCF_000762875.2   14.41%    passed     10.52%
  28  GCF_000763135.2   14.58%    passed     64.91%
  29  GCF_000765805.2   14.41%    passed     64.74%
  30  GCF_000765905.2   14.41%    passed     68.65%
  31  GCF_000813325.1   24.24%    failed      0.08%
  32  GCF_000816185.1   13.39%    passed     43.09%
  33  GCF_000816305.1   13.22%    passed     92.34%
  34  GCF_000816785.1   13.56%    passed     73.16%
  35  GCF_001282945.1   14.24%    passed      9.12%
  36  GCF_001283065.1   14.24%    passed     14.30%
  37  GCF_001298465.1   22.37%    passed     64.18%
  38  GCF_001457695.1   22.54%    passed     98.66%
  39  GCF_001602095.1   14.24%    passed     22.62%
  40  GCF_001687475.2   22.37%    failed      0.08%
  41  GCF_001693335.1   14.58%    failed      2.68%
  42  GCF_001723605.1   24.58%    failed      0.00%
  43  GCF_001956695.1   38.64%    failed      2.19%
  44  GCF_002021925.1   19.83%    passed     96.73%
  45  GCF_002080395.1   22.03%    passed     18.84%
  46  GCF_002104335.1   21.86%    passed     96.47%
  47  GCF_002119425.1   38.14%    failed      0.00%
  48  GCF_002139855.1   20.51%    passed     31.42%
  49  GCF_002139875.1   20.68%    passed     70.64%
  50  GCF_002139915.1   20.68%    passed      7.51%
  51  GCF_002139935.1   20.85%    passed     25.69%
  52  GCF_002238335.1   12.71%    passed     69.15%
  53  GCF_002335445.1   30.00%    passed     31.96%
  54  GCF_002837275.1   39.32%    passed     82.02%
  55  GCF_003063245.1   39.83%    passed     75.02%
  56  GCF_003063295.1   39.83%    passed     58.92%
  57  GCF_003245365.1   14.24%    passed     89.02%
  58  GCF_003316695.1   39.66%    passed     77.53%
  59  GCF_003346775.1   39.32%    passed     91.76%
  60  GCF_003346815.1   39.49%    passed     87.92%
  61  GCF_003355515.1   38.81%    passed     64.71%
  62  GCF_003364195.1   14.41%    passed     33.86%
  63  GCF_003364205.1   14.58%    failed      2.65%
  64  GCF_003364215.1   14.58%    failed      3.96%
  65  GCF_003364255.1   14.58%    passed     33.01%
  66  GCF_003364335.1   14.41%    passed     31.45%
  67  GCF_003544835.1   39.49%    passed     94.34%
  68  GCF_003544855.1   39.32%    passed     93.38%
  69  GCF_003544935.1   39.32%    passed     99.21%
  70  GCF_003660105.1   39.66%    passed     92.91%
  71  GCF_003660265.1   14.24%    failed      0.15%
  72  GCF_003660285.1   14.24%    passed      7.43%
  73  GCF_003660395.1   14.24%    failed      1.73%
  74  GCF_003667345.1   39.83%    passed     18.17%
  75  GCF_003670275.1   14.58%    passed     48.58%
  76  GCF_003752135.1   29.66%    passed     42.12%
  77  GCF_004214795.1   39.83%    passed     59.65%
  78  GCF_004214815.1   39.32%    passed     63.66%
  79  GCF_004299785.2   39.32%    passed     54.06%
  80  GCF_004323845.1   22.03%    passed     87.12%
  81  GCF_004803795.1   24.24%    passed     30.78%
  82  GCF_004803815.1   24.24%    passed     22.51%
  83  GCF_005217605.1   37.80%    passed     37.01%
  84  GCF_005406215.1   22.03%    passed     95.24%
  85  GCF_005406225.1   22.03%    passed     96.79%
  86  GCF_005843985.1   29.66%    passed     16.62%
  87  GCF_006459125.1   38.81%    failed      0.44%
  88  GCF_006864425.1   12.54%    passed     13.76%
  89  GCF_008245005.1   22.71%    passed     86.04%
  90  GCF_008245045.1   13.39%    passed     77.34%
  91  GCF_008693005.1   14.58%    passed      8.14%
  92  GCF_009068765.1   37.63%    passed     48.70%
  93  GCF_009192995.1   37.80%    failed      1.23%
  94  GCF_009258225.1   37.80%    passed     63.54%
  95  GCF_013177635.1   39.66%    passed     78.46%
  96  GCF_013177655.1   13.56%    failed      1.33%
  97  GCF_013201605.1   13.56%    passed     69.18%
  98  GCF_013201625.1   39.32%    passed     92.51%
  99  GCF_013201705.1   39.66%    passed     90.62%
 100  GCF_013201725.1   39.66%    passed     97.28%
 101  GCF_013201825.1   38.64%    passed      8.57%
 102  GCF_013201935.1   39.66%    passed     83.36%
 103  GCF_013283835.1   39.32%    passed     83.59%
 104  GCF_013372105.1   13.56%    passed     60.12%
 105  GCF_013372125.1   22.37%    passed     98.11%
 106  GCF_013372145.1   24.07%    passed      5.15%
 107  GCF_013372185.1   13.39%    passed     86.63%
 108  GCF_013372205.1   22.54%    passed     89.04%
 109  GCF_013372265.1   39.49%    passed     99.70%
 110  GCF_014253065.1   24.24%    passed     29.02%
 111  GCF_014466985.1   38.81%    failed      0.62%
 112  GCF_014905095.1   37.80%    passed     13.58%
 113  GCF_014905115.1   37.63%    passed     13.81%
 114  GCF_014905135.1   37.80%    passed     58.13%
 115  GCF_015100395.1   38.81%    failed      1.93%
 116  GCF_015265455.1   37.80%    passed     14.56%
 117  GCF_015265475.1   37.80%    passed     33.60%
 118  GCF_016106035.1   39.49%    passed     80.89%
 119  GCF_016593255.1   36.27%    passed     30.69%
 120  GCF_016806695.1   22.03%    passed     84.84%
 121  GCF_016937535.1   24.24%    passed     58.89%
 122  GCF_017357825.1   38.14%    passed     34.08%
 123  GCF_017979425.1   14.24%    passed     11.87%
 124  GCF_017979475.1   14.58%    passed     28.34%
 125  GCF_018145655.1   23.90%    passed      9.05%
 126  GCF_019711685.1   15.25%    passed     30.79%
 127  GCF_021300615.1   14.41%    passed     40.62%
 128  GCF_021300655.1   14.75%    failed      0.11%
 129  GCF_023646285.1   14.58%    passed     31.12%
 130  GCF_024267655.1   39.49%    passed     63.67%
 131  GCF_025770725.1   24.58%    failed      0.00%
 132  GCF_026000295.1   14.24%    failed      3.90%
 133  GCF_027859255.1   14.41%    passed     89.50%
 134  GCF_027943725.1   38.81%    failed      1.10%
 135  GCF_027946175.1   39.15%    failed      0.39%
 136  GCF_028649595.1   23.05%    passed     60.51%
 137  GCF_028751035.1   14.75%    passed     17.53%
 138  GCF_030249845.1   21.86%    passed     81.26%
 139  GCF_030296055.1   36.44%    passed     27.54%
 140  GCF_900115615.1   36.78%    passed     97.62%
 141  GCF_900187115.1   39.83%    passed     78.38%
 142  GCF_900461455.1   14.24%    passed     57.86%
 143  GCF_900475935.1   21.36%    passed      9.24%
 144  GCF_900476215.1   14.41%    passed     49.59%
 145  GCF_900478295.1   14.24%    passed     66.94%
 146  GCF_900637395.1   22.03%    passed     49.66%
 147  GCF_905120465.1   21.86%    passed     99.38%
 148  GCF_905120475.1   22.54%    passed     97.29%
****  TOTAL             25.76%  31 sequences failed composition chi2 test (p-value<5%; df=19)
Reading alignment file gene_order/flagellar_trees/trimmed/flie.faa ... Fasta format detected
Reading fasta file: done in 0.000118314 secs using 95.51% CPU
Alignment most likely contains protein sequences
Alignment has 152 sequences with 67 columns, 67 distinct patterns
57 parsimony-informative, 3 singleton sites, 7 constant sites
                 Gap/Ambiguity  Composition  p-value
Analyzing sequences: done in 7.43754e-06 secs using 7476% CPU
   1  GCF_000012965.1    0.00%    passed     99.51%
   2  GCF_000021725.1    0.00%    passed     98.64%
   3  GCF_000024885.1    0.00%    passed     99.80%
   4  GCF_000092245.1    0.00%    passed     28.51%
   5  GCF_000147355.1    0.00%    passed    100.00%
   6  GCF_000155475.1    0.00%    passed     99.92%
   7  GCF_000162575.1    0.00%    passed     99.87%
   8  GCF_000183725.1    0.00%    passed    100.00%
   9  GCF_000194135.1    0.00%    passed     94.48%
  10  GCF_000196135.1    0.00%    passed     99.94%
  11  GCF_000200595.1    0.00%    passed     99.97%
  12  GCF_000242915.1    0.00%    passed     99.34%
  13  GCF_000254135.1    0.00%    passed     98.51%
  14  GCF_000259275.1    0.00%    passed     99.97%
  15  GCF_000265295.1    0.00%    passed     99.99%
  16  GCF_000420385.1    0.00%    passed     96.15%
  17  GCF_000445475.1    0.00%    passed     93.66%
  18  GCF_000507845.1    0.00%    passed     99.55%
  19  GCF_000518225.1    0.00%    passed    100.00%
  20  GCF_000568815.1    0.00%    passed     99.76%
  21  GCF_000597725.1    0.00%    passed    100.00%
  22  GCF_000686565.1    0.00%    passed     98.52%
  23  GCF_000687535.1    0.00%    passed     99.99%
  24  GCF_000736415.1    0.00%    passed     99.73%
  25  GCF_000744435.1    0.00%    passed     96.92%
  26  GCF_000762845.2    0.00%    passed     97.61%
  27  GCF_000762875.2    0.00%    passed     99.87%
  28  GCF_000763135.2    0.00%    passed     99.95%
  29  GCF_000765805.2    0.00%    passed     99.13%
  30  GCF_000765905.2    0.00%    passed     98.52%
  31  GCF_000813325.1    0.00%    passed     99.62%
  32  GCF_000816185.1    0.00%    passed     99.83%
  33  GCF_000816305.1    0.00%    passed     98.55%
  34  GCF_000816785.1    0.00%    passed     98.66%
  35  GCF_001282945.1    0.00%    passed     99.91%
  36  GCF_001283065.1    0.00%    passed     99.66%
  37  GCF_001298465.1    0.00%    passed     99.98%
  38  GCF_001457695.1    0.00%    passed     99.87%
  39  GCF_001602095.1    0.00%    passed     95.63%
  40  GCF_001687475.2    0.00%    passed     99.22%
  41  GCF_001693335.1    0.00%    passed    100.00%
  42  GCF_001723605.1    0.00%    passed     99.76%
  43  GCF_001956695.1    0.00%    passed     82.41%
  44  GCF_002021925.1    0.00%    passed     99.97%
  45  GCF_002080395.1    0.00%    passed     98.31%
  46  GCF_002104335.1    0.00%    passed     99.88%
  47  GCF_002119425.1    0.00%    passed     89.01%
  48  GCF_002139855.1    0.00%    passed     99.98%
  49  GCF_002139875.1    0.00%    passed     99.98%
  50  GCF_002139915.1    0.00%    passed     99.72%
  51  GCF_002139935.1    0.00%    passed     99.99%
  52  GCF_002238335.1    0.00%    passed     99.93%
  53  GCF_002335445.1    0.00%    passed     92.11%
  54  GCF_002837275.1    0.00%    passed     83.90%
  55  GCF_003063245.1    0.00%    passed     98.41%
  56  GCF_003063295.1    0.00%    passed     93.16%
  57  GCF_003245365.1    0.00%    passed     99.97%
  58  GCF_003316695.1    0.00%    passed     92.65%
  59  GCF_003346775.1    0.00%    passed     92.59%
  60  GCF_003346815.1    0.00%    failed      0.00%
  61  GCF_003355515.1    0.00%    passed     97.46%
  62  GCF_003364195.1    0.00%    passed     99.00%
  63  GCF_003364215.1    0.00%    passed    100.00%
  64  GCF_003364255.1    0.00%    passed     99.90%
  65  GCF_003364335.1    0.00%    passed     99.99%
  66  GCF_003544815.1    0.00%    passed     92.96%
  67  GCF_003544835.1    0.00%    passed     83.63%
  68  GCF_003544855.1    0.00%    passed     53.52%
  69  GCF_003544915.1    0.00%    passed     99.40%
  70  GCF_003544935.1    0.00%    passed     99.45%
  71  GCF_003660105.1    0.00%    passed     77.18%
  72  GCF_003660265.1    0.00%    passed    100.00%
  73  GCF_003660285.1    0.00%    passed     99.97%
  74  GCF_003660395.1    0.00%    passed     99.97%
  75  GCF_003667345.1    0.00%    passed     96.95%
  76  GCF_003670275.1    0.00%    passed     99.72%
  77  GCF_003752135.1    0.00%    passed     97.20%
  78  GCF_004214795.1    0.00%    passed     95.24%
  79  GCF_004214815.1    0.00%    passed     96.35%
  80  GCF_004299785.2    0.00%    passed     90.15%
  81  GCF_004323845.1    0.00%    passed     99.74%
  82  GCF_004803795.1    0.00%    passed     99.94%
  83  GCF_004803815.1    0.00%    passed     99.91%
  84  GCF_005217605.1    0.00%    passed     99.59%
  85  GCF_005406215.1    0.00%    passed     99.91%
  86  GCF_005406225.1    0.00%    passed     99.80%
  87  GCF_005771535.1    0.00%    passed     93.03%
  88  GCF_005843985.1    0.00%    passed     99.82%
  89  GCF_006459125.1    0.00%    passed     92.31%
  90  GCF_006864425.1    0.00%    passed     98.51%
  91  GCF_008245005.1    0.00%    passed     96.14%
  92  GCF_008245045.1    0.00%    passed     99.88%
  93  GCF_008693005.1    0.00%    passed     99.24%
  94  GCF_009068765.1    0.00%    passed     99.68%
  95  GCF_009192995.1    0.00%    passed     99.85%
  96  GCF_009258225.1    0.00%    passed     92.95%
  97  GCF_011769985.2    0.00%    passed     98.96%
  98  GCF_013177635.1    0.00%    passed     78.87%
  99  GCF_013177655.1    0.00%    passed     99.65%
 100  GCF_013201605.1    0.00%    passed     99.54%
 101  GCF_013201625.1    0.00%    passed     98.36%
 102  GCF_013201665.1    0.00%    passed     85.96%
 103  GCF_013201705.1    0.00%    passed     90.03%
 104  GCF_013201725.1    0.00%    passed     99.24%
 105  GCF_013201825.1    0.00%    passed     95.78%
 106  GCF_013201935.1    0.00%    passed     78.87%
 107  GCF_013283835.1    0.00%    passed     93.08%
 108  GCF_013372105.1    0.00%    passed     98.55%
 109  GCF_013372125.1    0.00%    passed     99.83%
 110  GCF_013372145.1    0.00%    passed    100.00%
 111  GCF_013372185.1    0.00%    passed     98.55%
 112  GCF_013372205.1    0.00%    passed     99.89%
 113  GCF_013372265.1    0.00%    passed     85.32%
 114  GCF_014253065.1    0.00%    passed     99.91%
 115  GCF_014466985.1    0.00%    passed     73.19%
 116  GCF_014905095.1    0.00%    passed     99.88%
 117  GCF_014905115.1    0.00%    passed     99.95%
 118  GCF_014905135.1    0.00%    passed     99.85%
 119  GCF_015100395.1    0.00%    passed     60.51%
 120  GCF_015265455.1    0.00%    passed     91.73%
 121  GCF_015265475.1    0.00%    passed     96.30%
 122  GCF_016106035.1    0.00%    passed     93.62%
 123  GCF_016593255.1    0.00%    passed     99.93%
 124  GCF_016806695.1    0.00%    passed     99.83%
 125  GCF_016937535.1    0.00%    passed     99.98%
 126  GCF_017357825.1    0.00%    passed     99.79%
 127  GCF_017979425.1    0.00%    passed     99.92%
 128  GCF_017979475.1    0.00%    passed     99.87%
 129  GCF_018145655.1    0.00%    passed     99.97%
 130  GCF_019711685.1    0.00%    passed     99.99%
 131  GCF_021300615.1    0.00%    passed     99.93%
 132  GCF_021300655.1    0.00%    passed     99.58%
 133  GCF_023646285.1    0.00%    passed     99.89%
 134  GCF_024267655.1    0.00%    passed     94.92%
 135  GCF_025770725.1    0.00%    passed    100.00%
 136  GCF_026000295.1    0.00%    passed    100.00%
 137  GCF_027859255.1    0.00%    passed     99.81%
 138  GCF_027943725.1    0.00%    passed     85.69%
 139  GCF_027946175.1    0.00%    passed     94.90%
 140  GCF_028649595.1    0.00%    passed     98.31%
 141  GCF_028751035.1    0.00%    passed     99.98%
 142  GCF_030249845.1    0.00%    passed     99.90%
 143  GCF_030296055.1    0.00%    passed     99.98%
 144  GCF_900115615.1    0.00%    passed     99.89%
 145  GCF_900187115.1    0.00%    passed     72.92%
 146  GCF_900461455.1    0.00%    passed     99.91%
 147  GCF_900475935.1    0.00%    passed     99.93%
 148  GCF_900476215.1    0.00%    passed     99.92%
 149  GCF_900478295.1    0.00%    passed     99.99%
 150  GCF_900637395.1    0.00%    passed     98.82%
 151  GCF_905120465.1    0.00%    passed    100.00%
 152  GCF_905120475.1    0.00%    passed     99.66%
****  TOTAL              0.00%  1 sequences failed composition chi2 test (p-value<5%; df=17)
Reading alignment file gene_order/flagellar_trees/trimmed/flif.faa ... Fasta format detected
Reading fasta file: done in 0.000640221 secs using 2432% CPU
Alignment most likely contains protein sequences
Alignment has 153 sequences with 501 columns, 497 distinct patterns
469 parsimony-informative, 7 singleton sites, 25 constant sites
                 Gap/Ambiguity  Composition  p-value
Analyzing sequences: done in 1.44187e-05 secs using 5340% CPU
   1  GCF_000012965.1    6.19%    passed     98.08%
   2  GCF_000021725.1    6.59%    passed     58.06%
   3  GCF_000024885.1    6.19%    passed     99.99%
   4  GCF_000092245.1    5.39%    passed     27.54%
   5  GCF_000147355.1    6.19%    passed     85.63%
   6  GCF_000155475.1    6.59%    passed     57.14%
   7  GCF_000162575.1    6.39%    passed     87.59%
   8  GCF_000183725.1    6.39%    passed     39.96%
   9  GCF_000194135.1    7.19%    failed      0.01%
  10  GCF_000196135.1    6.39%    passed     80.27%
  11  GCF_000200595.1    6.59%    passed     99.16%
  12  GCF_000242915.1    6.19%    passed     98.63%
  13  GCF_000254135.1    6.39%    passed     98.84%
  14  GCF_000259275.1    6.59%    passed     55.67%
  15  GCF_000265295.1    5.99%    passed     99.65%
  16  GCF_000420385.1    7.58%    failed      0.06%
  17  GCF_000445475.1    6.19%    passed     94.27%
  18  GCF_000507845.1    5.99%    passed     71.43%
  19  GCF_000518225.1    6.59%    passed     99.79%
  20  GCF_000568815.1    6.19%    passed     99.98%
  21  GCF_000597725.1    6.19%    passed     98.78%
  22  GCF_000686565.1    6.59%    passed     54.59%
  23  GCF_000687535.1    6.39%    passed     97.90%
  24  GCF_000736415.1    6.19%    passed     98.28%
  25  GCF_000744435.1    7.58%    failed      0.06%
  26  GCF_000762845.2    6.59%    passed     19.01%
  27  GCF_000762875.2    6.59%    passed     56.74%
  28  GCF_000763135.2    6.59%    passed     77.41%
  29  GCF_000765805.2    6.59%    passed     61.01%
  30  GCF_000765905.2    6.59%    passed     72.53%
  31  GCF_000813325.1    6.19%    passed     99.99%
  32  GCF_000816185.1    6.19%    passed     94.99%
  33  GCF_000816305.1    6.19%    passed     97.69%
  34  GCF_000816785.1    6.19%    passed     85.53%
  35  GCF_001282945.1    6.59%    passed     87.83%
  36  GCF_001283065.1    6.79%    passed     99.54%
  37  GCF_001298465.1    6.19%    passed     99.98%
  38  GCF_001457695.1    6.39%    passed     99.72%
  39  GCF_001602095.1    6.19%    passed     58.53%
  40  GCF_001687475.2    6.39%    passed     97.20%
  41  GCF_001693335.1    6.79%    passed     82.00%
  42  GCF_001723605.1    6.19%    passed    100.00%
  43  GCF_001956695.1    4.99%    passed     36.62%
  44  GCF_002021925.1    6.19%    passed     99.41%
  45  GCF_002080395.1    6.39%    passed     89.30%
  46  GCF_002104335.1    6.39%    passed     89.82%
  47  GCF_002119425.1    8.18%    passed     69.72%
  48  GCF_002139855.1    6.39%    passed     99.30%
  49  GCF_002139875.1    6.19%    passed     99.34%
  50  GCF_002139915.1    6.19%    passed     95.89%
  51  GCF_002139935.1    6.19%    passed     99.39%
  52  GCF_002238335.1    6.19%    passed     44.04%
  53  GCF_002335445.1    6.59%    passed     31.39%
  54  GCF_002837275.1    4.99%    passed     11.94%
  55  GCF_003063245.1    4.99%    passed     37.54%
  56  GCF_003063295.1    4.99%    passed     45.12%
  57  GCF_003245365.1    6.59%    passed     98.86%
  58  GCF_003316695.1    4.99%    passed     76.04%
  59  GCF_003346775.1    4.99%    passed     44.65%
  60  GCF_003346815.1    5.59%    passed      8.56%
  61  GCF_003355515.1    4.99%    passed     32.90%
  62  GCF_003364195.1    6.59%    passed     93.53%
  63  GCF_003364205.1    6.79%    passed     99.82%
  64  GCF_003364215.1    6.79%    passed     99.21%
  65  GCF_003364255.1    6.59%    passed     35.77%
  66  GCF_003364335.1    6.59%    passed     89.98%
  67  GCF_003544815.1    4.99%    passed     41.14%
  68  GCF_003544835.1    4.99%    passed     62.56%
  69  GCF_003544855.1    4.99%    passed     18.89%
  70  GCF_003544915.1    4.99%    passed     27.05%
  71  GCF_003544935.1    5.19%    passed     56.72%
  72  GCF_003660105.1    4.99%    passed     19.73%
  73  GCF_003660265.1    6.59%    passed     81.93%
  74  GCF_003660285.1    6.59%    passed     95.91%
  75  GCF_003660395.1    6.59%    passed     98.47%
  76  GCF_003667345.1    4.99%    passed     22.45%
  77  GCF_003670275.1    6.59%    passed     54.57%
  78  GCF_003752135.1    6.59%    passed     66.08%
  79  GCF_004214795.1    4.99%    passed     51.68%
  80  GCF_004214815.1    4.99%    passed     72.66%
  81  GCF_004299785.2    4.99%    passed     67.30%
  82  GCF_004323845.1    6.39%    passed     96.81%
  83  GCF_004803795.1    6.19%    failed      0.01%
  84  GCF_004803815.1    6.19%    passed     97.91%
  85  GCF_005217605.1    6.19%    passed     84.56%
  86  GCF_005406215.1    6.39%    passed     98.02%
  87  GCF_005406225.1    6.39%    passed     99.92%
  88  GCF_005771535.1    4.99%    passed     30.94%
  89  GCF_005843985.1    6.59%    passed     29.27%
  90  GCF_006459125.1    4.99%    passed     65.51%
  91  GCF_006864425.1    6.19%    passed     12.30%
  92  GCF_008245005.1    5.99%    passed     99.74%
  93  GCF_008245045.1    6.19%    passed     95.24%
  94  GCF_008693005.1    5.99%    passed     59.06%
  95  GCF_009068765.1    6.19%    passed     91.19%
  96  GCF_009192995.1    6.19%    passed     73.07%
  97  GCF_009258225.1    6.19%    passed     96.88%
  98  GCF_011769985.2   11.98%    passed     99.87%
  99  GCF_013177635.1    4.99%    passed     30.72%
 100  GCF_013177655.1    6.39%    passed     90.35%
 101  GCF_013201605.1    6.19%    passed     94.28%
 102  GCF_013201625.1    4.99%    passed     76.97%
 103  GCF_013201665.1    5.19%    passed     34.44%
 104  GCF_013201705.1    4.99%    passed     50.81%
 105  GCF_013201725.1    4.99%    passed     34.44%
 106  GCF_013201825.1    4.99%    passed     65.21%
 107  GCF_013201935.1    4.99%    passed     34.07%
 108  GCF_013283835.1    4.99%    passed     69.95%
 109  GCF_013372105.1    6.19%    passed     92.96%
 110  GCF_013372125.1    6.19%    passed     99.83%
 111  GCF_013372145.1    6.19%    passed     98.50%
 112  GCF_013372185.1    6.19%    passed     96.24%
 113  GCF_013372205.1    6.19%    passed     99.54%
 114  GCF_013372265.1    4.99%    passed     56.09%
 115  GCF_014253065.1    6.19%    passed     94.79%
 116  GCF_014466985.1    7.78%    passed     68.12%
 117  GCF_014905095.1    6.19%    passed     87.77%
 118  GCF_014905115.1    6.19%    passed     93.29%
 119  GCF_014905135.1    7.98%    passed     77.80%
 120  GCF_015100395.1    7.58%    failed      1.41%
 121  GCF_015265455.1    6.19%    passed     88.35%
 122  GCF_015265475.1    6.19%    passed     91.21%
 123  GCF_016106035.1    4.99%    passed     51.37%
 124  GCF_016593255.1    6.59%    passed     52.11%
 125  GCF_016806695.1    6.39%    passed     97.59%
 126  GCF_016937535.1    6.39%    passed     54.51%
 127  GCF_017357825.1    6.19%    passed     56.76%
 128  GCF_017979425.1    6.59%    passed     98.92%
 129  GCF_017979475.1    6.39%    passed     97.03%
 130  GCF_018145655.1    6.19%    passed     98.07%
 131  GCF_019711685.1    6.39%    passed     97.22%
 132  GCF_021300615.1    6.79%    passed     97.63%
 133  GCF_021300655.1    6.59%    passed     96.93%
 134  GCF_023646285.1    6.39%    passed     93.05%
 135  GCF_024267655.1    4.99%    passed     42.45%
 136  GCF_025770725.1    6.19%    passed     99.91%
 137  GCF_026000295.1    6.59%    passed     82.89%
 138  GCF_027859255.1    6.39%    passed     93.06%
 139  GCF_027943725.1    7.58%    passed     23.53%
 140  GCF_027946175.1    8.58%    passed     13.00%
 141  GCF_028649595.1    5.59%    passed     88.92%
 142  GCF_028751035.1    6.39%    passed     98.24%
 143  GCF_030249845.1    6.19%    passed     99.34%
 144  GCF_030296055.1    6.59%    passed     49.76%
 145  GCF_900115615.1    6.59%    passed     56.08%
 146  GCF_900187115.1    4.99%    passed     66.29%
 147  GCF_900461455.1    6.59%    passed     60.63%
 148  GCF_900475935.1    6.19%    passed     84.05%
 149  GCF_900476215.1    6.19%    passed     90.27%
 150  GCF_900478295.1    6.59%    passed     80.68%
 151  GCF_900637395.1    6.39%    passed     69.76%
 152  GCF_905120465.1    6.19%    passed     99.94%
 153  GCF_905120475.1    6.19%    passed     99.86%
****  TOTAL              6.19%  5 sequences failed composition chi2 test (p-value<5%; df=19)
Reading alignment file gene_order/flagellar_trees/trimmed/flig.faa ... Fasta format detected
Reading fasta file: done in 0.000425646 secs using 99.85% CPU
Alignment most likely contains protein sequences
Alignment has 152 sequences with 341 columns, 328 distinct patterns
314 parsimony-informative, 3 singleton sites, 24 constant sites
                 Gap/Ambiguity  Composition  p-value
Analyzing sequences: done in 1.10511e-05 secs using 4135% CPU
   1  GCF_000012965.1    0.29%    passed     89.04%
   2  GCF_000021725.1    0.29%    passed     43.77%
   3  GCF_000024885.1    0.00%    passed     99.99%
   4  GCF_000092245.1    2.05%    passed     99.09%
   5  GCF_000147355.1    0.00%    passed     80.52%
   6  GCF_000155475.1    0.00%    passed     98.99%
   7  GCF_000162575.1    0.00%    passed     98.58%
   8  GCF_000194135.1    0.29%    passed     61.11%
   9  GCF_000196135.1    0.29%    passed     99.18%
  10  GCF_000200595.1    0.00%    passed     99.89%
  11  GCF_000242915.1    0.29%    passed     97.37%
  12  GCF_000254135.1    0.00%    passed    100.00%
  13  GCF_000259275.1    0.00%    passed     98.45%
  14  GCF_000265295.1    0.00%    passed     99.99%
  15  GCF_000420385.1    0.00%    passed     39.92%
  16  GCF_000445475.1    0.29%    passed     99.26%
  17  GCF_000507845.1    0.29%    passed     97.85%
  18  GCF_000518225.1    0.00%    passed     88.70%
  19  GCF_000568815.1    0.00%    passed     99.98%
  20  GCF_000597725.1    0.00%    passed     99.98%
  21  GCF_000686565.1    0.00%    passed     41.27%
  22  GCF_000687535.1    0.00%    passed     97.58%
  23  GCF_000736415.1    0.00%    passed     99.48%
  24  GCF_000744435.1    0.00%    passed     47.85%
  25  GCF_000762845.2    0.00%    passed     92.84%
  26  GCF_000762875.2    0.00%    passed     99.84%
  27  GCF_000763135.2    0.00%    passed     99.09%
  28  GCF_000765805.2    0.00%    passed     99.48%
  29  GCF_000765905.2    0.00%    passed     99.95%
  30  GCF_000813325.1    0.00%    passed    100.00%
  31  GCF_000816185.1    0.00%    passed     99.99%
  32  GCF_000816305.1    0.00%    passed    100.00%
  33  GCF_000816785.1    0.00%    passed    100.00%
  34  GCF_001282945.1    0.00%    passed     99.90%
  35  GCF_001283065.1    0.00%    passed     99.81%
  36  GCF_001298465.1    0.00%    passed    100.00%
  37  GCF_001457695.1    0.00%    passed    100.00%
  38  GCF_001602095.1    0.00%    failed      0.00%
  39  GCF_001687475.2    0.00%    passed    100.00%
  40  GCF_001693335.1    0.00%    passed     99.89%
  41  GCF_001723605.1    0.00%    passed     99.99%
  42  GCF_001956695.1    2.35%    passed     71.41%
  43  GCF_002021925.1    0.00%    passed     99.96%
  44  GCF_002080395.1    0.00%    passed    100.00%
  45  GCF_002104335.1    0.00%    passed    100.00%
  46  GCF_002119425.1    0.00%    passed     11.30%
  47  GCF_002139855.1    0.29%    passed     99.94%
  48  GCF_002139875.1    0.29%    passed     99.94%
  49  GCF_002139915.1    0.29%    passed     99.95%
  50  GCF_002139935.1    0.00%    passed     99.85%
  51  GCF_002238335.1    0.00%    passed    100.00%
  52  GCF_002335445.1    0.29%    passed     50.38%
  53  GCF_002837275.1    1.76%    passed     15.28%
  54  GCF_003063245.1    1.76%    passed     84.18%
  55  GCF_003063295.1    1.47%    passed     80.78%
  56  GCF_003245365.1    0.00%    passed     97.04%
  57  GCF_003316695.1    1.47%    passed     97.15%
  58  GCF_003346775.1    1.76%    passed     16.35%
  59  GCF_003346815.1    1.76%    failed      0.74%
  60  GCF_003355515.1    1.47%    passed     91.33%
  61  GCF_003364195.1    0.00%    passed     99.52%
  62  GCF_003364205.1    0.00%    passed     94.86%
  63  GCF_003364215.1    0.00%    passed     90.25%
  64  GCF_003364255.1    0.00%    passed     98.58%
  65  GCF_003364335.1    0.00%    passed     97.25%
  66  GCF_003544815.1    1.76%    passed     81.88%
  67  GCF_003544835.1    1.47%    passed     97.83%
  68  GCF_003544855.1    1.76%    passed     85.03%
  69  GCF_003544915.1    1.76%    passed     77.57%
  70  GCF_003544935.1    1.76%    failed      1.58%
  71  GCF_003660105.1    1.47%    passed     86.35%
  72  GCF_003660265.1    4.69%    passed     99.71%
  73  GCF_003660285.1    0.00%    passed     99.98%
  74  GCF_003660395.1    0.00%    passed     99.98%
  75  GCF_003667345.1    2.35%    passed     43.43%
  76  GCF_003670275.1    0.00%    passed     99.50%
  77  GCF_003752135.1    0.29%    passed     70.47%
  78  GCF_004214795.1    1.76%    passed     86.01%
  79  GCF_004214815.1    1.47%    passed     95.50%
  80  GCF_004299785.2    1.47%    passed     95.18%
  81  GCF_004323845.1    0.00%    passed    100.00%
  82  GCF_004803795.1    0.00%    passed     99.90%
  83  GCF_004803815.1    0.00%    passed    100.00%
  84  GCF_005217605.1    0.29%    passed     93.98%
  85  GCF_005406215.1    0.00%    passed    100.00%
  86  GCF_005406225.1    0.00%    passed    100.00%
  87  GCF_005771535.1    2.05%    passed     10.41%
  88  GCF_005843985.1    0.29%    passed     72.50%
  89  GCF_006459125.1    2.05%    failed      4.49%
  90  GCF_006864425.1    0.00%    passed    100.00%
  91  GCF_008245005.1    0.00%    passed     99.87%
  92  GCF_008245045.1    0.00%    passed    100.00%
  93  GCF_008693005.1    0.00%    passed     98.78%
  94  GCF_009068765.1    0.00%    passed     88.04%
  95  GCF_009192995.1    0.00%    passed     84.84%
  96  GCF_009258225.1    0.29%    passed     98.37%
  97  GCF_011769985.2    0.00%    passed     99.96%
  98  GCF_013177635.1    1.47%    passed     73.94%
  99  GCF_013177655.1    0.00%    passed     84.38%
 100  GCF_013201605.1    0.00%    passed    100.00%
 101  GCF_013201625.1    1.47%    passed     95.69%
 102  GCF_013201665.1    1.47%    passed     84.25%
 103  GCF_013201705.1    2.05%    passed     95.65%
 104  GCF_013201725.1    2.05%    passed     88.70%
 105  GCF_013201825.1    2.05%    passed     10.12%
 106  GCF_013201935.1    1.47%    passed     77.05%
 107  GCF_013283835.1    1.76%    passed     66.68%
 108  GCF_013372105.1    0.00%    passed    100.00%
 109  GCF_013372125.1    0.00%    passed     99.99%
 110  GCF_013372145.1    0.00%    passed     99.59%
 111  GCF_013372185.1    0.00%    passed    100.00%
 112  GCF_013372205.1    4.69%    passed     99.91%
 113  GCF_013372265.1    2.05%    passed     97.29%
 114  GCF_014253065.1    0.00%    passed    100.00%
 115  GCF_014466985.1    2.05%    failed      0.27%
 116  GCF_014905095.1    0.00%    passed     88.69%
 117  GCF_014905115.1    0.00%    passed     91.83%
 118  GCF_014905135.1    0.29%    passed     82.21%
 119  GCF_015100395.1    1.76%    failed      0.01%
 120  GCF_015265455.1    0.29%    passed     96.61%
 121  GCF_015265475.1    0.29%    passed     95.57%
 122  GCF_016106035.1    2.93%    passed     81.09%
 123  GCF_016593255.1    0.29%    passed     99.77%
 124  GCF_016806695.1    0.00%    passed    100.00%
 125  GCF_016937535.1    0.00%    passed     99.76%
 126  GCF_017357825.1    0.00%    passed     97.06%
 127  GCF_017979425.1    0.00%    passed     99.85%
 128  GCF_017979475.1    0.00%    passed     93.78%
 129  GCF_018145655.1    0.00%    passed     99.96%
 130  GCF_019711685.1    0.00%    passed     97.40%
 131  GCF_021300615.1    0.00%    passed     99.66%
 132  GCF_021300655.1    0.00%    passed     94.47%
 133  GCF_023646285.1    0.00%    passed     98.82%
 134  GCF_024267655.1    1.17%    passed     92.85%
 135  GCF_025770725.1    0.00%    passed     99.99%
 136  GCF_026000295.1    0.00%    passed     99.93%
 137  GCF_027859255.1    0.00%    passed     97.16%
 138  GCF_027943725.1    2.35%    failed      1.14%
 139  GCF_027946175.1    2.05%    failed      0.04%
 140  GCF_028649595.1    0.00%    passed     99.87%
 141  GCF_028751035.1    0.00%    passed     97.94%
 142  GCF_030249845.1    0.00%    passed     99.61%
 143  GCF_030296055.1    4.69%    passed     99.85%
 144  GCF_900115615.1    0.00%    passed     97.85%
 145  GCF_900187115.1    1.47%    passed     72.40%
 146  GCF_900461455.1    0.00%    passed     99.51%
 147  GCF_900475935.1    0.00%    passed     99.76%
 148  GCF_900476215.1    0.00%    passed     99.93%
 149  GCF_900478295.1    0.00%    passed     96.04%
 150  GCF_900637395.1    0.00%    passed    100.00%
 151  GCF_905120465.1    2.64%    passed     99.94%
 152  GCF_905120475.1    0.29%    passed     99.99%
****  TOTAL              0.59%  8 sequences failed composition chi2 test (p-value<5%; df=19)
Reading alignment file gene_order/flagellar_trees/trimmed/flih.faa ... Fasta format detected
Reading fasta file: done in 0.000217821 secs using 6956% CPU
Alignment most likely contains protein sequences
Alignment has 147 sequences with 150 columns, 150 distinct patterns
146 parsimony-informative, 0 singleton sites, 4 constant sites
                 Gap/Ambiguity  Composition  p-value
Analyzing sequences: done in 1.83806e-05 secs using 2998% CPU
   1  GCF_000012965.1    1.33%    passed     99.34%
   2  GCF_000021725.1    2.00%    passed     79.82%
   3  GCF_000024885.1    1.33%    passed     93.39%
   4  GCF_000092245.1    1.33%    passed     58.24%
   5  GCF_000147355.1    1.33%    passed     99.73%
   6  GCF_000155475.1    1.33%    passed     98.01%
   7  GCF_000162575.1    1.33%    passed     99.69%
   8  GCF_000183725.1    1.33%    passed     89.65%
   9  GCF_000194135.1    5.33%    passed     95.26%
  10  GCF_000196135.1    1.33%    passed     97.59%
  11  GCF_000200595.1    1.33%    passed     69.31%
  12  GCF_000242915.1    1.33%    passed     97.75%
  13  GCF_000254135.1    1.33%    passed     94.08%
  14  GCF_000259275.1    1.33%    passed     92.64%
  15  GCF_000265295.1    1.33%    passed     97.07%
  16  GCF_000420385.1    5.33%    passed     88.97%
  17  GCF_000445475.1    1.33%    passed     98.46%
  18  GCF_000507845.1    1.33%    passed     90.81%
  19  GCF_000518225.1    1.33%    passed     46.58%
  20  GCF_000568815.1    1.33%    passed     94.65%
  21  GCF_000597725.1    1.33%    passed     91.52%
  22  GCF_000686565.1    1.33%    passed     95.74%
  23  GCF_000687535.1    1.33%    passed     90.80%
  24  GCF_000736415.1    1.33%    passed     99.39%
  25  GCF_000744435.1    5.33%    passed     96.11%
  26  GCF_000762845.2    1.33%    passed     99.86%
  27  GCF_000762875.2    1.33%    passed     74.22%
  28  GCF_000763135.2    1.33%    passed     99.87%
  29  GCF_000765805.2    1.33%    passed     99.02%
  30  GCF_000765905.2    1.33%    passed     88.31%
  31  GCF_000813325.1    1.33%    passed     98.75%
  32  GCF_000816185.1    1.33%    passed     70.79%
  33  GCF_000816305.1    1.33%    passed     86.50%
  34  GCF_000816785.1    1.33%    passed     47.40%
  35  GCF_001282945.1    1.33%    passed     75.49%
  36  GCF_001283065.1    1.33%    passed     77.60%
  37  GCF_001298465.1    1.33%    passed     99.92%
  38  GCF_001457695.1    1.33%    passed     98.44%
  39  GCF_001602095.1    1.33%    passed     99.83%
  40  GCF_001687475.2    1.33%    passed     90.16%
  41  GCF_001693335.1    1.33%    passed     24.90%
  42  GCF_001956695.1    1.33%    passed     98.14%
  43  GCF_002021925.1    1.33%    passed     99.97%
  44  GCF_002080395.1    1.33%    passed     96.38%
  45  GCF_002104335.1    1.33%    passed     77.78%
  46  GCF_002119425.1   14.67%    passed      8.72%
  47  GCF_002139855.1    1.33%    passed     99.10%
  48  GCF_002139875.1    1.33%    passed     99.98%
  49  GCF_002139915.1    1.33%    passed     99.76%
  50  GCF_002139935.1    1.33%    passed     99.98%
  51  GCF_002238335.1    1.33%    passed     98.40%
  52  GCF_002335445.1    2.00%    passed     43.19%
  53  GCF_002837275.1    1.33%    passed     82.40%
  54  GCF_003063245.1    1.33%    passed     99.88%
  55  GCF_003063295.1    1.33%    passed     93.66%
  56  GCF_003245365.1    1.33%    passed     99.46%
  57  GCF_003316695.1    1.33%    passed     92.36%
  58  GCF_003346775.1    1.33%    passed     99.78%
  59  GCF_003346815.1    1.33%    passed     96.97%
  60  GCF_003355515.1    1.33%    passed     84.44%
  61  GCF_003364195.1    1.33%    passed     98.13%
  62  GCF_003364205.1    1.33%    passed     21.94%
  63  GCF_003364215.1    1.33%    passed     44.18%
  64  GCF_003364255.1    1.33%    passed     99.72%
  65  GCF_003364335.1    1.33%    passed     44.78%
  66  GCF_003544815.1    1.33%    passed     99.96%
  67  GCF_003544835.1    1.33%    passed     96.71%
  68  GCF_003544855.1    1.33%    passed     98.58%
  69  GCF_003544915.1    1.33%    passed     99.47%
  70  GCF_003544935.1    1.33%    passed     96.52%
  71  GCF_003660105.1    1.33%    passed     91.70%
  72  GCF_003660285.1    1.33%    passed     68.02%
  73  GCF_003660395.1    1.33%    passed     66.15%
  74  GCF_003667345.1    1.33%    passed     97.94%
  75  GCF_003670275.1    1.33%    passed     96.86%
  76  GCF_003752135.1    1.33%    passed     98.43%
  77  GCF_004214795.1    1.33%    passed     85.74%
  78  GCF_004214815.1    1.33%    passed     99.84%
  79  GCF_004299785.2    1.33%    passed     99.97%
  80  GCF_004323845.1    1.33%    passed     38.84%
  81  GCF_004803795.1    1.33%    passed     33.27%
  82  GCF_004803815.1    1.33%    passed     46.48%
  83  GCF_005217605.1    1.33%    passed     99.01%
  84  GCF_005406215.1    1.33%    passed     72.49%
  85  GCF_005406225.1    1.33%    passed     92.05%
  86  GCF_005771535.1    1.33%    passed     90.12%
  87  GCF_005843985.1    1.33%    passed     75.60%
  88  GCF_006459125.1    1.33%    passed     99.87%
  89  GCF_006864425.1    1.33%    passed     99.78%
  90  GCF_008245005.1    1.33%    passed     99.63%
  91  GCF_008245045.1    1.33%    passed     47.93%
  92  GCF_008693005.1    1.33%    passed     70.85%
  93  GCF_009068765.1    1.33%    passed     99.35%
  94  GCF_009192995.1    1.33%    passed     97.73%
  95  GCF_009258225.1    1.33%    passed     56.79%
  96  GCF_011769985.2    1.33%    passed     89.63%
  97  GCF_013177635.1    1.33%    passed    100.00%
  98  GCF_013177655.1    0.67%    passed     25.20%
  99  GCF_013201605.1    1.33%    passed     85.77%
 100  GCF_013201625.1    1.33%    passed     95.13%
 101  GCF_013201665.1    1.33%    passed     99.78%
 102  GCF_013201705.1    1.33%    passed     99.63%
 103  GCF_013201725.1    1.33%    passed     99.36%
 104  GCF_013201825.1    1.33%    passed     99.76%
 105  GCF_013201935.1    1.33%    passed     99.98%
 106  GCF_013283835.1    1.33%    passed     99.22%
 107  GCF_013372105.1    1.33%    passed     74.62%
 108  GCF_013372125.1    1.33%    passed     97.96%
 109  GCF_013372145.1    1.33%    passed     56.05%
 110  GCF_013372185.1    1.33%    passed     68.44%
 111  GCF_013372205.1    1.33%    passed     90.72%
 112  GCF_013372265.1    1.33%    passed     99.66%
 113  GCF_014253065.1    1.33%    passed     47.03%
 114  GCF_014905095.1    1.33%    passed     99.99%
 115  GCF_014905115.1    1.33%    passed     98.78%
 116  GCF_014905135.1    1.33%    passed     84.23%
 117  GCF_015265455.1    1.33%    passed     88.56%
 118  GCF_015265475.1    1.33%    passed     96.87%
 119  GCF_016106035.1    1.33%    passed     92.20%
 120  GCF_016593255.1    1.33%    failed      0.05%
 121  GCF_016806695.1    1.33%    passed     90.15%
 122  GCF_016937535.1    1.33%    passed     66.90%
 123  GCF_017357825.1    1.33%    passed     46.65%
 124  GCF_017979425.1    1.33%    passed     70.67%
 125  GCF_017979475.1    1.33%    passed     97.69%
 126  GCF_018145655.1    1.33%    passed     88.18%
 127  GCF_019711685.1    1.33%    passed     91.26%
 128  GCF_021300615.1    1.33%    passed     66.99%
 129  GCF_021300655.1    1.33%    passed     18.85%
 130  GCF_023646285.1    1.33%    passed     99.88%
 131  GCF_024267655.1    1.33%    passed     96.03%
 132  GCF_025770725.1    1.33%    passed     94.91%
 133  GCF_026000295.1    1.33%    passed     74.22%
 134  GCF_027859255.1    1.33%    passed     89.35%
 135  GCF_028649595.1    1.33%    passed     99.84%
 136  GCF_028751035.1    1.33%    passed     98.07%
 137  GCF_030249845.1    1.33%    passed     95.67%
 138  GCF_030296055.1    1.33%    passed     38.42%
 139  GCF_900115615.1    1.33%    passed     61.29%
 140  GCF_900187115.1    1.33%    passed     96.92%
 141  GCF_900461455.1    1.33%    passed     84.80%
 142  GCF_900475935.1    1.33%    passed     99.96%
 143  GCF_900476215.1    1.33%    passed     28.01%
 144  GCF_900478295.1    1.33%    passed     97.05%
 145  GCF_900637395.1    1.33%    passed     94.24%
 146  GCF_905120465.1    1.33%    passed     98.08%
 147  GCF_905120475.1    1.33%    passed     78.80%
****  TOTAL              1.51%  1 sequences failed composition chi2 test (p-value<5%; df=19)
Reading alignment file gene_order/flagellar_trees/trimmed/flii.faa ... Fasta format detected
Reading fasta file: done in 0.000519499 secs using 2790% CPU
Alignment most likely contains protein sequences
Alignment has 150 sequences with 428 columns, 364 distinct patterns
335 parsimony-informative, 13 singleton sites, 80 constant sites
                 Gap/Ambiguity  Composition  p-value
Analyzing sequences: done in 2.2254e-05 secs using 1815% CPU
   1  GCF_000012965.1    0.00%    passed     99.93%
   2  GCF_000024885.1    0.00%    passed     99.88%
   3  GCF_000092245.1    0.00%    passed     99.85%
   4  GCF_000147355.1    0.00%    passed     99.08%
   5  GCF_000155475.1    0.00%    passed     96.25%
   6  GCF_000162575.1    0.00%    passed     97.33%
   7  GCF_000183725.1    0.00%    passed     80.20%
   8  GCF_000194135.1    0.00%    passed     18.42%
   9  GCF_000196135.1    0.00%    passed     71.15%
  10  GCF_000200595.1    0.00%    passed     13.77%
  11  GCF_000242915.1    0.00%    passed     94.30%
  12  GCF_000254135.1    0.00%    passed     98.92%
  13  GCF_000259275.1    0.00%    passed     70.43%
  14  GCF_000265295.1    0.00%    passed     99.99%
  15  GCF_000420385.1    0.00%    passed     43.27%
  16  GCF_000445475.1    0.00%    passed     99.03%
  17  GCF_000507845.1    0.00%    passed     89.57%
  18  GCF_000518225.1    0.00%    passed     11.92%
  19  GCF_000568815.1    0.00%    passed     99.47%
  20  GCF_000597725.1    0.00%    passed     94.04%
  21  GCF_000686565.1    0.00%    passed     97.97%
  22  GCF_000687535.1    0.00%    passed     97.28%
  23  GCF_000736415.1    0.00%    passed     97.77%
  24  GCF_000744435.1    0.00%    passed     21.34%
  25  GCF_000762845.2    0.00%    passed     57.58%
  26  GCF_000762875.2    0.00%    passed     87.68%
  27  GCF_000763135.2    0.00%    passed     42.37%
  28  GCF_000765805.2    0.00%    passed     90.00%
  29  GCF_000765905.2    0.00%    passed     97.90%
  30  GCF_000813325.1    0.00%    passed     99.97%
  31  GCF_000816185.1    0.00%    passed     99.81%
  32  GCF_000816305.1    0.00%    passed     99.43%
  33  GCF_000816785.1    0.00%    passed     98.94%
  34  GCF_001282945.1    0.00%    passed     14.58%
  35  GCF_001283065.1    0.00%    passed     13.64%
  36  GCF_001298465.1    0.00%    passed     99.98%
  37  GCF_001457695.1    0.00%    passed     98.93%
  38  GCF_001602095.1    0.00%    passed     80.05%
  39  GCF_001687475.2    0.00%    passed     98.49%
  40  GCF_001693335.1    0.00%    passed     55.81%
  41  GCF_001723605.1    0.00%    passed     99.39%
  42  GCF_001956695.1    0.00%    passed     99.94%
  43  GCF_002021925.1    0.00%    passed     99.61%
  44  GCF_002080395.1    0.00%    passed     99.31%
  45  GCF_002104335.1    0.00%    passed     98.87%
  46  GCF_002119425.1    0.00%    passed     94.75%
  47  GCF_002139855.1    0.00%    passed     97.28%
  48  GCF_002139875.1    0.00%    passed     97.97%
  49  GCF_002139915.1    0.00%    passed     98.44%
  50  GCF_002139935.1    0.00%    passed     99.57%
  51  GCF_002238335.1    0.00%    passed     99.60%
  52  GCF_002837275.1    0.00%    passed     99.81%
  53  GCF_003063245.1    0.00%    passed     99.76%
  54  GCF_003063295.1    0.00%    passed     97.02%
  55  GCF_003245365.1    0.00%    passed     99.30%
  56  GCF_003316695.1    0.00%    passed     76.78%
  57  GCF_003346775.1    0.00%    passed     99.98%
  58  GCF_003346815.1    0.00%    passed     99.34%
  59  GCF_003355515.1    0.00%    passed     79.30%
  60  GCF_003364195.1    0.00%    passed     97.94%
  61  GCF_003364205.1    0.00%    failed      2.87%
  62  GCF_003364215.1    0.00%    passed     82.88%
  63  GCF_003364255.1    0.00%    passed     91.77%
  64  GCF_003364335.1    0.00%    passed     93.75%
  65  GCF_003544815.1    0.00%    passed     98.38%
  66  GCF_003544835.1    0.00%    passed     78.56%
  67  GCF_003544855.1    0.00%    passed     99.68%
  68  GCF_003544915.1    0.00%    passed     89.41%
  69  GCF_003544935.1    0.00%    passed     99.93%
  70  GCF_003660105.1    0.00%    passed     77.09%
  71  GCF_003660265.1    0.00%    passed     20.53%
  72  GCF_003660285.1    0.00%    passed     14.01%
  73  GCF_003660395.1    0.00%    passed     12.66%
  74  GCF_003667345.1    0.00%    passed     99.86%
  75  GCF_003670275.1    0.00%    passed     93.21%
  76  GCF_003752135.1    0.00%    passed     97.97%
  77  GCF_004214795.1    0.00%    passed     99.50%
  78  GCF_004214815.1    0.00%    passed     90.77%
  79  GCF_004299785.2    0.00%    passed     95.22%
  80  GCF_004323845.1    0.00%    passed     98.59%
  81  GCF_004803795.1    0.00%    passed     99.91%
  82  GCF_004803815.1    0.00%    passed     99.87%
  83  GCF_005217605.1    0.00%    passed     99.96%
  84  GCF_005406215.1    0.00%    passed     99.94%
  85  GCF_005406225.1    0.00%    passed     99.97%
  86  GCF_005771535.1    0.00%    passed     98.89%
  87  GCF_005843985.1    0.47%    passed     61.34%
  88  GCF_006459125.1    0.00%    passed     99.95%
  89  GCF_006864425.1    0.00%    passed     99.56%
  90  GCF_008245005.1    0.00%    passed     99.91%
  91  GCF_008245045.1    0.00%    passed     99.76%
  92  GCF_008693005.1    0.00%    passed     70.74%
  93  GCF_009068765.1    0.00%    passed     91.78%
  94  GCF_009192995.1    0.00%    passed     99.55%
  95  GCF_009258225.1    0.00%    passed     99.66%
  96  GCF_011769985.2    0.00%    passed     98.79%
  97  GCF_013177635.1    0.00%    passed     97.28%
  98  GCF_013177655.1    0.00%    passed     99.02%
  99  GCF_013201605.1    0.00%    passed     99.88%
 100  GCF_013201625.1    0.00%    passed     89.73%
 101  GCF_013201665.1    0.00%    passed     99.74%
 102  GCF_013201705.1    0.00%    passed     97.93%
 103  GCF_013201725.1    0.00%    passed     97.17%
 104  GCF_013201825.1    0.00%    passed     99.93%
 105  GCF_013201935.1    0.00%    passed     95.80%
 106  GCF_013283835.1    0.00%    passed     99.77%
 107  GCF_013372105.1    0.00%    passed     99.75%
 108  GCF_013372125.1    0.00%    passed     99.85%
 109  GCF_013372145.1    0.00%    passed     96.98%
 110  GCF_013372185.1    0.00%    passed     99.80%
 111  GCF_013372205.1    0.00%    passed    100.00%
 112  GCF_013372265.1    0.00%    passed     91.18%
 113  GCF_014253065.1    0.00%    passed     99.93%
 114  GCF_014466985.1    1.17%    passed     23.24%
 115  GCF_014905095.1    0.00%    passed     99.49%
 116  GCF_014905115.1    0.00%    passed     93.03%
 117  GCF_014905135.1    0.00%    passed     99.18%
 118  GCF_015265455.1    0.00%    passed     99.87%
 119  GCF_015265475.1    0.00%    passed     99.76%
 120  GCF_016106035.1    0.00%    passed     99.45%
 121  GCF_016593255.1    0.00%    passed     57.52%
 122  GCF_016806695.1    0.00%    passed     91.15%
 123  GCF_016937535.1    0.00%    passed     99.34%
 124  GCF_017357825.1    0.00%    passed     94.90%
 125  GCF_017979425.1    0.00%    passed      9.30%
 126  GCF_017979475.1    0.00%    passed     91.50%
 127  GCF_018145655.1    0.00%    passed     99.97%
 128  GCF_019711685.1    0.00%    passed     94.21%
 129  GCF_021300615.1    0.00%    passed     87.16%
 130  GCF_021300655.1    0.00%    passed     33.41%
 131  GCF_023646285.1    0.00%    passed     93.64%
 132  GCF_024267655.1    0.00%    passed     99.94%
 133  GCF_025770725.1    0.00%    passed     98.94%
 134  GCF_026000295.1    0.00%    passed     13.14%
 135  GCF_027859255.1    0.00%    passed     99.84%
 136  GCF_027943725.1    1.17%    passed     48.26%
 137  GCF_027946175.1    1.17%    passed     55.12%
 138  GCF_028649595.1    0.00%    passed     99.45%
 139  GCF_028751035.1    0.00%    passed     96.73%
 140  GCF_030249845.1    0.00%    passed    100.00%
 141  GCF_030296055.1    0.00%    passed     77.08%
 142  GCF_900115615.1    0.00%    passed     97.28%
 143  GCF_900187115.1    0.00%    passed     98.60%
 144  GCF_900461455.1    0.00%    passed     55.94%
 145  GCF_900475935.1    0.00%    passed     95.20%
 146  GCF_900476215.1    0.00%    passed     99.49%
 147  GCF_900478295.1    0.00%    passed     50.02%
 148  GCF_900637395.1    0.00%    passed     99.14%
 149  GCF_905120465.1    0.00%    passed     99.87%
 150  GCF_905120475.1    0.00%    passed    100.00%
****  TOTAL              0.03%  1 sequences failed composition chi2 test (p-value<5%; df=19)
Reading alignment file gene_order/flagellar_trees/trimmed/flil.faa ... Fasta format detected
Reading fasta file: done in 0.000132771 secs using 99.42% CPU
Alignment most likely contains protein sequences
Alignment has 105 sequences with 126 columns, 123 distinct patterns
112 parsimony-informative, 6 singleton sites, 8 constant sites
                 Gap/Ambiguity  Composition  p-value
Analyzing sequences: done in 1.10576e-05 secs using 2324% CPU
   1  GCF_000012965.1    0.79%    passed     93.28%
   2  GCF_000021725.1    0.79%    passed     75.91%
   3  GCF_000024885.1    0.79%    passed     99.54%
   4  GCF_000147355.1    0.79%    passed     90.53%
   5  GCF_000155475.1    0.79%    passed     85.15%
   6  GCF_000162575.1    0.00%    passed     99.74%
   7  GCF_000183725.1    0.79%    passed     89.93%
   8  GCF_000196135.1    0.79%    passed    100.00%
   9  GCF_000200595.1    1.59%    passed     98.70%
  10  GCF_000242915.1    0.79%    passed     98.26%
  11  GCF_000254135.1    0.79%    passed     67.80%
  12  GCF_000259275.1    0.79%    passed     96.34%
  13  GCF_000265295.1    0.79%    passed     99.26%
  14  GCF_000445475.1    0.79%    passed     99.06%
  15  GCF_000507845.1    0.79%    passed     98.22%
  16  GCF_000518225.1    0.79%    passed     90.42%
  17  GCF_000568815.1    0.79%    passed     98.64%
  18  GCF_000597725.1    0.79%    passed     99.27%
  19  GCF_000687535.1    0.00%    passed     99.94%
  20  GCF_000736415.1    0.79%    passed     99.99%
  21  GCF_000762845.2    0.79%    passed     99.20%
  22  GCF_000763135.2    0.79%    passed     89.13%
  23  GCF_000813325.1    0.79%    passed     99.30%
  24  GCF_000816185.1    0.79%    passed     92.45%
  25  GCF_000816305.1    0.79%    passed     95.73%
  26  GCF_000816785.1    0.79%    passed     93.49%
  27  GCF_001282945.1    1.59%    passed     97.11%
  28  GCF_001283065.1    0.79%    passed     97.62%
  29  GCF_001298465.1    0.79%    passed     99.98%
  30  GCF_001457695.1    0.79%    passed     59.81%
  31  GCF_001602095.1    0.79%    passed     91.39%
  32  GCF_001687475.2    0.79%    passed     57.47%
  33  GCF_001693335.1    0.79%    passed     72.08%
  34  GCF_001723605.1    0.79%    passed     98.64%
  35  GCF_002021925.1    0.79%    passed     99.63%
  36  GCF_002080395.1    0.79%    passed     85.50%
  37  GCF_002104335.1    0.79%    passed     54.67%
  38  GCF_002139855.1    0.79%    passed     99.44%
  39  GCF_002139875.1    0.79%    passed     98.87%
  40  GCF_002139915.1    0.79%    passed     98.30%
  41  GCF_002139935.1    0.79%    passed     98.87%
  42  GCF_002238335.1    0.79%    passed     96.78%
  43  GCF_002335445.1    0.79%    passed     84.35%
  44  GCF_003245365.1    0.00%    passed     99.37%
  45  GCF_003364205.1    0.79%    passed     98.64%
  46  GCF_003364215.1    0.79%    passed     98.85%
  47  GCF_003364255.1    0.79%    passed     99.95%
  48  GCF_003660265.1    1.59%    passed     96.96%
  49  GCF_003660285.1    1.59%    passed     98.65%
  50  GCF_003660395.1    1.59%    passed     99.48%
  51  GCF_003670275.1    0.79%    passed     83.41%
  52  GCF_003752135.1    0.79%    passed     93.76%
  53  GCF_004323845.1    0.79%    passed     48.13%
  54  GCF_004803795.1    0.79%    passed     94.51%
  55  GCF_004803815.1    0.79%    passed     93.59%
  56  GCF_005217605.1    0.79%    passed     99.50%
  57  GCF_005406215.1    0.79%    passed     68.03%
  58  GCF_005406225.1    0.79%    passed     54.40%
  59  GCF_005843985.1    0.79%    passed     75.80%
  60  GCF_008245005.1    0.79%    passed     95.99%
  61  GCF_008245045.1    0.79%    passed     95.22%
  62  GCF_008693005.1    0.79%    passed     89.44%
  63  GCF_009068765.1    0.79%    passed     87.66%
  64  GCF_009192995.1    0.79%    passed     98.46%
  65  GCF_009258225.1    0.79%    passed     99.07%
  66  GCF_011769985.2    0.79%    passed     99.59%
  67  GCF_013177655.1    0.79%    passed     54.89%
  68  GCF_013201605.1    0.79%    passed     96.01%
  69  GCF_013372105.1    0.79%    passed     95.93%
  70  GCF_013372125.1    0.79%    passed     99.94%
  71  GCF_013372145.1    0.79%    passed     99.96%
  72  GCF_013372185.1    0.79%    passed     93.60%
  73  GCF_013372205.1    0.79%    passed     99.64%
  74  GCF_014253065.1    0.79%    passed     97.34%
  75  GCF_014905095.1    1.59%    passed     92.94%
  76  GCF_014905115.1    0.79%    passed     80.42%
  77  GCF_014905135.1    0.79%    passed     98.16%
  78  GCF_015265455.1    0.79%    passed     98.96%
  79  GCF_015265475.1    0.79%    passed     94.83%
  80  GCF_016593255.1    0.79%    passed     29.77%
  81  GCF_016806695.1    0.79%    passed     58.43%
  82  GCF_016937535.1    0.79%    passed     88.87%
  83  GCF_017357825.1    0.79%    passed     99.09%
  84  GCF_017979425.1    1.59%    passed     99.66%
  85  GCF_017979475.1    0.00%    passed     99.89%
  86  GCF_018145655.1    0.79%    passed    100.00%
  87  GCF_019711685.1    0.00%    passed     99.88%
  88  GCF_021300615.1    0.79%    passed     52.56%
  89  GCF_021300655.1    0.79%    passed     97.42%
  90  GCF_023646285.1    0.00%    passed     99.95%
  91  GCF_025770725.1    0.79%    passed     98.65%
  92  GCF_026000295.1    1.59%    passed     98.87%
  93  GCF_027859255.1    0.00%    passed     99.80%
  94  GCF_028649595.1    0.79%    passed     99.94%
  95  GCF_028751035.1    0.00%    passed     99.70%
  96  GCF_030249845.1    0.79%    passed     99.68%
  97  GCF_030296055.1    0.79%    passed     24.44%
  98  GCF_900115615.1    0.79%    passed     93.71%
  99  GCF_900461455.1    0.79%    passed     98.72%
 100  GCF_900475935.1    0.79%    passed     99.92%
 101  GCF_900476215.1    0.79%    passed     79.27%
 102  GCF_900478295.1    0.79%    passed     97.24%
 103  GCF_900637395.1    0.79%    passed     97.06%
 104  GCF_905120465.1    0.79%    passed     99.94%
 105  GCF_905120475.1    0.79%    passed     99.97%
****  TOTAL              0.79%  0 sequences failed composition chi2 test (p-value<5%; df=19)
Reading alignment file gene_order/flagellar_trees/trimmed/flim.faa ... Fasta format detected
Reading fasta file: done in 0.000400986 secs using 96.26% CPU
Alignment most likely contains protein sequences
Alignment has 152 sequences with 303 columns, 295 distinct patterns
275 parsimony-informative, 4 singleton sites, 24 constant sites
                 Gap/Ambiguity  Composition  p-value
Analyzing sequences: done in 1.07158e-05 secs using 5114% CPU
   1  GCF_000012965.1    1.65%    passed     97.23%
   2  GCF_000021725.1    1.65%    passed     99.92%
   3  GCF_000024885.1    1.65%    passed     99.98%
   4  GCF_000092245.1    1.32%    passed     18.48%
   5  GCF_000147355.1    1.65%    passed     98.54%
   6  GCF_000155475.1    1.65%    passed     96.46%
   7  GCF_000162575.1    1.65%    passed     99.82%
   8  GCF_000183725.1    1.65%    passed     95.86%
   9  GCF_000194135.1    8.25%    passed     47.32%
  10  GCF_000196135.1    1.65%    passed     97.29%
  11  GCF_000200595.1    1.65%    passed     95.17%
  12  GCF_000242915.1    1.65%    passed     95.98%
  13  GCF_000254135.1    1.65%    passed    100.00%
  14  GCF_000259275.1    1.65%    passed     98.59%
  15  GCF_000265295.1    1.65%    passed     99.96%
  16  GCF_000420385.1    7.59%    passed     16.06%
  17  GCF_000445475.1    1.65%    passed     94.78%
  18  GCF_000507845.1    1.65%    passed     99.93%
  19  GCF_000518225.1    1.65%    passed     97.58%
  20  GCF_000568815.1    1.65%    passed     99.98%
  21  GCF_000597725.1    1.65%    passed     99.99%
  22  GCF_000686565.1    1.65%    passed     93.18%
  23  GCF_000687535.1    1.65%    passed     98.58%
  24  GCF_000736415.1    1.65%    passed     99.97%
  25  GCF_000744435.1    8.25%    passed     25.27%
  26  GCF_000762845.2    1.65%    passed     99.09%
  27  GCF_000762875.2    1.65%    passed     94.56%
  28  GCF_000763135.2    1.65%    passed     95.38%
  29  GCF_000765805.2    1.65%    passed     92.46%
  30  GCF_000765905.2    1.65%    passed     93.18%
  31  GCF_000813325.1    1.65%    passed     99.97%
  32  GCF_000816185.1    1.65%    passed    100.00%
  33  GCF_000816305.1    1.65%    passed    100.00%
  34  GCF_000816785.1    1.65%    passed    100.00%
  35  GCF_001282945.1    1.65%    passed     89.04%
  36  GCF_001283065.1    1.65%    passed     86.89%
  37  GCF_001298465.1    1.65%    passed    100.00%
  38  GCF_001457695.1    1.65%    passed    100.00%
  39  GCF_001602095.1    1.65%    passed     99.77%
  40  GCF_001687475.2    1.65%    passed    100.00%
  41  GCF_001693335.1    1.65%    passed     93.71%
  42  GCF_001723605.1    1.65%    passed     99.97%
  43  GCF_001956695.1    1.32%    passed     41.50%
  44  GCF_002021925.1    1.65%    passed     99.99%
  45  GCF_002080395.1    1.65%    passed    100.00%
  46  GCF_002104335.1    1.65%    passed    100.00%
  47  GCF_002119425.1    8.25%    passed     51.31%
  48  GCF_002139855.1    1.65%    passed     99.99%
  49  GCF_002139875.1    1.65%    passed    100.00%
  50  GCF_002139915.1    1.65%    passed    100.00%
  51  GCF_002139935.1    1.65%    passed    100.00%
  52  GCF_002238335.1    1.65%    passed     99.99%
  53  GCF_002335445.1    1.65%    passed     99.57%
  54  GCF_002837275.1    1.32%    passed     59.59%
  55  GCF_003063245.1    1.32%    passed     20.20%
  56  GCF_003063295.1    1.32%    passed     23.74%
  57  GCF_003245365.1    1.65%    passed     99.66%
  58  GCF_003316695.1    1.32%    passed     71.67%
  59  GCF_003346775.1    1.32%    passed     60.79%
  60  GCF_003346815.1    1.32%    passed     28.27%
  61  GCF_003355515.1    1.32%    passed     68.31%
  62  GCF_003364195.1    1.65%    passed     83.95%
  63  GCF_003364205.1    1.65%    passed     99.64%
  64  GCF_003364215.1    1.65%    passed     99.66%
  65  GCF_003364255.1    1.65%    passed     98.87%
  66  GCF_003364335.1    1.65%    passed     99.71%
  67  GCF_003544815.1    1.32%    passed     42.77%
  68  GCF_003544835.1    1.32%    passed     64.75%
  69  GCF_003544855.1    1.32%    passed     52.58%
  70  GCF_003544915.1    1.32%    passed     50.23%
  71  GCF_003544935.1    1.32%    passed     60.79%
  72  GCF_003660105.1    1.32%    passed     71.93%
  73  GCF_003660265.1    1.65%    passed     94.54%
  74  GCF_003660285.1    1.65%    passed     93.18%
  75  GCF_003660395.1    1.65%    passed     95.80%
  76  GCF_003667345.1    1.32%    passed     67.84%
  77  GCF_003670275.1    1.65%    passed     96.46%
  78  GCF_003752135.1    1.65%    passed     99.56%
  79  GCF_004214795.1    1.32%    passed     51.64%
  80  GCF_004214815.1    1.32%    passed     66.25%
  81  GCF_004299785.2    1.32%    passed     66.25%
  82  GCF_004323845.1    1.65%    passed     99.99%
  83  GCF_004803795.1    1.65%    passed    100.00%
  84  GCF_004803815.1    1.65%    passed    100.00%
  85  GCF_005217605.1    1.65%    passed     98.81%
  86  GCF_005406215.1    1.65%    passed    100.00%
  87  GCF_005406225.1    1.65%    passed    100.00%
  88  GCF_005771535.1    1.32%    passed     32.46%
  89  GCF_005843985.1    1.65%    passed     99.78%
  90  GCF_006459125.1    1.32%    passed     45.32%
  91  GCF_006864425.1    1.65%    passed    100.00%
  92  GCF_008245005.1    1.65%    passed     99.67%
  93  GCF_008245045.1    1.65%    passed    100.00%
  94  GCF_008693005.1    1.65%    passed     99.93%
  95  GCF_009068765.1    1.65%    passed     99.12%
  96  GCF_009192995.1    1.65%    passed     97.28%
  97  GCF_009258225.1    1.65%    passed     99.90%
  98  GCF_011769985.2    1.65%    passed     99.99%
  99  GCF_013177635.1    1.32%    passed     61.10%
 100  GCF_013177655.1    1.65%    passed     99.84%
 101  GCF_013201605.1    1.65%    passed    100.00%
 102  GCF_013201625.1    1.32%    passed     58.90%
 103  GCF_013201665.1    1.32%    passed     40.76%
 104  GCF_013201705.1    1.32%    passed     86.74%
 105  GCF_013201725.1    1.32%    passed     41.54%
 106  GCF_013201825.1    1.32%    passed     53.51%
 107  GCF_013201935.1    1.32%    passed     61.10%
 108  GCF_013283835.1    1.32%    passed     66.36%
 109  GCF_013372105.1    1.65%    passed    100.00%
 110  GCF_013372125.1    1.65%    passed    100.00%
 111  GCF_013372145.1    1.65%    passed    100.00%
 112  GCF_013372185.1    1.65%    passed    100.00%
 113  GCF_013372205.1    1.65%    passed    100.00%
 114  GCF_013372265.1    1.32%    passed     91.10%
 115  GCF_014253065.1    1.65%    passed    100.00%
 116  GCF_014466985.1    6.93%    failed      0.02%
 117  GCF_014905095.1    1.65%    passed     95.05%
 118  GCF_014905115.1    1.65%    passed     99.12%
 119  GCF_014905135.1    1.65%    passed     94.16%
 120  GCF_015100395.1    6.93%    failed      0.41%
 121  GCF_015265455.1    1.32%    passed     97.26%
 122  GCF_015265475.1    1.32%    passed     93.25%
 123  GCF_016106035.1    1.32%    passed     84.94%
 124  GCF_016593255.1    1.65%    passed     99.22%
 125  GCF_016806695.1    1.65%    passed    100.00%
 126  GCF_016937535.1    1.65%    passed     99.91%
 127  GCF_017357825.1    1.65%    passed     94.12%
 128  GCF_017979425.1    1.65%    passed     95.44%
 129  GCF_017979475.1    1.65%    passed     99.54%
 130  GCF_018145655.1    1.65%    passed    100.00%
 131  GCF_019711685.1    1.65%    passed     99.63%
 132  GCF_021300615.1    1.32%    passed     99.76%
 133  GCF_021300655.1    1.65%    passed     99.41%
 134  GCF_023646285.1    1.65%    passed     99.79%
 135  GCF_024267655.1    1.32%    passed     58.50%
 136  GCF_025770725.1    1.65%    passed     99.94%
 137  GCF_026000295.1    1.65%    passed     95.59%
 138  GCF_027859255.1    1.65%    passed     99.28%
 139  GCF_027943725.1    6.93%    failed      0.06%
 140  GCF_027946175.1    6.60%    failed      0.18%
 141  GCF_028649595.1    1.65%    passed    100.00%
 142  GCF_028751035.1    1.65%    passed     99.47%
 143  GCF_030249845.1    1.65%    passed     99.98%
 144  GCF_030296055.1    1.65%    passed     98.81%
 145  GCF_900115615.1    1.65%    passed     98.83%
 146  GCF_900187115.1    1.32%    passed     39.27%
 147  GCF_900475935.1    1.65%    passed     99.99%
 148  GCF_900476215.1    1.65%    passed     99.63%
 149  GCF_900478295.1    1.65%    passed     96.80%
 150  GCF_900637395.1    1.65%    passed    100.00%
 151  GCF_905120465.1    1.65%    passed     99.99%
 152  GCF_905120475.1    1.65%    passed    100.00%
****  TOTAL              1.88%  4 sequences failed composition chi2 test (p-value<5%; df=19)
Reading alignment file gene_order/flagellar_trees/trimmed/flin.faa ... Fasta format detected
Reading fasta file: done in 0.000141715 secs using 1.062e+04% CPU
Alignment most likely contains protein sequences
Alignment has 145 sequences with 87 columns, 84 distinct patterns
73 parsimony-informative, 3 singleton sites, 11 constant sites
                 Gap/Ambiguity  Composition  p-value
Analyzing sequences: done in 9.04687e-06 secs using 4377% CPU
   1  GCF_000012965.1    1.15%    passed     99.43%
   2  GCF_000021725.1    1.15%    passed     99.08%
   3  GCF_000024885.1    0.00%    passed     98.23%
   4  GCF_000092245.1    0.00%    passed     44.98%
   5  GCF_000147355.1    0.00%    passed     98.63%
   6  GCF_000155475.1    1.15%    passed     94.25%
   7  GCF_000162575.1    0.00%    passed     98.54%
   8  GCF_000183725.1    0.00%    passed     99.89%
   9  GCF_000196135.1    0.00%    passed     99.23%
  10  GCF_000200595.1    1.15%    passed     99.98%
  11  GCF_000242915.1    0.00%    passed     97.80%
  12  GCF_000254135.1    1.15%    passed    100.00%
  13  GCF_000259275.1    1.15%    passed     98.43%
  14  GCF_000265295.1    0.00%    passed     98.23%
  15  GCF_000445475.1    0.00%    passed     99.02%
  16  GCF_000507845.1    0.00%    passed     99.40%
  17  GCF_000518225.1    0.00%    passed     98.22%
  18  GCF_000568815.1    0.00%    passed     83.55%
  19  GCF_000597725.1    0.00%    passed     99.96%
  20  GCF_000686565.1    0.00%    passed     99.85%
  21  GCF_000687535.1    0.00%    passed     99.76%
  22  GCF_000736415.1    0.00%    passed     99.76%
  23  GCF_000762845.2    1.15%    passed     99.94%
  24  GCF_000762875.2    0.00%    passed     97.02%
  25  GCF_000763135.2    0.00%    passed     89.19%
  26  GCF_000765805.2    0.00%    failed      0.00%
  27  GCF_000765905.2    0.00%    passed     99.86%
  28  GCF_000813325.1    0.00%    passed     99.28%
  29  GCF_000816185.1    0.00%    passed     97.90%
  30  GCF_000816305.1    0.00%    passed     99.12%
  31  GCF_000816785.1    0.00%    passed     99.71%
  32  GCF_001282945.1    1.15%    passed     99.96%
  33  GCF_001283065.1    1.15%    passed     99.88%
  34  GCF_001298465.1    0.00%    passed    100.00%
  35  GCF_001457695.1    1.15%    passed    100.00%
  36  GCF_001602095.1    0.00%    passed     99.59%
  37  GCF_001687475.2    1.15%    passed    100.00%
  38  GCF_001693335.1    0.00%    passed     99.77%
  39  GCF_001723605.1    0.00%    passed     83.55%
  40  GCF_001956695.1    0.00%    passed     85.74%
  41  GCF_002021925.1    0.00%    passed     99.96%
  42  GCF_002080395.1    1.15%    passed     99.97%
  43  GCF_002104335.1    1.15%    passed    100.00%
  44  GCF_002139855.1    0.00%    passed     99.99%
  45  GCF_002139875.1    0.00%    passed    100.00%
  46  GCF_002139915.1    0.00%    passed     99.89%
  47  GCF_002139935.1    0.00%    passed    100.00%
  48  GCF_002238335.1    0.00%    passed     99.71%
  49  GCF_002335445.1    1.15%    passed     99.91%
  50  GCF_002837275.1    0.00%    passed     78.35%
  51  GCF_003063245.1    0.00%    passed     29.96%
  52  GCF_003063295.1    0.00%    passed     80.99%
  53  GCF_003245365.1    0.00%    passed     99.95%
  54  GCF_003316695.1    0.00%    passed     97.62%
  55  GCF_003346775.1    0.00%    passed     91.16%
  56  GCF_003346815.1    0.00%    passed     95.79%
  57  GCF_003355515.1    0.00%    passed     80.06%
  58  GCF_003364195.1    0.00%    passed     99.57%
  59  GCF_003364205.1    0.00%    passed     89.91%
  60  GCF_003364215.1    0.00%    passed     99.72%
  61  GCF_003364255.1    1.15%    passed     90.36%
  62  GCF_003364335.1    0.00%    passed     99.99%
  63  GCF_003544815.1    0.00%    passed     36.45%
  64  GCF_003544835.1    0.00%    passed     82.97%
  65  GCF_003544855.1    0.00%    passed     75.67%
  66  GCF_003544915.1    0.00%    passed     68.12%
  67  GCF_003544935.1    0.00%    passed     86.55%
  68  GCF_003660105.1    0.00%    passed     71.62%
  69  GCF_003660265.1    1.15%    passed     99.71%
  70  GCF_003660285.1    1.15%    passed     99.49%
  71  GCF_003660395.1    1.15%    passed     99.49%
  72  GCF_003667345.1    0.00%    passed     82.23%
  73  GCF_003670275.1    1.15%    passed     96.92%
  74  GCF_003752135.1    1.15%    passed     99.65%
  75  GCF_004214795.1    0.00%    passed     87.93%
  76  GCF_004214815.1    0.00%    passed     84.86%
  77  GCF_004299785.2    0.00%    passed     82.17%
  78  GCF_004323845.1    1.15%    passed     99.98%
  79  GCF_004803795.1    0.00%    passed     99.92%
  80  GCF_004803815.1    0.00%    passed     99.92%
  81  GCF_005217605.1    0.00%    passed     98.48%
  82  GCF_005406215.1    1.15%    passed    100.00%
  83  GCF_005406225.1    1.15%    passed    100.00%
  84  GCF_005771535.1    0.00%    passed     99.70%
  85  GCF_005843985.1    0.00%    passed     99.99%
  86  GCF_006459125.1    0.00%    passed     69.05%
  87  GCF_006864425.1    1.15%    passed     99.74%
  88  GCF_008245005.1    1.15%    passed     99.92%
  89  GCF_008245045.1    0.00%    passed     98.51%
  90  GCF_008693005.1    0.00%    passed     97.13%
  91  GCF_009068765.1    0.00%    passed     97.80%
  92  GCF_009192995.1    0.00%    passed     99.54%
  93  GCF_009258225.1    0.00%    passed     96.11%
  94  GCF_011769985.2    0.00%    passed     91.20%
  95  GCF_013177635.1    0.00%    passed     70.67%
  96  GCF_013177655.1    1.15%    passed     99.69%
  97  GCF_013201605.1    0.00%    passed     99.12%
  98  GCF_013201625.1    0.00%    passed     74.63%
  99  GCF_013201665.1    0.00%    passed     33.45%
 100  GCF_013201705.1    0.00%    passed     62.70%
 101  GCF_013201725.1    0.00%    passed     57.74%
 102  GCF_013201825.1    0.00%    passed     95.61%
 103  GCF_013201935.1    0.00%    passed     70.67%
 104  GCF_013283835.1    0.00%    passed     68.63%
 105  GCF_013372105.1    0.00%    passed     99.89%
 106  GCF_013372125.1    0.00%    passed     99.99%
 107  GCF_013372145.1    0.00%    passed     99.97%
 108  GCF_013372185.1    0.00%    passed     99.77%
 109  GCF_013372205.1    0.00%    passed     99.95%
 110  GCF_013372265.1    0.00%    passed     56.12%
 111  GCF_014253065.1    0.00%    passed     99.92%
 112  GCF_014905095.1    0.00%    passed     98.13%
 113  GCF_014905115.1    0.00%    passed     97.80%
 114  GCF_014905135.1    0.00%    passed     99.95%
 115  GCF_015265455.1    0.00%    passed     97.13%
 116  GCF_015265475.1    0.00%    passed     91.93%
 117  GCF_016106035.1    0.00%    passed     50.59%
 118  GCF_016593255.1    1.15%    passed     99.92%
 119  GCF_016806695.1    1.15%    passed    100.00%
 120  GCF_016937535.1    0.00%    passed     99.48%
 121  GCF_017357825.1    0.00%    passed     95.90%
 122  GCF_017979425.1    1.15%    passed     99.49%
 123  GCF_017979475.1    0.00%    passed     99.94%
 124  GCF_018145655.1    0.00%    passed     99.98%
 125  GCF_019711685.1    0.00%    passed     99.87%
 126  GCF_021300615.1    0.00%    passed     99.98%
 127  GCF_021300655.1    0.00%    passed     98.29%
 128  GCF_023646285.1    0.00%    passed     99.34%
 129  GCF_024267655.1    0.00%    passed     37.01%
 130  GCF_025770725.1    0.00%    passed     91.20%
 131  GCF_026000295.1    1.15%    passed     99.98%
 132  GCF_027859255.1    0.00%    passed     98.98%
 133  GCF_028649595.1    0.00%    failed      0.00%
 134  GCF_028751035.1    0.00%    passed     99.57%
 135  GCF_030249845.1    0.00%    passed     99.99%
 136  GCF_030296055.1    1.15%    passed     99.89%
 137  GCF_900115615.1    0.00%    passed     10.41%
 138  GCF_900187115.1    0.00%    passed     78.02%
 139  GCF_900461455.1    1.15%    passed     99.48%
 140  GCF_900475935.1    0.00%    passed     99.96%
 141  GCF_900476215.1    1.15%    passed     99.97%
 142  GCF_900478295.1    1.15%    passed     99.49%
 143  GCF_900637395.1    1.15%    passed     99.97%
 144  GCF_905120465.1    0.00%    passed     99.80%
 145  GCF_905120475.1    0.00%    passed     99.82%
****  TOTAL              0.28%  2 sequences failed composition chi2 test (p-value<5%; df=19)
Reading alignment file gene_order/flagellar_trees/trimmed/flip.faa ... Fasta format detected
Reading fasta file: done in 0.000335405 secs using 4544% CPU
Alignment most likely contains protein sequences
Alignment has 151 sequences with 243 columns, 215 distinct patterns
195 parsimony-informative, 7 singleton sites, 41 constant sites
                 Gap/Ambiguity  Composition  p-value
Analyzing sequences: done in 1.93203e-05 secs using 3696% CPU
   1  GCF_000012965.1    0.00%    passed     99.95%
   2  GCF_000021725.1    0.82%    passed     99.75%
   3  GCF_000024885.1    5.35%    passed     93.85%
   4  GCF_000092245.1    0.41%    passed     43.87%
   5  GCF_000147355.1    0.00%    passed     99.81%
   6  GCF_000155475.1    0.41%    passed     99.65%
   7  GCF_000162575.1    2.47%    passed     94.40%
   8  GCF_000183725.1    3.70%    passed     89.25%
   9  GCF_000194135.1    0.00%    passed     53.79%
  10  GCF_000196135.1    0.41%    passed     99.11%
  11  GCF_000200595.1    0.41%    passed     96.80%
  12  GCF_000242915.1    0.41%    passed     99.98%
  13  GCF_000254135.1    0.41%    passed    100.00%
  14  GCF_000259275.1    0.41%    passed     94.36%
  15  GCF_000265295.1    3.29%    passed     83.73%
  16  GCF_000420385.1    0.00%    passed     68.57%
  17  GCF_000445475.1    0.41%    passed     99.92%
  18  GCF_000507845.1    1.65%    passed     99.45%
  19  GCF_000518225.1    3.29%    passed     91.38%
  20  GCF_000568815.1    2.88%    passed     90.99%
  21  GCF_000597725.1    0.41%    passed     99.64%
  22  GCF_000686565.1    0.00%    passed     99.31%
  23  GCF_000687535.1    0.00%    passed     68.90%
  24  GCF_000736415.1    0.00%    passed    100.00%
  25  GCF_000744435.1    0.00%    passed     29.17%
  26  GCF_000762845.2    3.70%    passed     97.19%
  27  GCF_000762875.2    0.00%    passed     94.92%
  28  GCF_000763135.2    0.41%    passed     95.07%
  29  GCF_000765805.2    0.00%    passed     97.27%
  30  GCF_000765905.2    4.12%    passed     90.80%
  31  GCF_000813325.1    0.82%    passed     95.01%
  32  GCF_000816185.1    0.41%    passed     99.52%
  33  GCF_000816305.1    0.41%    passed     99.97%
  34  GCF_000816785.1    0.41%    passed     99.53%
  35  GCF_001282945.1    2.47%    passed     51.00%
  36  GCF_001283065.1    2.47%    passed     42.39%
  37  GCF_001298465.1    1.23%    passed     81.74%
  38  GCF_001457695.1    0.41%    passed     99.94%
  39  GCF_001602095.1    0.41%    passed     99.99%
  40  GCF_001687475.2    0.41%    passed     99.88%
  41  GCF_001693335.1    3.70%    passed     99.41%
  42  GCF_001723605.1    2.88%    passed     86.30%
  43  GCF_001956695.1    0.41%    passed     97.57%
  44  GCF_002021925.1    0.00%    passed     99.69%
  45  GCF_002080395.1    0.41%    passed    100.00%
  46  GCF_002104335.1    2.88%    passed     99.92%
  47  GCF_002119425.1    0.00%    passed     10.17%
  48  GCF_002139855.1    1.23%    passed     99.15%
  49  GCF_002139875.1    1.23%    passed     99.49%
  50  GCF_002139915.1    1.23%    passed     99.94%
  51  GCF_002139935.1    1.23%    passed     99.91%
  52  GCF_002238335.1    0.00%    passed     93.75%
  53  GCF_002335445.1    0.82%    passed     82.32%
  54  GCF_002837275.1    0.41%    passed     99.85%
  55  GCF_003063245.1    0.41%    passed     63.51%
  56  GCF_003063295.1    0.82%    passed     91.98%
  57  GCF_003245365.1    0.00%    passed     92.28%
  58  GCF_003316695.1    9.05%    passed     91.78%
  59  GCF_003346775.1    0.41%    passed     99.67%
  60  GCF_003346815.1    0.00%    passed     50.07%
  61  GCF_003355515.1    0.41%    passed     43.79%
  62  GCF_003364195.1    2.47%    passed     92.98%
  63  GCF_003364205.1    0.41%    passed     99.54%
  64  GCF_003364215.1    4.12%    passed     89.11%
  65  GCF_003364255.1    3.70%    passed     99.54%
  66  GCF_003364335.1    2.88%    passed     15.04%
  67  GCF_003544815.1    0.41%    passed     98.46%
  68  GCF_003544835.1    0.41%    passed     99.87%
  69  GCF_003544855.1    0.41%    passed     98.76%
  70  GCF_003544915.1    0.41%    passed     85.66%
  71  GCF_003544935.1    0.41%    passed     99.96%
  72  GCF_003660105.1    0.41%    passed     70.18%
  73  GCF_003660265.1    2.47%    passed     80.37%
  74  GCF_003660285.1    2.47%    passed     80.34%
  75  GCF_003667345.1    0.41%    passed     91.99%
  76  GCF_003670275.1    0.41%    passed     98.96%
  77  GCF_003752135.1    0.82%    passed     97.91%
  78  GCF_004214795.1    0.00%    passed     66.68%
  79  GCF_004214815.1    0.41%    passed     83.17%
  80  GCF_004299785.2    0.41%    passed     89.13%
  81  GCF_004323845.1    0.00%    passed     99.98%
  82  GCF_004803795.1    0.41%    passed     95.74%
  83  GCF_004803815.1    0.41%    passed     92.60%
  84  GCF_005217605.1    0.00%    passed     99.62%
  85  GCF_005406215.1    0.00%    passed     98.79%
  86  GCF_005406225.1    3.70%    passed     99.82%
  87  GCF_005771535.1    0.00%    passed     97.92%
  88  GCF_005843985.1    0.41%    passed     98.69%
  89  GCF_006459125.1    0.41%    passed     92.28%
  90  GCF_006864425.1    0.00%    passed     83.41%
  91  GCF_008245005.1    0.00%    passed     99.66%
  92  GCF_008245045.1    0.41%    passed     99.50%
  93  GCF_008693005.1    0.41%    passed     98.17%
  94  GCF_009068765.1    0.00%    passed     99.94%
  95  GCF_009192995.1    0.00%    passed     99.95%
  96  GCF_009258225.1    0.41%    passed     99.96%
  97  GCF_011769985.2    0.41%    passed     79.58%
  98  GCF_013177635.1    0.41%    passed     87.87%
  99  GCF_013177655.1    0.41%    passed     98.39%
 100  GCF_013201605.1    0.41%    passed     99.88%
 101  GCF_013201625.1    0.41%    passed     92.55%
 102  GCF_013201665.1    0.41%    passed     73.48%
 103  GCF_013201705.1    9.05%    passed     67.18%
 104  GCF_013201725.1    0.41%    passed     93.87%
 105  GCF_013201825.1    0.00%    passed     92.04%
 106  GCF_013201935.1    0.41%    passed     92.75%
 107  GCF_013283835.1    0.00%    passed     89.07%
 108  GCF_013372105.1    0.41%    passed     99.77%
 109  GCF_013372125.1    0.00%    passed     83.00%
 110  GCF_013372145.1    0.00%    passed     99.98%
 111  GCF_013372185.1    0.41%    passed     96.52%
 112  GCF_013372205.1    0.00%    passed     97.32%
 113  GCF_013372265.1    9.05%    passed     79.70%
 114  GCF_014253065.1    0.41%    passed     92.60%
 115  GCF_014466985.1    2.88%    passed     61.74%
 116  GCF_014905095.1    0.00%    passed     93.75%
 117  GCF_014905115.1    0.00%    passed     99.90%
 118  GCF_014905135.1    0.00%    passed     99.90%
 119  GCF_015100395.1    1.65%    passed     21.25%
 120  GCF_015265455.1    0.41%    passed     99.43%
 121  GCF_015265475.1    0.41%    passed     99.75%
 122  GCF_016106035.1    9.05%    passed     71.14%
 123  GCF_016593255.1    0.41%    passed     51.05%
 124  GCF_016806695.1    0.41%    passed     99.97%
 125  GCF_016937535.1    0.82%    passed     94.67%
 126  GCF_017357825.1    0.00%    passed     99.80%
 127  GCF_017979475.1    0.00%    passed     99.91%
 128  GCF_018145655.1    0.41%    passed     98.38%
 129  GCF_019711685.1    2.06%    passed     84.29%
 130  GCF_021300615.1    0.41%    passed     17.23%
 131  GCF_021300655.1    1.23%    passed     96.66%
 132  GCF_023646285.1    0.00%    passed     99.64%
 133  GCF_024267655.1    0.41%    passed     96.46%
 134  GCF_025770725.1    4.12%    passed     96.14%
 135  GCF_026000295.1    0.41%    passed     83.08%
 136  GCF_027859255.1    0.00%    passed     92.32%
 137  GCF_027943725.1    1.65%    passed     12.56%
 138  GCF_027946175.1    3.70%    passed     59.37%
 139  GCF_028649595.1    0.41%    passed     99.50%
 140  GCF_028751035.1    3.29%    passed     97.12%
 141  GCF_030249845.1    0.00%    passed     99.47%
 142  GCF_030296055.1    0.41%    passed     84.44%
 143  GCF_900115615.1    0.41%    passed     99.80%
 144  GCF_900187115.1    0.82%    passed     89.01%
 145  GCF_900461455.1    6.17%    passed     94.85%
 146  GCF_900475935.1    0.00%    passed     99.99%
 147  GCF_900476215.1    2.47%    passed     92.33%
 148  GCF_900478295.1    0.41%    passed     13.50%
 149  GCF_900637395.1    0.41%    passed    100.00%
 150  GCF_905120465.1    2.88%    passed     99.83%
 151  GCF_905120475.1    0.00%    passed     94.61%
****  TOTAL              1.15%  0 sequences failed composition chi2 test (p-value<5%; df=19)
Reading alignment file gene_order/flagellar_trees/trimmed/fliq.faa ... Fasta format detected
Reading fasta file: done in 0.000139226 secs using 96.25% CPU
Alignment most likely contains protein sequences
Alignment has 152 sequences with 86 columns, 84 distinct patterns
73 parsimony-informative, 1 singleton sites, 12 constant sites
                 Gap/Ambiguity  Composition  p-value
Analyzing sequences: done in 1.42492e-05 secs using 3839% CPU
   1  GCF_000012965.1    0.00%    passed     99.14%
   2  GCF_000021725.1    0.00%    passed     99.65%
   3  GCF_000024885.1    0.00%    passed     99.92%
   4  GCF_000092245.1    0.00%    passed     94.10%
   5  GCF_000147355.1    0.00%    passed     99.89%
   6  GCF_000155475.1    0.00%    passed     97.90%
   7  GCF_000162575.1    0.00%    passed     98.89%
   8  GCF_000183725.1    0.00%    passed     99.42%
   9  GCF_000194135.1    0.00%    passed     77.69%
  10  GCF_000196135.1    0.00%    passed     99.80%
  11  GCF_000200595.1    0.00%    passed     97.50%
  12  GCF_000242915.1    0.00%    passed     99.06%
  13  GCF_000254135.1    0.00%    passed     99.81%
  14  GCF_000259275.1    0.00%    passed     90.58%
  15  GCF_000265295.1    0.00%    passed     99.94%
  16  GCF_000420385.1    0.00%    passed     87.11%
  17  GCF_000445475.1    0.00%    passed     99.48%
  18  GCF_000507845.1    0.00%    passed     99.04%
  19  GCF_000518225.1    0.00%    passed     97.57%
  20  GCF_000568815.1    0.00%    passed     99.97%
  21  GCF_000597725.1    0.00%    passed     97.78%
  22  GCF_000686565.1    0.00%    passed     98.15%
  23  GCF_000687535.1    0.00%    passed     99.56%
  24  GCF_000736415.1    0.00%    passed     99.93%
  25  GCF_000744435.1    0.00%    passed     92.83%
  26  GCF_000762845.2    0.00%    passed     97.49%
  27  GCF_000762875.2    0.00%    passed     98.85%
  28  GCF_000763135.2    0.00%    passed     86.32%
  29  GCF_000765805.2    0.00%    passed     98.83%
  30  GCF_000765905.2    0.00%    passed     98.56%
  31  GCF_000813325.1    0.00%    passed     98.94%
  32  GCF_000816185.1    0.00%    passed     99.12%
  33  GCF_000816305.1    0.00%    passed     99.95%
  34  GCF_000816785.1    0.00%    passed     99.88%
  35  GCF_001282945.1    0.00%    passed     99.24%
  36  GCF_001283065.1    0.00%    passed     98.03%
  37  GCF_001298465.1    0.00%    passed     99.83%
  38  GCF_001457695.1    0.00%    passed     99.88%
  39  GCF_001602095.1    0.00%    passed     99.80%
  40  GCF_001687475.2    0.00%    passed     98.77%
  41  GCF_001693335.1    0.00%    passed     91.02%
  42  GCF_001723605.1    0.00%    passed     99.97%
  43  GCF_001956695.1    0.00%    passed     46.62%
  44  GCF_002021925.1    0.00%    passed     94.91%
  45  GCF_002080395.1    0.00%    passed     99.99%
  46  GCF_002104335.1    0.00%    passed     99.91%
  47  GCF_002119425.1    0.00%    passed     43.14%
  48  GCF_002139855.1    0.00%    passed     99.86%
  49  GCF_002139875.1    0.00%    passed     98.85%
  50  GCF_002139915.1    0.00%    passed     99.33%
  51  GCF_002139935.1    0.00%    passed     99.84%
  52  GCF_002238335.1    0.00%    passed    100.00%
  53  GCF_002335445.1    0.00%    passed     99.99%
  54  GCF_002837275.1    0.00%    passed     48.30%
  55  GCF_003063245.1    0.00%    passed     64.84%
  56  GCF_003063295.1    0.00%    passed     30.43%
  57  GCF_003245365.1    0.00%    passed     98.74%
  58  GCF_003316695.1    0.00%    passed     89.69%
  59  GCF_003346775.1    0.00%    passed     57.06%
  60  GCF_003346815.1    0.00%    passed     49.34%
  61  GCF_003355515.1    0.00%    passed     97.33%
  62  GCF_003364195.1    0.00%    passed     99.17%
  63  GCF_003364205.1    0.00%    passed     99.15%
  64  GCF_003364215.1    0.00%    passed     99.70%
  65  GCF_003364255.1    0.00%    passed     94.56%
  66  GCF_003364335.1    0.00%    passed     97.85%
  67  GCF_003544815.1    0.00%    passed     74.84%
  68  GCF_003544835.1    0.00%    passed     69.91%
  69  GCF_003544855.1    0.00%    passed     93.76%
  70  GCF_003544915.1    0.00%    passed     79.14%
  71  GCF_003544935.1    0.00%    passed     11.70%
  72  GCF_003660105.1    0.00%    passed     92.38%
  73  GCF_003660265.1    0.00%    passed     99.29%
  74  GCF_003660285.1    0.00%    passed     98.10%
  75  GCF_003660395.1    0.00%    passed     98.12%
  76  GCF_003667345.1    0.00%    passed     67.81%
  77  GCF_003670275.1    0.00%    passed     98.28%
  78  GCF_003752135.1    0.00%    passed     99.59%
  79  GCF_004214795.1    0.00%    passed     69.82%
  80  GCF_004214815.1    0.00%    passed     67.91%
  81  GCF_004299785.2    0.00%    passed     75.35%
  82  GCF_004323845.1    0.00%    passed     99.59%
  83  GCF_004803795.1    0.00%    passed     99.95%
  84  GCF_004803815.1    0.00%    passed     99.95%
  85  GCF_005217605.1    0.00%    passed     99.97%
  86  GCF_005406215.1    0.00%    passed     99.21%
  87  GCF_005406225.1    0.00%    passed     96.86%
  88  GCF_005771535.1    0.00%    passed     86.78%
  89  GCF_006459125.1    0.00%    passed     49.19%
  90  GCF_006864425.1    0.00%    passed     99.45%
  91  GCF_008245005.1    0.00%    passed     98.88%
  92  GCF_008245045.1    0.00%    passed     98.89%
  93  GCF_008693005.1    0.00%    passed     99.24%
  94  GCF_009068765.1    0.00%    passed     99.23%
  95  GCF_009192995.1    0.00%    passed     98.96%
  96  GCF_009258225.1    0.00%    passed     98.87%
  97  GCF_011769985.2    0.00%    passed     99.95%
  98  GCF_013177635.1    0.00%    passed     45.50%
  99  GCF_013177655.1    0.00%    passed     99.89%
 100  GCF_013201605.1    0.00%    passed     99.88%
 101  GCF_013201625.1    0.00%    passed     97.51%
 102  GCF_013201665.1    0.00%    passed     54.29%
 103  GCF_013201705.1    0.00%    passed     95.56%
 104  GCF_013201725.1    0.00%    passed     79.14%
 105  GCF_013201825.1    0.00%    passed     87.22%
 106  GCF_013201935.1    0.00%    passed     61.37%
 107  GCF_013283835.1    0.00%    passed     81.88%
 108  GCF_013372105.1    0.00%    passed     99.34%
 109  GCF_013372125.1    0.00%    passed     99.75%
 110  GCF_013372145.1    0.00%    passed     99.96%
 111  GCF_013372185.1    0.00%    passed     99.95%
 112  GCF_013372205.1    0.00%    passed     96.06%
 113  GCF_013372265.1    0.00%    passed     83.46%
 114  GCF_014253065.1    0.00%    passed     99.95%
 115  GCF_014466985.1    0.00%    passed     71.30%
 116  GCF_014905095.1    0.00%    passed     98.46%
 117  GCF_014905115.1    0.00%    passed     99.48%
 118  GCF_014905135.1    0.00%    passed     98.83%
 119  GCF_015100395.1    0.00%    passed     77.99%
 120  GCF_015265455.1    0.00%    passed     99.98%
 121  GCF_015265475.1    0.00%    passed     99.98%
 122  GCF_016106035.1    0.00%    passed     84.37%
 123  GCF_016593255.1    0.00%    passed     99.02%
 124  GCF_016806695.1    0.00%    passed     99.70%
 125  GCF_016937535.1    0.00%    passed     96.75%
 126  GCF_017357825.1    0.00%    passed     92.61%
 127  GCF_017979425.1    0.00%    passed     97.50%
 128  GCF_017979475.1    0.00%    passed     99.62%
 129  GCF_018145655.1    0.00%    passed     72.73%
 130  GCF_019711685.1    0.00%    passed     97.72%
 131  GCF_021300615.1    0.00%    passed     99.68%
 132  GCF_021300655.1    0.00%    passed     97.81%
 133  GCF_023646285.1    0.00%    passed     81.40%
 134  GCF_024267655.1    0.00%    passed     80.33%
 135  GCF_025770725.1    0.00%    passed     98.51%
 136  GCF_026000295.1   11.63%    passed     97.83%
 137  GCF_027859255.1    0.00%    passed     99.50%
 138  GCF_027943725.1    0.00%    passed     43.36%
 139  GCF_027946175.1    0.00%    passed     82.08%
 140  GCF_028649595.1    0.00%    passed     88.83%
 141  GCF_028751035.1    0.00%    passed     98.28%
 142  GCF_030249845.1    0.00%    passed     97.17%
 143  GCF_030296055.1    0.00%    passed     95.97%
 144  GCF_900115615.1    0.00%    passed     99.93%
 145  GCF_900187115.1    0.00%    passed     17.03%
 146  GCF_900461455.1    0.00%    passed     91.55%
 147  GCF_900475935.1    0.00%    passed     99.71%
 148  GCF_900476215.1    0.00%    passed     99.96%
 149  GCF_900478295.1    0.00%    passed     94.05%
 150  GCF_900637395.1    0.00%    passed     99.97%
 151  GCF_905120465.1    0.00%    passed     82.92%
 152  GCF_905120475.1    0.00%    failed      0.00%
****  TOTAL              0.08%  1 sequences failed composition chi2 test (p-value<5%; df=19)
Reading alignment file gene_order/flagellar_trees/trimmed/flir.faa ... Fasta format detected
Reading fasta file: done in 0.000274312 secs using 5200% CPU
Alignment most likely contains protein sequences
Alignment has 153 sequences with 194 columns, 193 distinct patterns
188 parsimony-informative, 1 singleton sites, 5 constant sites
                 Gap/Ambiguity  Composition  p-value
Analyzing sequences: done in 1.65785e-05 secs using 4488% CPU
   1  GCF_000012965.1    0.52%    passed     64.94%
   2  GCF_000021725.1    0.52%    passed     76.99%
   3  GCF_000024885.1    0.52%    passed     75.20%
   4  GCF_000092245.1    0.52%    passed     18.71%
   5  GCF_000147355.1    0.52%    passed     73.22%
   6  GCF_000155475.1    0.52%    passed     99.75%
   7  GCF_000162575.1    0.52%    passed     64.45%
   8  GCF_000183725.1    0.52%    passed     92.45%
   9  GCF_000194135.1    0.52%    passed      7.55%
  10  GCF_000196135.1    0.52%    passed     97.08%
  11  GCF_000200595.1    0.52%    passed     95.67%
  12  GCF_000242915.1    0.52%    passed     81.52%
  13  GCF_000254135.1    0.52%    passed     95.68%
  14  GCF_000259275.1    0.52%    failed      1.55%
  15  GCF_000265295.1    0.52%    passed     43.40%
  16  GCF_000420385.1    0.52%    passed     13.97%
  17  GCF_000445475.1    0.52%    passed     99.71%
  18  GCF_000507845.1    0.52%    passed     99.86%
  19  GCF_000518225.1    0.52%    passed     72.73%
  20  GCF_000568815.1    0.52%    passed     76.57%
  21  GCF_000597725.1    0.52%    passed     86.73%
  22  GCF_000686565.1    0.52%    passed     98.35%
  23  GCF_000687535.1    0.52%    passed     67.23%
  24  GCF_000736415.1    0.52%    passed     99.37%
  25  GCF_000744435.1    0.52%    failed      0.74%
  26  GCF_000762845.2    0.52%    passed     99.09%
  27  GCF_000762875.2    0.52%    passed     82.37%
  28  GCF_000763135.2    0.52%    passed     99.98%
  29  GCF_000765805.2    0.52%    passed     99.76%
  30  GCF_000765905.2    0.52%    passed     92.23%
  31  GCF_000813325.1    0.52%    passed     85.54%
  32  GCF_000816185.1    0.52%    passed     99.31%
  33  GCF_000816305.1    0.52%    passed     99.79%
  34  GCF_000816785.1    0.52%    passed     98.53%
  35  GCF_001282945.1    0.52%    passed     60.99%
  36  GCF_001283065.1    0.52%    passed     10.35%
  37  GCF_001298465.1    0.52%    passed     90.27%
  38  GCF_001457695.1    0.52%    passed     94.08%
  39  GCF_001602095.1    0.52%    passed     92.57%
  40  GCF_001687475.2    0.52%    passed     73.49%
  41  GCF_001693335.1    0.52%    passed     75.66%
  42  GCF_001723605.1    0.52%    passed     67.11%
  43  GCF_001956695.1    0.52%    passed     41.73%
  44  GCF_002021925.1    0.52%    passed     71.67%
  45  GCF_002080395.1    0.52%    passed     99.99%
  46  GCF_002104335.1    0.52%    passed     95.75%
  47  GCF_002119425.1    0.52%    passed     27.08%
  48  GCF_002139855.1    0.52%    passed     91.63%
  49  GCF_002139875.1    0.52%    passed     95.17%
  50  GCF_002139915.1    0.52%    passed     87.95%
  51  GCF_002139935.1    0.52%    passed     88.94%
  52  GCF_002238335.1    0.52%    passed     99.84%
  53  GCF_002335445.1    0.52%    passed     79.69%
  54  GCF_002837275.1    0.52%    passed      7.22%
  55  GCF_003063245.1    0.52%    passed     86.61%
  56  GCF_003063295.1    0.52%    passed     87.33%
  57  GCF_003245365.1    0.52%    passed     97.30%
  58  GCF_003316695.1    0.52%    passed     81.58%
  59  GCF_003346775.1    0.52%    passed     43.91%
  60  GCF_003346815.1    0.00%    passed     72.54%
  61  GCF_003355515.1    0.52%    passed     46.05%
  62  GCF_003364195.1    0.52%    passed     97.24%
  63  GCF_003364205.1    0.52%    passed     99.97%
  64  GCF_003364215.1    0.52%    passed     99.86%
  65  GCF_003364255.1    0.52%    passed     99.98%
  66  GCF_003364335.1    0.52%    passed     98.85%
  67  GCF_003544815.1    0.52%    passed     63.99%
  68  GCF_003544835.1    0.52%    passed     53.25%
  69  GCF_003544855.1    0.52%    passed     24.82%
  70  GCF_003544915.1    0.52%    passed     50.39%
  71  GCF_003544935.1    0.52%    passed     39.79%
  72  GCF_003660105.1    0.52%    passed     66.85%
  73  GCF_003660265.1    0.52%    passed     91.02%
  74  GCF_003660285.1    0.52%    passed     92.06%
  75  GCF_003660395.1    0.52%    passed     92.59%
  76  GCF_003667345.1    0.52%    passed     76.83%
  77  GCF_003670275.1    0.52%    passed     99.71%
  78  GCF_003752135.1    0.52%    passed     73.84%
  79  GCF_004214795.1    0.52%    passed     91.66%
  80  GCF_004214815.1    0.52%    passed     89.30%
  81  GCF_004299785.2    0.52%    passed     89.09%
  82  GCF_004323845.1    0.52%    passed     97.70%
  83  GCF_004803795.1    0.52%    passed     98.26%
  84  GCF_004803815.1    0.52%    passed     97.82%
  85  GCF_005217605.1    0.52%    passed     74.68%
  86  GCF_005406215.1    0.52%    passed     84.20%
  87  GCF_005406225.1    0.52%    passed     88.70%
  88  GCF_005771535.1    0.52%    passed     47.66%
  89  GCF_005843985.1    0.52%    passed     55.44%
  90  GCF_006459125.1    0.52%    passed     61.33%
  91  GCF_006864425.1    0.52%    passed     99.67%
  92  GCF_008245005.1    0.52%    passed     63.02%
  93  GCF_008245045.1    0.52%    passed     99.94%
  94  GCF_008693005.1    0.52%    passed    100.00%
  95  GCF_009068765.1    0.52%    passed     82.76%
  96  GCF_009192995.1    0.52%    passed     62.07%
  97  GCF_009258225.1    0.52%    passed     87.83%
  98  GCF_011769985.2    0.52%    passed     92.38%
  99  GCF_013177635.1    0.52%    passed     67.98%
 100  GCF_013177655.1    0.52%    passed     78.57%
 101  GCF_013201605.1    0.52%    passed     98.41%
 102  GCF_013201625.1    0.52%    passed     72.43%
 103  GCF_013201665.1    0.52%    passed     85.59%
 104  GCF_013201705.1    0.52%    passed     66.40%
 105  GCF_013201725.1    0.52%    passed     69.06%
 106  GCF_013201825.1    0.52%    passed     89.53%
 107  GCF_013201935.1    0.52%    passed     61.98%
 108  GCF_013283835.1    0.52%    passed     45.18%
 109  GCF_013372105.1    0.52%    passed     99.09%
 110  GCF_013372125.1    0.52%    passed     89.10%
 111  GCF_013372145.1    0.52%    passed     99.74%
 112  GCF_013372185.1    0.52%    passed     99.77%
 113  GCF_013372205.1    0.52%    passed     77.08%
 114  GCF_013372265.1    0.52%    passed     64.61%
 115  GCF_014253065.1    0.52%    passed     97.82%
 116  GCF_014466985.1    1.03%    passed     11.21%
 117  GCF_014905095.1    0.52%    passed     94.40%
 118  GCF_014905115.1    0.52%    passed     80.95%
 119  GCF_014905135.1    0.52%    passed     80.42%
 120  GCF_015100395.1    1.03%    passed     82.70%
 121  GCF_015265455.1    0.52%    passed     78.16%
 122  GCF_015265475.1    0.52%    passed     68.23%
 123  GCF_016106035.1    0.52%    passed     76.26%
 124  GCF_016593255.1    0.52%    passed     91.68%
 125  GCF_016806695.1    0.52%    passed     98.53%
 126  GCF_016937535.1    0.52%    passed     54.74%
 127  GCF_017357825.1    0.52%    passed     97.52%
 128  GCF_017979425.1    0.52%    passed     93.80%
 129  GCF_017979475.1    0.52%    passed     61.57%
 130  GCF_018145655.1    0.52%    passed     85.59%
 131  GCF_019711685.1    0.52%    passed     83.38%
 132  GCF_021300615.1    0.52%    passed     72.36%
 133  GCF_021300655.1    0.52%    passed     72.20%
 134  GCF_023646285.1    0.52%    passed     78.95%
 135  GCF_024267655.1    0.52%    passed     40.07%
 136  GCF_025770725.1    0.52%    passed     95.30%
 137  GCF_026000295.1    0.52%    passed     54.46%
 138  GCF_027859255.1    0.52%    passed     92.44%
 139  GCF_027943725.1    1.03%    passed     18.57%
 140  GCF_027946175.1    1.03%    passed     43.60%
 141  GCF_028649595.1    0.52%    passed     88.80%
 142  GCF_028751035.1    0.52%    passed     83.86%
 143  GCF_030249845.1    0.52%    passed     91.90%
 144  GCF_030296055.1    0.52%    passed     98.57%
 145  GCF_900115615.1    0.52%    passed     99.63%
 146  GCF_900187115.1    0.52%    passed     89.01%
 147  GCF_900461455.1    0.52%    failed      2.03%
 148  GCF_900475935.1    0.52%    passed     98.58%
 149  GCF_900476215.1    0.52%    passed     95.35%
 150  GCF_900478295.1    0.52%    failed      2.87%
 151  GCF_900637395.1    0.52%    passed     99.97%
 152  GCF_905120465.1    0.52%    passed     76.11%
 153  GCF_905120475.1    0.52%    passed     84.92%
****  TOTAL              0.53%  4 sequences failed composition chi2 test (p-value<5%; df=19)
Reading alignment file gene_order/flagellar_trees/trimmed/flis.faa ... Fasta format detected
Reading fasta file: done in 0.000167216 secs using 96.28% CPU
Alignment most likely contains protein sequences
Alignment has 153 sequences with 110 columns, 108 distinct patterns
101 parsimony-informative, 2 singleton sites, 6 constant sites
                 Gap/Ambiguity  Composition  p-value
Analyzing sequences: done in 1.42287e-05 secs using 4892% CPU
   1  GCF_000012965.1    1.82%    passed     99.94%
   2  GCF_000021725.1    0.91%    passed     93.46%
   3  GCF_000024885.1    1.82%    passed     93.82%
   4  GCF_000092245.1    1.82%    passed     99.50%
   5  GCF_000147355.1    1.82%    passed     76.31%
   6  GCF_000155475.1    0.91%    passed     99.94%
   7  GCF_000162575.1    0.91%    passed     99.49%
   8  GCF_000183725.1    1.82%    passed     99.75%
   9  GCF_000194135.1    0.91%    passed     83.58%
  10  GCF_000196135.1    0.91%    passed     99.67%
  11  GCF_000200595.1    0.91%    passed     99.81%
  12  GCF_000242915.1    1.82%    passed     99.13%
  13  GCF_000254135.1    0.91%    passed     97.66%
  14  GCF_000259275.1    0.91%    passed     99.98%
  15  GCF_000265295.1    1.82%    passed     83.94%
  16  GCF_000420385.1    0.91%    passed     26.08%
  17  GCF_000445475.1    1.82%    passed     99.29%
  18  GCF_000507845.1    0.91%    passed     97.22%
  19  GCF_000518225.1    0.91%    passed     99.41%
  20  GCF_000568815.1    1.82%    passed     97.97%
  21  GCF_000597725.1    1.82%    passed     42.19%
  22  GCF_000686565.1    0.91%    passed     86.26%
  23  GCF_000687535.1    0.91%    passed     99.71%
  24  GCF_000736415.1    1.82%    passed     87.50%
  25  GCF_000744435.1    0.91%    passed     83.99%
  26  GCF_000762845.2    0.91%    passed     99.08%
  27  GCF_000762875.2    0.91%    passed     95.64%
  28  GCF_000763135.2    0.91%    passed     90.23%
  29  GCF_000765805.2    0.91%    passed     89.62%
  30  GCF_000765905.2    0.91%    passed     86.26%
  31  GCF_000813325.1    1.82%    passed     98.83%
  32  GCF_000816185.1    0.91%    passed     69.63%
  33  GCF_000816305.1    0.91%    passed     73.35%
  34  GCF_000816785.1    0.91%    passed     84.07%
  35  GCF_001282945.1    0.91%    passed     98.19%
  36  GCF_001283065.1    0.91%    passed     97.96%
  37  GCF_001298465.1    1.82%    passed     99.94%
  38  GCF_001457695.1    0.91%    passed     97.31%
  39  GCF_001602095.1    0.91%    passed     97.06%
  40  GCF_001687475.2    0.91%    passed     95.31%
  41  GCF_001693335.1    0.91%    passed     99.11%
  42  GCF_001723605.1    1.82%    passed     99.42%
  43  GCF_001956695.1    1.82%    passed     87.40%
  44  GCF_002021925.1    1.82%    passed     99.99%
  45  GCF_002080395.1    0.91%    passed     91.39%
  46  GCF_002104335.1    0.91%    passed     99.89%
  47  GCF_002119425.1    0.91%    passed     96.26%
  48  GCF_002139855.1    1.82%    passed     83.68%
  49  GCF_002139875.1    1.82%    passed     87.30%
  50  GCF_002139915.1    1.82%    passed     90.19%
  51  GCF_002139935.1    1.82%    passed     84.32%
  52  GCF_002238335.1    0.91%    passed     99.49%
  53  GCF_002335445.1    0.91%    passed     82.33%
  54  GCF_002837275.1    1.82%    passed     80.05%
  55  GCF_003063245.1    1.82%    passed     95.41%
  56  GCF_003063295.1    1.82%    passed     89.36%
  57  GCF_003245365.1    0.91%    passed     99.83%
  58  GCF_003316695.1    1.82%    passed     91.47%
  59  GCF_003346775.1    1.82%    passed     87.63%
  60  GCF_003346815.1    0.91%    passed     91.25%
  61  GCF_003355515.1    1.82%    passed     89.50%
  62  GCF_003364195.1    0.91%    passed     93.79%
  63  GCF_003364205.1    0.91%    passed     99.71%
  64  GCF_003364215.1    0.91%    passed     82.47%
  65  GCF_003364255.1    0.91%    passed     80.81%
  66  GCF_003364335.1    0.91%    passed     99.98%
  67  GCF_003544815.1    1.82%    passed     93.90%
  68  GCF_003544835.1    1.82%    passed     92.15%
  69  GCF_003544855.1    1.82%    passed     81.37%
  70  GCF_003544915.1    1.82%    passed     92.90%
  71  GCF_003544935.1    1.82%    passed     83.28%
  72  GCF_003660105.1    1.82%    passed     89.55%
  73  GCF_003660265.1    0.91%    passed     99.97%
  74  GCF_003660285.1    0.91%    passed     99.25%
  75  GCF_003660395.1    0.91%    passed     99.45%
  76  GCF_003667345.1    1.82%    passed     90.37%
  77  GCF_003670275.1    0.91%    passed     99.06%
  78  GCF_003752135.1    0.91%    passed     63.59%
  79  GCF_004214795.1    1.82%    passed     68.71%
  80  GCF_004214815.1    1.82%    passed     73.67%
  81  GCF_004299785.2    1.82%    passed     63.74%
  82  GCF_004323845.1    0.91%    passed     99.99%
  83  GCF_004803795.1    1.82%    passed     98.18%
  84  GCF_004803815.1    1.82%    passed     97.15%
  85  GCF_005217605.1    1.82%    passed     97.85%
  86  GCF_005406215.1    0.91%    passed     99.89%
  87  GCF_005406225.1    0.91%    passed     99.90%
  88  GCF_005771535.1    1.82%    passed     87.45%
  89  GCF_005843985.1    0.91%    passed     87.91%
  90  GCF_006459125.1   10.91%    passed     87.18%
  91  GCF_006864425.1    0.00%    passed     28.11%
  92  GCF_008245005.1    1.82%    passed     99.96%
  93  GCF_008245045.1    0.91%    passed     90.40%
  94  GCF_008693005.1    0.91%    passed     98.29%
  95  GCF_009068765.1    1.82%    passed     91.81%
  96  GCF_009192995.1    1.82%    passed     77.12%
  97  GCF_009258225.1    1.82%    passed     99.82%
  98  GCF_011769985.2    1.82%    passed     83.91%
  99  GCF_013177635.1    1.82%    passed     98.70%
 100  GCF_013177655.1    1.82%    passed     10.20%
 101  GCF_013201605.1    0.91%    passed     84.07%
 102  GCF_013201625.1    1.82%    passed     96.75%
 103  GCF_013201665.1    1.82%    passed     96.62%
 104  GCF_013201705.1    1.82%    passed     91.92%
 105  GCF_013201725.1    1.82%    passed     86.07%
 106  GCF_013201825.1    1.82%    passed     94.03%
 107  GCF_013201935.1    1.82%    passed     98.29%
 108  GCF_013283835.1    1.82%    passed     75.63%
 109  GCF_013372105.1    0.91%    passed     83.35%
 110  GCF_013372125.1    1.82%    passed     89.95%
 111  GCF_013372145.1    1.82%    passed     97.85%
 112  GCF_013372185.1    0.91%    passed     76.07%
 113  GCF_013372205.1    1.82%    passed     99.44%
 114  GCF_013372265.1    1.82%    passed     91.45%
 115  GCF_014253065.1    1.82%    passed     97.84%
 116  GCF_014466985.1    0.91%    passed     14.29%
 117  GCF_014905095.1    1.82%    passed     69.34%
 118  GCF_014905115.1    1.82%    passed     98.42%
 119  GCF_014905135.1    1.82%    passed     86.89%
 120  GCF_015100395.1    0.91%    passed     22.57%
 121  GCF_015265455.1    1.82%    passed     98.84%
 122  GCF_015265475.1    1.82%    passed     98.60%
 123  GCF_016106035.1    1.82%    passed     66.22%
 124  GCF_016593255.1    0.91%    passed     44.14%
 125  GCF_016806695.1    0.91%    passed    100.00%
 126  GCF_016937535.1    1.82%    passed     74.18%
 127  GCF_017357825.1    1.82%    passed     94.63%
 128  GCF_017979425.1    0.91%    passed     99.69%
 129  GCF_017979475.1    0.91%    passed     99.48%
 130  GCF_018145655.1    1.82%    passed     97.25%
 131  GCF_019711685.1    0.91%    passed     99.50%
 132  GCF_021300615.1    0.91%    passed     99.72%
 133  GCF_021300655.1    0.91%    passed     96.45%
 134  GCF_023646285.1    0.91%    passed     99.81%
 135  GCF_024267655.1    1.82%    passed     87.89%
 136  GCF_025770725.1    1.82%    passed     82.20%
 137  GCF_026000295.1    0.91%    passed     95.30%
 138  GCF_027859255.1    0.91%    passed     99.82%
 139  GCF_027943725.1    0.91%    passed     52.37%
 140  GCF_027946175.1    0.91%    passed     62.23%
 141  GCF_028649595.1    1.82%    passed     97.95%
 142  GCF_028751035.1    0.91%    passed     99.81%
 143  GCF_030249845.1    1.82%    passed    100.00%
 144  GCF_030296055.1    0.91%    passed     97.91%
 145  GCF_900115615.1    0.91%    passed     91.51%
 146  GCF_900187115.1    1.82%    passed     76.54%
 147  GCF_900461455.1    0.91%    passed     98.70%
 148  GCF_900475935.1    1.82%    passed     95.77%
 149  GCF_900476215.1    0.91%    passed     84.85%
 150  GCF_900478295.1    0.91%    passed     99.12%
 151  GCF_900637395.1    0.91%    passed     92.78%
 152  GCF_905120465.1    1.82%    passed     99.87%
 153  GCF_905120475.1    1.82%    passed     99.97%
****  TOTAL              1.42%  0 sequences failed composition chi2 test (p-value<5%; df=19)
Reading alignment file gene_order/flagellar_trees/trimmed/fliy.faa ... Fasta format detected
Reading fasta file: done in 0.000192534 secs using 96.61% CPU
Alignment most likely contains protein sequences
Alignment has 112 sequences with 194 columns, 172 distinct patterns
153 parsimony-informative, 5 singleton sites, 36 constant sites
                 Gap/Ambiguity  Composition  p-value
Analyzing sequences: done in 1.51787e-05 secs using 5053% CPU
   1  GCF_000012965.1    0.00%    passed     96.50%
   2  GCF_000021725.1    0.00%    passed     92.35%
   3  GCF_000024885.1    0.00%    passed     90.96%
   4  GCF_000147355.1    0.00%    passed     99.95%
   5  GCF_000155475.1    9.79%    passed     99.65%
   6  GCF_000162575.1    0.00%    passed     94.32%
   7  GCF_000183725.1    0.00%    passed     69.47%
   8  GCF_000196135.1    0.00%    passed     93.43%
   9  GCF_000200595.1    0.00%    passed     95.65%
  10  GCF_000242915.1    0.00%    passed     99.05%
  11  GCF_000254135.1    0.00%    passed     99.16%
  12  GCF_000259275.1    0.00%    passed     92.78%
  13  GCF_000265295.1    0.00%    passed     97.01%
  14  GCF_000445475.1    0.00%    passed     98.23%
  15  GCF_000507845.1    0.00%    passed     97.99%
  16  GCF_000518225.1    0.00%    passed     46.56%
  17  GCF_000568815.1    0.00%    passed     96.05%
  18  GCF_000597725.1    0.00%    passed     92.88%
  19  GCF_000686565.1    0.00%    passed     94.94%
  20  GCF_000687535.1    0.00%    passed     98.44%
  21  GCF_000736415.1    0.00%    passed     99.99%
  22  GCF_000762845.2    0.00%    passed     95.86%
  23  GCF_000762875.2    0.00%    passed     88.79%
  24  GCF_000763135.2    0.00%    passed     99.63%
  25  GCF_000765805.2    0.00%    passed     91.85%
  26  GCF_000765905.2    0.00%    passed     96.52%
  27  GCF_000813325.1    0.00%    passed     91.21%
  28  GCF_000816185.1    0.00%    passed     95.28%
  29  GCF_000816305.1    0.00%    passed     98.90%
  30  GCF_000816785.1    0.00%    passed     98.36%
  31  GCF_001282945.1    0.00%    passed     79.79%
  32  GCF_001283065.1    0.00%    passed     94.66%
  33  GCF_001298465.1    0.00%    passed     92.79%
  34  GCF_001457695.1    0.00%    passed     99.29%
  35  GCF_001602095.1    0.00%    passed     67.86%
  36  GCF_001687475.2    0.00%    passed     89.84%
  37  GCF_001693335.1    0.00%    passed     99.09%
  38  GCF_001723605.1    0.00%    passed     99.27%
  39  GCF_002021925.1    0.00%    passed     94.10%
  40  GCF_002080395.1    0.00%    passed     99.05%
  41  GCF_002104335.1    0.00%    passed     92.83%
  42  GCF_002139855.1    0.00%    passed     99.96%
  43  GCF_002139875.1    0.00%    passed     99.54%
  44  GCF_002139915.1    0.00%    passed     94.82%
  45  GCF_002139935.1    0.00%    passed     99.97%
  46  GCF_002238335.1    0.00%    passed     99.93%
  47  GCF_002335445.1    0.52%    passed     84.61%
  48  GCF_003245365.1    0.00%    passed     78.71%
  49  GCF_003364195.1    0.00%    passed     82.76%
  50  GCF_003364205.1    0.00%    passed     50.02%
  51  GCF_003364215.1    0.00%    passed     95.59%
  52  GCF_003364255.1    0.00%    passed     98.05%
  53  GCF_003364335.1    0.00%    passed     98.77%
  54  GCF_003660265.1    0.00%    passed     97.44%
  55  GCF_003660285.1    0.00%    passed     94.95%
  56  GCF_003660395.1    0.00%    passed     97.65%
  57  GCF_003670275.1    9.79%    passed     99.71%
  58  GCF_003752135.1    0.00%    passed     95.35%
  59  GCF_004323845.1    0.00%    passed     91.87%
  60  GCF_004803795.1    0.00%    passed     98.84%
  61  GCF_004803815.1    0.00%    passed     99.87%
  62  GCF_005217605.1    0.00%    passed     91.30%
  63  GCF_005406215.1    0.00%    passed     99.51%
  64  GCF_005406225.1    0.00%    passed     99.87%
  65  GCF_005843985.1    0.00%    passed     96.27%
  66  GCF_006864425.1    0.00%    passed     86.18%
  67  GCF_008245005.1    0.00%    passed     99.92%
  68  GCF_008245045.1    0.00%    passed     96.25%
  69  GCF_008693005.1    0.00%    passed     90.48%
  70  GCF_009068765.1    0.00%    passed     99.77%
  71  GCF_009192995.1    0.00%    passed     97.97%
  72  GCF_009258225.1    0.00%    passed     98.39%
  73  GCF_011769985.2    0.00%    passed     98.19%
  74  GCF_013177655.1    0.52%    passed     60.86%
  75  GCF_013201605.1    0.00%    passed     93.68%
  76  GCF_013372105.1    0.00%    passed     96.05%
  77  GCF_013372125.1    0.00%    passed     98.58%
  78  GCF_013372145.1    0.00%    passed     98.23%
  79  GCF_013372185.1    0.00%    passed     97.80%
  80  GCF_013372205.1    0.00%    passed     98.77%
  81  GCF_014253065.1    0.00%    passed     99.16%
  82  GCF_014905095.1    0.00%    passed     97.21%
  83  GCF_014905115.1    0.00%    passed     99.77%
  84  GCF_014905135.1    0.00%    passed     99.61%
  85  GCF_015265455.1    0.00%    passed     93.61%
  86  GCF_015265475.1    0.00%    passed     97.15%
  87  GCF_016593255.1    0.00%    passed     82.28%
  88  GCF_016806695.1    0.00%    passed     95.72%
  89  GCF_016937535.1    0.00%    passed     93.46%
  90  GCF_017357825.1    0.00%    passed     99.62%
  91  GCF_017979425.1    0.00%    passed     96.78%
  92  GCF_017979475.1    0.00%    passed     87.34%
  93  GCF_018145655.1    0.00%    passed     99.77%
  94  GCF_019711685.1    0.00%    passed     97.42%
  95  GCF_021300615.1    0.00%    passed     68.99%
  96  GCF_021300655.1    0.00%    passed     70.61%
  97  GCF_023646285.1    0.00%    passed     90.79%
  98  GCF_025770725.1    0.00%    passed     99.22%
  99  GCF_026000295.1    0.52%    passed     99.08%
 100  GCF_027859255.1    0.00%    passed     99.68%
 101  GCF_028649595.1    0.00%    passed     91.73%
 102  GCF_028751035.1    0.00%    passed     99.18%
 103  GCF_030249845.1    0.00%    passed     99.16%
 104  GCF_030296055.1    0.00%    passed     85.66%
 105  GCF_900115615.1    0.00%    passed     87.40%
 106  GCF_900461455.1    0.00%    passed     99.20%
 107  GCF_900475935.1    0.00%    passed     99.89%
 108  GCF_900476215.1    0.00%    passed     98.73%
 109  GCF_900478295.1    0.00%    passed     99.18%
 110  GCF_900637395.1    0.00%    passed     98.12%
 111  GCF_905120465.1    0.00%    passed     73.64%
 112  GCF_905120475.1    0.00%    passed     89.36%
****  TOTAL              0.19%  0 sequences failed composition chi2 test (p-value<5%; df=19)
Reading alignment file gene_order/flagellar_trees/trimmed/pflb.faa ... Fasta format detected
Reading fasta file: done in 0.000560692 secs using 2757% CPU
Alignment most likely contains protein sequences
Alignment has 114 sequences with 600 columns, 599 distinct patterns
586 parsimony-informative, 11 singleton sites, 3 constant sites
                 Gap/Ambiguity  Composition  p-value
Analyzing sequences: done in 1.53612e-05 secs using 4863% CPU
   1  GCF_000012965.1    1.17%    passed     72.74%
   2  GCF_000024885.1    1.17%    passed     67.84%
   3  GCF_000147355.1    1.17%    passed     52.76%
   4  GCF_000155475.1    1.17%    passed     67.03%
   5  GCF_000162575.1    1.00%    passed     11.69%
   6  GCF_000183725.1    1.17%    failed      2.53%
   7  GCF_000196135.1    1.00%    failed      0.06%
   8  GCF_000200595.1    2.00%    passed      9.56%
   9  GCF_000242915.1    1.17%    passed     89.19%
  10  GCF_000254135.1    1.17%    passed     74.60%
  11  GCF_000259275.1    2.17%    failed      2.83%
  12  GCF_000265295.1    1.17%    passed     95.66%
  13  GCF_000445475.1    1.17%    passed     89.27%
  14  GCF_000518225.1    2.17%    failed      2.12%
  15  GCF_000568815.1    1.33%    passed     16.84%
  16  GCF_000597725.1    1.17%    passed     20.09%
  17  GCF_000686565.1    1.33%    passed     17.93%
  18  GCF_000687535.1    1.00%    passed     73.32%
  19  GCF_000736415.1    1.17%    failed      2.14%
  20  GCF_000762845.2    1.17%    passed     83.75%
  21  GCF_000762875.2    1.33%    passed     40.60%
  22  GCF_000763135.2    1.00%    passed     59.60%
  23  GCF_000765805.2    2.83%    passed     64.10%
  24  GCF_000765905.2    1.33%    passed     11.10%
  25  GCF_000813325.1    1.17%    passed     32.01%
  26  GCF_000816185.1    1.17%    passed     86.66%
  27  GCF_000816305.1    1.17%    passed     93.08%
  28  GCF_000816785.1    1.17%    passed     71.07%
  29  GCF_001282945.1    2.00%    failed      0.05%
  30  GCF_001283065.1    2.00%    failed      1.63%
  31  GCF_001298465.1    1.17%    passed     80.04%
  32  GCF_001457695.1    1.17%    passed     66.81%
  33  GCF_001602095.1    1.00%    passed     85.45%
  34  GCF_001687475.2    1.17%    passed     52.96%
  35  GCF_001693335.1    1.50%    failed      0.70%
  36  GCF_001723605.1    1.33%    passed     20.21%
  37  GCF_002021925.1    1.33%    passed     76.45%
  38  GCF_002080395.1    1.33%    passed     96.10%
  39  GCF_002104335.1    1.17%    passed     96.62%
  40  GCF_002139855.1    1.17%    passed     49.25%
  41  GCF_002139875.1    1.17%    passed     46.64%
  42  GCF_002139915.1    1.17%    passed     95.36%
  43  GCF_002139935.1    1.17%    passed     60.92%
  44  GCF_002238335.1    1.33%    passed     90.81%
  45  GCF_003063295.1    8.67%    failed      0.56%
  46  GCF_003245365.1    1.00%    passed     59.64%
  47  GCF_003316695.1    9.17%    failed      0.04%
  48  GCF_003355515.1    9.33%    failed      0.16%
  49  GCF_003364195.1    1.33%    passed     38.66%
  50  GCF_003364205.1    2.17%    passed     38.23%
  51  GCF_003364215.1    2.17%    passed     27.50%
  52  GCF_003364255.1    1.17%    passed     37.74%
  53  GCF_003364335.1    1.17%    passed     69.44%
  54  GCF_003544835.1    9.00%    failed      0.02%
  55  GCF_003660105.1    9.17%    failed      0.03%
  56  GCF_003660265.1    2.00%    failed      2.52%
  57  GCF_003660285.1    2.17%    failed      3.09%
  58  GCF_003660395.1    2.17%    failed      3.19%
  59  GCF_003670275.1    1.17%    passed     16.49%
  60  GCF_004214815.1    9.33%    failed      0.00%
  61  GCF_004299785.2    9.33%    failed      0.03%
  62  GCF_004323845.1    1.17%    passed     15.95%
  63  GCF_004803795.1    1.17%    passed     50.15%
  64  GCF_004803815.1    1.17%    passed     45.19%
  65  GCF_005217605.1    1.17%    passed     62.69%
  66  GCF_005406215.1    1.17%    passed     47.34%
  67  GCF_005406225.1    1.17%    passed     28.71%
  68  GCF_006864425.1    1.33%    passed     97.79%
  69  GCF_008245005.1    1.17%    passed     40.85%
  70  GCF_008245045.1    1.17%    passed     93.77%
  71  GCF_008693005.1    1.00%    passed      5.04%
  72  GCF_009068765.1    1.17%    passed     35.65%
  73  GCF_009192995.1    1.17%    passed     46.71%
  74  GCF_009258225.1    1.17%    passed     57.28%
  75  GCF_011769985.2    1.17%    passed     39.60%
  76  GCF_013177655.1    1.33%    passed     13.18%
  77  GCF_013201605.1    1.17%    passed     97.43%
  78  GCF_013201625.1    9.17%    failed      0.00%
  79  GCF_013372105.1    1.17%    passed     79.04%
  80  GCF_013372125.1    1.17%    passed     94.47%
  81  GCF_013372145.1    1.17%    passed     74.15%
  82  GCF_013372205.1    1.00%    passed     79.04%
  83  GCF_014253065.1    1.17%    passed     52.32%
  84  GCF_014905095.1    1.50%    passed     63.14%
  85  GCF_014905115.1    1.17%    passed     27.20%
  86  GCF_014905135.1    1.17%    passed     30.56%
  87  GCF_015265455.1    1.17%    passed     67.00%
  88  GCF_015265475.1    1.33%    passed     77.35%
  89  GCF_016593255.1    1.17%    failed      0.25%
  90  GCF_016806695.1    1.17%    passed     92.00%
  91  GCF_016937535.1    1.17%    passed     43.88%
  92  GCF_017357825.1    1.17%    passed     55.90%
  93  GCF_017979425.1    2.17%    failed      2.14%
  94  GCF_017979475.1    1.00%    passed     26.85%
  95  GCF_018145655.1    1.17%    passed     21.70%
  96  GCF_019711685.1    1.00%    passed     69.58%
  97  GCF_021300615.1    1.17%    passed     78.29%
  98  GCF_021300655.1    2.17%    passed      9.82%
  99  GCF_023646285.1    1.00%    passed     19.68%
 100  GCF_025770725.1    1.17%    passed     32.02%
 101  GCF_027859255.1    1.00%    passed     75.50%
 102  GCF_028649595.1    1.17%    passed     62.77%
 103  GCF_028751035.1    1.00%    passed     55.01%
 104  GCF_030249845.1    1.17%    passed     94.91%
 105  GCF_030296055.1    1.17%    failed      0.02%
 106  GCF_900115615.1    1.17%    passed     54.35%
 107  GCF_900187115.1    8.67%    failed      0.49%
 108  GCF_900461455.1    1.33%    failed      0.28%
 109  GCF_900475935.1    1.17%    passed     15.22%
 110  GCF_900476215.1    2.50%    passed     82.35%
 111  GCF_900478295.1    2.17%    failed      0.08%
 112  GCF_900637395.1    1.33%    passed     94.52%
 113  GCF_905120465.1    1.33%    passed     44.76%
 114  GCF_905120475.1    1.00%    passed     95.27%
****  TOTAL              1.93%  25 sequences failed composition chi2 test (p-value<5%; df=19)
Subset	Type	Seqs	Sites	Infor	Invar	Model	Name
1	AA	108	781	525	191	Q.yeast+I{0.177926}+R6{0.294763,0.10624,0.201234,0.397491,0.140838,1.04095,0.0848536,2.08128,0.0507659,3.95451,0.0496199,7.35051}	chea.faa
2	AA	106	312	263	41	Q.yeast+I{0.0875074}+R5{0.275976,0.125588,0.175359,0.458213,0.202312,0.906096,0.174838,2.04223,0.0840071,4.10221}	chev.faa
3	AA	119	63	60	2	Q.yeast+G4{1.38681}	flag.faa
4	AA	119	177	177	0	Q.yeast+F+R6{0.0135089,0.0786183,0.111543,0.299879,0.138008,0.433162,0.187777,0.71371,0.373672,1.13426,0.175491,1.98215}	flga.faa
5	AA	153	109	99	8	Q.yeast+R5{0.172036,0.0386328,0.23004,0.354507,0.28943,0.816592,0.236446,1.6376,0.0720484,4.00085}	flgb.faa
6	AA	153	164	139	19	Q.yeast+R5{0.211298,0.0435043,0.262025,0.281415,0.296102,0.861624,0.185344,2.47323,0.0452314,4.50001}	flgc.faa
7	AA	137	154	150	4	LG+F+I{0.0239561}+G4{1.35713}	flgd.faa
8	AA	152	262	201	52	LG+F+R5{0.22511,0.0204228,0.239769,0.278362,0.227908,0.859712,0.259207,2.12262,0.0480054,3.8022}	flgg.faa
9	AA	151	173	158	9	Q.yeast+R5{0.153925,0.0659099,0.298357,0.356585,0.291332,1.03344,0.23304,2.05856,0.0233453,4.39765}	flgh.faa
10	AA	153	260	220	35	LG+F+I{0.0990843}+R4{0.239005,0.183539,0.378412,0.705243,0.179444,1.55309,0.104055,3.94571}	flgi.faa
11	AA	145	74	65	5	Q.yeast+R4{0.147488,0.0383625,0.294036,0.502539,0.454531,1.26685,0.103945,2.60479}	flgj.faa
12	AA	148	490	466	15	LG+F+I{0.0202142}+R6{0.0438832,0.0874874,0.208875,0.328719,0.268612,0.697001,0.301473,1.26593,0.117334,2.03999,0.0396079,3.0113}	flgk.faa
13	AA	147	299	287	10	Q.yeast+F+I{0.0144241}+R5{0.0516805,0.126174,0.155306,0.35513,0.412083,0.766412,0.266291,1.37775,0.100215,2.55067}	flgl.faa
14	AA	104	429	321	87	Q.yeast+R6{0.258658,0.0143774,0.225085,0.213108,0.202947,0.688517,0.151342,1.51182,0.115728,2.90089,0.0462411,5.27813}	flgr.faa
15	AA	103	270	218	42	Q.yeast+I{0.135588}+R5{0.279225,0.199577,0.226089,0.641695,0.222313,1.44796,0.117287,3.03387,0.0194982,6.22925}	flgs.faa
16	AA	151	554	439	97	Q.yeast+I{0.128121}+R5{0.171221,0.123041,0.25208,0.490327,0.270138,1.16015,0.125394,2.39741,0.0530458,4.54909}	flha.faa
17	AA	152	302	268	26	Q.yeast+R6{0.13163,0.0218502,0.229632,0.258324,0.231247,0.702788,0.222545,1.30285,0.132227,2.29979,0.0527187,3.43804}	flhb.faa
18	AA	147	311	275	31	Q.yeast+I{0.0792562}+G4{1.23267}	flhf.faa
19	AA	116	223	201	17	Q.yeast+R6{0.106866,0.0257166,0.238156,0.216271,0.206815,0.533693,0.178123,1.0214,0.233156,2.09438,0.0368844,4.47667}	flia.faa
20	AA	148	590	568	17	Q.pfam+F+I{0.0140212}+R6{0.0456226,0.127739,0.118516,0.325551,0.212104,0.582435,0.223979,0.911646,0.246444,1.36852,0.139313,2.08595}	flid.faa
21	AA	152	67	57	7	Q.yeast+R5{0.274567,0.0672002,0.278865,0.449657,0.239428,1.05053,0.147426,2.06972,0.0597142,5.01557}	flie.faa
22	AA	153	501	469	25	Q.yeast+F+I{0.0146988}+R6{0.0740532,0.0658732,0.281132,0.333938,0.240632,0.776281,0.250727,1.40819,0.10621,2.242,0.0325469,3.78678}	flif.faa
23	AA	152	341	314	24	Q.insect+F+R5{0.1327,0.0592899,0.325305,0.327032,0.258417,0.859132,0.193606,1.87282,0.0899727,3.34707}	flig.faa
24	AA	147	150	146	4	Q.insect+F+R5{0.0924816,0.0942063,0.228485,0.336336,0.343708,0.777323,0.223281,1.57716,0.112044,2.63396}	flih.faa
25	AA	150	428	335	80	Q.yeast+I{0.133799}+R6{0.294103,0.101011,0.253935,0.49669,0.138283,1.33095,0.0837223,2.46977,0.0776793,4.24947,0.0184786,6.6697}	flii.faa
26	AA	105	126	112	8	Q.yeast+I{0.0548023}+G4{1.88605}	flil.faa
27	AA	152	303	275	24	Q.insect+I{0.0371248}+R4{0.488368,0.293478,0.309599,1.1032,0.115601,2.40545,0.0493076,4.80766}	flim.faa
28	AA	145	87	73	11	Q.insect+G4{0.709243}	flin.faa
29	AA	151	243	195	41	Q.yeast+I{0.108443}+R7{0.212693,0.0755185,0.173169,0.281673,0.223823,0.636697,0.119695,1.3221,0.0836675,2.20845,0.0253367,4.07338,0.0531726,6.51507}	flip.faa
30	AA	152	86	73	12	Q.yeast+I{0.117978}+G4{1.21997}	fliq.faa
31	AA	153	194	188	5	mtZOA+R5{0.105042,0.116366,0.263075,0.360023,0.407939,0.941172,0.182544,1.80325,0.0414003,4.3466}	flir.faa
32	AA	153	110	101	7	Q.yeast+I{0.0402196}+G4{1.32752}	flis.faa
33	AA	112	194	153	36	Q.yeast+I{0.17414}+G4{1.08827}	fliy.faa
34	AA	114	600	586	3	Q.yeast+F+I{0.00411923}+R6{0.126769,0.134351,0.186539,0.363562,0.293047,0.704944,0.201452,1.33236,0.149442,2.03063,0.0386308,3.53858}	pflb.faa
Degree of missing data: 0.108
Info: multi-threading strategy over partitions

WARNING: States(s) W rarely appear in partition chea.faa and may cause numerical problems
WARNING: States(s) W rarely appear in partition flag.faa and may cause numerical problems
WARNING: States(s) C rarely appear in partition flgb.faa and may cause numerical problems
WARNING: States(s) C, W rarely appear in partition flgc.faa and may cause numerical problems
WARNING: States(s) C rarely appear in partition flgd.faa and may cause numerical problems
WARNING: States(s) C rarely appear in partition flgg.faa and may cause numerical problems
WARNING: States(s) C rarely appear in partition flgl.faa and may cause numerical problems
WARNING: States(s) C rarely appear in partition flid.faa and may cause numerical problems
NOTE: State(s) C, W not present in partition flie.faa and thus removed from Markov process to prevent numerical problems
WARNING: States(s) P rarely appear in partition flie.faa and may cause numerical problems
WARNING: States(s) C rarely appear in partition flif.faa and may cause numerical problems
WARNING: States(s) W rarely appear in partition flig.faa and may cause numerical problems
WARNING: States(s) W rarely appear in partition flih.faa and may cause numerical problems
WARNING: States(s) W rarely appear in partition flin.faa and may cause numerical problems
WARNING: States(s) C rarely appear in partition fliq.faa and may cause numerical problems
NOTE: 2 states (see above) are not present and thus removed from Markov process to prevent numerical problems
Reading input tree file gene_order/flagellar_trees/gtdb_ref_pruned.nwk ... rooted tree
WARNING: Normalizing state frequencies so that sum of them equals to 1
WARNING: Normalizing category proportions so that sum of them equals to 1
WARNING: Normalizing state frequencies so that sum of them equals to 1
WARNING: Normalizing category proportions so that sum of them equals to 1
WARNING: Normalizing state frequencies so that sum of them equals to 1
WARNING: Normalizing state frequencies so that sum of them equals to 1
WARNING: Normalizing state frequencies so that sum of them equals to 1
WARNING: Normalizing state frequencies so that sum of them equals to 1
WARNING: Normalizing state frequencies so that sum of them equals to 1
WARNING: Normalizing category proportions so that sum of them equals to 1
WARNING: Normalizing state frequencies so that sum of them equals to 1
WARNING: Normalizing category proportions so that sum of them equals to 1
WARNING: Normalizing state frequencies so that sum of them equals to 1
WARNING: Normalizing category proportions so that sum of them equals to 1
WARNING: Normalizing state frequencies so that sum of them equals to 1
WARNING: Normalizing state frequencies so that sum of them equals to 1
WARNING: Normalizing category proportions so that sum of them equals to 1
WARNING: Normalizing state frequencies so that sum of them equals to 1
WARNING: Normalizing category proportions so that sum of them equals to 1
WARNING: Normalizing state frequencies so that sum of them equals to 1
WARNING: Normalizing state frequencies so that sum of them equals to 1
WARNING: Normalizing state frequencies so that sum of them equals to 1
WARNING: Normalizing state frequencies so that sum of them equals to 1
WARNING: Normalizing category proportions so that sum of them equals to 1
WARNING: Normalizing state frequencies so that sum of them equals to 1
WARNING: Normalizing state frequencies so that sum of them equals to 1
WARNING: Normalizing category proportions so that sum of them equals to 1
WARNING: Normalizing state frequencies so that sum of them equals to 1
WARNING: Normalizing category proportions so that sum of them equals to 1
WARNING: Normalizing state frequencies so that sum of them equals to 1
WARNING: Normalizing category proportions so that sum of them equals to 1
WARNING: Normalizing state frequencies so that sum of them equals to 1
WARNING: Normalizing category proportions so that sum of them equals to 1
WARNING: Normalizing state frequencies so that sum of them equals to 1
WARNING: Normalizing state frequencies so that sum of them equals to 1
WARNING: Normalizing state frequencies so that sum of them equals to 1
WARNING: Normalizing state frequencies so that sum of them equals to 1
WARNING: Normalizing category proportions so that sum of them equals to 1

NOTE: 1066 MB RAM (1 GB) is required!
Estimate model parameters (epsilon = 0.010)
Initial log-likelihood: -818801.541
Current log-likelihood at step 1: -776938.873
Current log-likelihood at step 2: -776866.406
Current log-likelihood at step 3: -776866.367
Current log-likelihood at step 4: -776866.367
Partition-specific rates:  0.856 0.897 1.317 2.955 0.811 0.598 1.410 0.439 0.827 0.621 0.892 1.296 1.354 1.145 1.110 0.438 0.845 0.616 0.974 1.995 0.540 0.879 0.443 1.292 0.665 0.831 0.354 0.620 0.689 0.558 0.860 0.779 0.954 1.740
Parameters optimization took 3 rounds (6.214 sec)

Wrote distance file to... 
Partition information was printed to gene_order/flagellar_trees/concordance/gtdb_scfl.best_model.nex
BEST SCORE FOUND : -776866.367
Total tree length: 31.443

Total number of iterations: 0
CPU time used for tree search: 0.000 sec (0h:0m:0s)
Wall-clock time used for tree search: 0.000 sec (0h:0m:0s)
Total CPU time used: 86.696 sec (0h:1m:26s)
Total wall-clock time used: 6.329 sec (0h:0m:6s)
Computing site concordance factor using likelihood...
9.456 sec
Tree with site concordance factors written to gene_order/flagellar_trees/concordance/gtdb_scfl.cf.tree
Annotated tree (best viewed in FigTree) written to gene_order/flagellar_trees/concordance/gtdb_scfl.cf.tree.nex
Tree with branch IDs written to gene_order/flagellar_trees/concordance/gtdb_scfl.cf.branch
Concordance factors per branch printed to gene_order/flagellar_trees/concordance/gtdb_scfl.cf.stat

Analysis results written to: 
  IQ-TREE report:                gene_order/flagellar_trees/concordance/gtdb_scfl.iqtree
  Maximum-likelihood tree:       gene_order/flagellar_trees/concordance/gtdb_scfl.treefile
  Screen log file:               gene_order/flagellar_trees/concordance/gtdb_scfl.log

Date and Time: Sat Sep 26 17:49:48 2026
